// Validating benchmarks:
// ***** BenchmarkRunner: Start   *****
// ***** Found 50 benchmark(s) in total *****
// ***** Building 1 exe(s) in Parallel: Start   *****
// start dotnet  restore /p:UseSharedCompilation=false /p:BuildInParallel=false /m:1 /p:Deterministic=true /p:Optimize=true /p:ArtifactsPath="/home/ryang/nexus-app/benchmarks/NexusMods.Benchmarks/bin/Release/net9.0/NexusMods.Benchmarks-DefaultJob-2/" /p:OutDir="/home/ryang/nexus-app/benchmarks/NexusMods.Benchmarks/bin/Release/net9.0/NexusMods.Benchmarks-DefaultJob-2/bin/Release/net9.0/" /p:OutputPath="/home/ryang/nexus-app/benchmarks/NexusMods.Benchmarks/bin/Release/net9.0/NexusMods.Benchmarks-DefaultJob-2/bin/Release/net9.0/" /p:PublishDir="/home/ryang/nexus-app/benchmarks/NexusMods.Benchmarks/bin/Release/net9.0/NexusMods.Benchmarks-DefaultJob-2/publish/" in /home/ryang/nexus-app/benchmarks/NexusMods.Benchmarks/bin/Release/net9.0/NexusMods.Benchmarks-DefaultJob-2
// command took 1.15 sec and exited with 0
// start dotnet  build -c Release --no-restore /p:UseSharedCompilation=false /p:BuildInParallel=false /m:1 /p:Deterministic=true /p:Optimize=true /p:ArtifactsPath="/home/ryang/nexus-app/benchmarks/NexusMods.Benchmarks/bin/Release/net9.0/NexusMods.Benchmarks-DefaultJob-2/" /p:OutDir="/home/ryang/nexus-app/benchmarks/NexusMods.Benchmarks/bin/Release/net9.0/NexusMods.Benchmarks-DefaultJob-2/bin/Release/net9.0/" /p:OutputPath="/home/ryang/nexus-app/benchmarks/NexusMods.Benchmarks/bin/Release/net9.0/NexusMods.Benchmarks-DefaultJob-2/bin/Release/net9.0/" /p:PublishDir="/home/ryang/nexus-app/benchmarks/NexusMods.Benchmarks/bin/Release/net9.0/NexusMods.Benchmarks-DefaultJob-2/publish/" --output "/home/ryang/nexus-app/benchmarks/NexusMods.Benchmarks/bin/Release/net9.0/NexusMods.Benchmarks-DefaultJob-2/bin/Release/net9.0/" in /home/ryang/nexus-app/benchmarks/NexusMods.Benchmarks/bin/Release/net9.0/NexusMods.Benchmarks-DefaultJob-2
// command took 87.37 sec and exited with 0
// ***** Done, took 00:01:28 (88.58 sec)   *****
// Found 50 benchmarks:
//   Sorting.Sort_Original: DefaultJob [NumItems=100, GraphType=Complex]
//   Sorting.Sort_Kahn: DefaultJob [NumItems=100, GraphType=Complex]
//   Sorting.Sort_Original: DefaultJob [NumItems=100, GraphType=Random]
//   Sorting.Sort_Kahn: DefaultJob [NumItems=100, GraphType=Random]
//   Sorting.Sort_Original: DefaultJob [NumItems=100, GraphType=Chain]
//   Sorting.Sort_Kahn: DefaultJob [NumItems=100, GraphType=Chain]
//   Sorting.Sort_Original: DefaultJob [NumItems=100, GraphType=Star]
//   Sorting.Sort_Kahn: DefaultJob [NumItems=100, GraphType=Star]
//   Sorting.Sort_Original: DefaultJob [NumItems=100, GraphType=Independent]
//   Sorting.Sort_Kahn: DefaultJob [NumItems=100, GraphType=Independent]
//   Sorting.Sort_Original: DefaultJob [NumItems=1000, GraphType=Complex]
//   Sorting.Sort_Kahn: DefaultJob [NumItems=1000, GraphType=Complex]
//   Sorting.Sort_Original: DefaultJob [NumItems=1000, GraphType=Random]
//   Sorting.Sort_Kahn: DefaultJob [NumItems=1000, GraphType=Random]
//   Sorting.Sort_Original: DefaultJob [NumItems=1000, GraphType=Chain]
//   Sorting.Sort_Kahn: DefaultJob [NumItems=1000, GraphType=Chain]
//   Sorting.Sort_Original: DefaultJob [NumItems=1000, GraphType=Star]
//   Sorting.Sort_Kahn: DefaultJob [NumItems=1000, GraphType=Star]
//   Sorting.Sort_Original: DefaultJob [NumItems=1000, GraphType=Independent]
//   Sorting.Sort_Kahn: DefaultJob [NumItems=1000, GraphType=Independent]
//   Sorting.Sort_Original: DefaultJob [NumItems=2000, GraphType=Complex]
//   Sorting.Sort_Kahn: DefaultJob [NumItems=2000, GraphType=Complex]
//   Sorting.Sort_Original: DefaultJob [NumItems=2000, GraphType=Random]
//   Sorting.Sort_Kahn: DefaultJob [NumItems=2000, GraphType=Random]
//   Sorting.Sort_Original: DefaultJob [NumItems=2000, GraphType=Chain]
//   Sorting.Sort_Kahn: DefaultJob [NumItems=2000, GraphType=Chain]
//   Sorting.Sort_Original: DefaultJob [NumItems=2000, GraphType=Star]
//   Sorting.Sort_Kahn: DefaultJob [NumItems=2000, GraphType=Star]
//   Sorting.Sort_Original: DefaultJob [NumItems=2000, GraphType=Independent]
//   Sorting.Sort_Kahn: DefaultJob [NumItems=2000, GraphType=Independent]
//   Sorting.Sort_Original: DefaultJob [NumItems=5000, GraphType=Complex]
//   Sorting.Sort_Kahn: DefaultJob [NumItems=5000, GraphType=Complex]
//   Sorting.Sort_Original: DefaultJob [NumItems=5000, GraphType=Random]
//   Sorting.Sort_Kahn: DefaultJob [NumItems=5000, GraphType=Random]
//   Sorting.Sort_Original: DefaultJob [NumItems=5000, GraphType=Chain]
//   Sorting.Sort_Kahn: DefaultJob [NumItems=5000, GraphType=Chain]
//   Sorting.Sort_Original: DefaultJob [NumItems=5000, GraphType=Star]
//   Sorting.Sort_Kahn: DefaultJob [NumItems=5000, GraphType=Star]
//   Sorting.Sort_Original: DefaultJob [NumItems=5000, GraphType=Independent]
//   Sorting.Sort_Kahn: DefaultJob [NumItems=5000, GraphType=Independent]
//   Sorting.Sort_Original: DefaultJob [NumItems=10000, GraphType=Complex]
//   Sorting.Sort_Kahn: DefaultJob [NumItems=10000, GraphType=Complex]
//   Sorting.Sort_Original: DefaultJob [NumItems=10000, GraphType=Random]
//   Sorting.Sort_Kahn: DefaultJob [NumItems=10000, GraphType=Random]
//   Sorting.Sort_Original: DefaultJob [NumItems=10000, GraphType=Chain]
//   Sorting.Sort_Kahn: DefaultJob [NumItems=10000, GraphType=Chain]
//   Sorting.Sort_Original: DefaultJob [NumItems=10000, GraphType=Star]
//   Sorting.Sort_Kahn: DefaultJob [NumItems=10000, GraphType=Star]
//   Sorting.Sort_Original: DefaultJob [NumItems=10000, GraphType=Independent]
//   Sorting.Sort_Kahn: DefaultJob [NumItems=10000, GraphType=Independent]

// **************************
// Benchmark: Sorting.Sort_Original: DefaultJob [NumItems=100, GraphType=Complex]
// *** Execute ***
// Launch: 1 / 1
// Execute: dotnet NexusMods.Benchmarks-DefaultJob-2.dll --anonymousPipes 120 121 --benchmarkName "NexusMods.Benchmarks.Benchmarks.Sorting.Sort_Original(NumItems: 100, GraphType: Complex)" --job Default --benchmarkId 0 in /home/ryang/nexus-app/benchmarks/NexusMods.Benchmarks/bin/Release/net9.0/NexusMods.Benchmarks-DefaultJob-2/bin/Release/net9.0
// Failed to set up high priority (Permission denied). In order to run benchmarks with high priority, make sure you have the right permissions.
// BeforeAnythingElse

// Benchmark Process Environment Information:
// BenchmarkDotNet v0.15.2
// Runtime=.NET 9.0.11 (9.0.1125.51716), X64 RyuJIT AVX-512F+CD+BW+DQ+VL+VBMI
// GC=Concurrent Workstation
// HardwareIntrinsics=AVX-512F+CD+BW+DQ+VL+VBMI,AES,BMI1,BMI2,FMA,LZCNT,PCLMUL,POPCNT,AvxVnni VectorSize=256
// Job: DefaultJob

OverheadJitting  1: 1 op, 152292.00 ns, 152.2920 us/op
WorkloadJitting  1: 1 op, 10252526.00 ns, 10.2525 ms/op

OverheadJitting  2: 16 op, 343959.00 ns, 21.4974 us/op
WorkloadJitting  2: 16 op, 10632633.00 ns, 664.5396 us/op

WorkloadPilot    1: 16 op, 6351809.00 ns, 396.9881 us/op
WorkloadPilot    2: 32 op, 13127870.00 ns, 410.2459 us/op
WorkloadPilot    3: 64 op, 24080316.00 ns, 376.2549 us/op
WorkloadPilot    4: 128 op, 50268497.00 ns, 392.7226 us/op
WorkloadPilot    5: 256 op, 92007626.00 ns, 359.4048 us/op
WorkloadPilot    6: 512 op, 234488614.00 ns, 457.9856 us/op
WorkloadPilot    7: 1024 op, 201463685.00 ns, 196.7419 us/op
WorkloadPilot    8: 2048 op, 361154907.00 ns, 176.3452 us/op
WorkloadPilot    9: 4096 op, 679421618.00 ns, 165.8744 us/op

OverheadWarmup   1: 4096 op, 9588.00 ns, 2.3408 ns/op
OverheadWarmup   2: 4096 op, 8316.00 ns, 2.0303 ns/op
OverheadWarmup   3: 4096 op, 8206.00 ns, 2.0034 ns/op
OverheadWarmup   4: 4096 op, 9207.00 ns, 2.2478 ns/op
OverheadWarmup   5: 4096 op, 9147.00 ns, 2.2332 ns/op
OverheadWarmup   6: 4096 op, 8096.00 ns, 1.9766 ns/op
OverheadWarmup   7: 4096 op, 8376.00 ns, 2.0449 ns/op
OverheadWarmup   8: 4096 op, 8096.00 ns, 1.9766 ns/op

OverheadActual   1: 4096 op, 8507.00 ns, 2.0769 ns/op
OverheadActual   2: 4096 op, 8346.00 ns, 2.0376 ns/op
OverheadActual   3: 4096 op, 9158.00 ns, 2.2358 ns/op
OverheadActual   4: 4096 op, 8928.00 ns, 2.1797 ns/op
OverheadActual   5: 4096 op, 8336.00 ns, 2.0352 ns/op
OverheadActual   6: 4096 op, 8346.00 ns, 2.0376 ns/op
OverheadActual   7: 4096 op, 8075.00 ns, 1.9714 ns/op
OverheadActual   8: 4096 op, 8095.00 ns, 1.9763 ns/op
OverheadActual   9: 4096 op, 8837.00 ns, 2.1575 ns/op
OverheadActual  10: 4096 op, 8166.00 ns, 1.9937 ns/op
OverheadActual  11: 4096 op, 31811.00 ns, 7.7664 ns/op
OverheadActual  12: 4096 op, 8106.00 ns, 1.9790 ns/op
OverheadActual  13: 4096 op, 8146.00 ns, 1.9888 ns/op
OverheadActual  14: 4096 op, 8135.00 ns, 1.9861 ns/op
OverheadActual  15: 4096 op, 8076.00 ns, 1.9717 ns/op

OverheadWarmup   1: 4096 op, 8417.00 ns, 2.0549 ns/op
OverheadWarmup   2: 4096 op, 8116.00 ns, 1.9814 ns/op
OverheadWarmup   3: 4096 op, 8135.00 ns, 1.9861 ns/op
OverheadWarmup   4: 4096 op, 8216.00 ns, 2.0059 ns/op
OverheadWarmup   5: 4096 op, 8036.00 ns, 1.9619 ns/op
OverheadWarmup   6: 4096 op, 11733.00 ns, 2.8645 ns/op
OverheadWarmup   7: 4096 op, 8046.00 ns, 1.9644 ns/op

// BeforeActualRun
WorkloadActual   1: 4096 op, 681753754.00 ns, 166.4438 us/op
WorkloadActual   2: 4096 op, 678899354.00 ns, 165.7469 us/op
WorkloadActual   3: 4096 op, 680017407.00 ns, 166.0199 us/op
WorkloadActual   4: 4096 op, 677602936.00 ns, 165.4304 us/op
WorkloadActual   5: 4096 op, 682415792.00 ns, 166.6054 us/op
WorkloadActual   6: 4096 op, 678502304.00 ns, 165.6500 us/op
WorkloadActual   7: 4096 op, 684876097.00 ns, 167.2061 us/op
WorkloadActual   8: 4096 op, 685035575.00 ns, 167.2450 us/op
WorkloadActual   9: 4096 op, 678860867.00 ns, 165.7375 us/op
WorkloadActual  10: 4096 op, 684744733.00 ns, 167.1740 us/op
WorkloadActual  11: 4096 op, 676501275.00 ns, 165.1614 us/op
WorkloadActual  12: 4096 op, 682531000.00 ns, 166.6335 us/op
WorkloadActual  13: 4096 op, 684439777.00 ns, 167.0996 us/op
WorkloadActual  14: 4096 op, 678668882.00 ns, 165.6906 us/op
WorkloadActual  15: 4096 op, 675252645.00 ns, 164.8566 us/op

// AfterActualRun
WorkloadResult   1: 4096 op, 681745418.00 ns, 166.4418 us/op
WorkloadResult   2: 4096 op, 678891018.00 ns, 165.7449 us/op
WorkloadResult   3: 4096 op, 680009071.00 ns, 166.0178 us/op
WorkloadResult   4: 4096 op, 677594600.00 ns, 165.4284 us/op
WorkloadResult   5: 4096 op, 682407456.00 ns, 166.6034 us/op
WorkloadResult   6: 4096 op, 678493968.00 ns, 165.6479 us/op
WorkloadResult   7: 4096 op, 684867761.00 ns, 167.2040 us/op
WorkloadResult   8: 4096 op, 685027239.00 ns, 167.2430 us/op
WorkloadResult   9: 4096 op, 678852531.00 ns, 165.7355 us/op
WorkloadResult  10: 4096 op, 684736397.00 ns, 167.1720 us/op
WorkloadResult  11: 4096 op, 676492939.00 ns, 165.1594 us/op
WorkloadResult  12: 4096 op, 682522664.00 ns, 166.6315 us/op
WorkloadResult  13: 4096 op, 684431441.00 ns, 167.0975 us/op
WorkloadResult  14: 4096 op, 678660546.00 ns, 165.6886 us/op
WorkloadResult  15: 4096 op, 675244309.00 ns, 164.8546 us/op
// GC:  13 1 0 642257328 4096
// Threading:  57590 278 4096

// AfterAll
// Benchmark Process 1123374 has exited with code 0.

Mean = 166.178 μs, StdErr = 0.204 μs (0.12%), N = 15, StdDev = 0.791 μs
Min = 164.855 μs, Q1 = 165.668 μs, Median = 166.018 μs, Q3 = 166.865 μs, Max = 167.243 μs
IQR = 1.196 μs, LowerFence = 163.874 μs, UpperFence = 168.659 μs
ConfidenceInterval = [165.333 μs; 167.024 μs] (CI 99.9%), Margin = 0.846 μs (0.51% of Mean)
Skewness = 0, Kurtosis = 1.51, MValue = 2

// ** Remained 49 (98.0%) benchmark(s) to run. Estimated finish 2026-01-01 4:13 (0h 10m from now) **
// **************************
// Benchmark: Sorting.Sort_Kahn: DefaultJob [NumItems=100, GraphType=Complex]
// *** Execute ***
// Launch: 1 / 1
// Execute: dotnet NexusMods.Benchmarks-DefaultJob-2.dll --anonymousPipes 122 144 --benchmarkName "NexusMods.Benchmarks.Benchmarks.Sorting.Sort_Kahn(NumItems: 100, GraphType: Complex)" --job Default --benchmarkId 1 in /home/ryang/nexus-app/benchmarks/NexusMods.Benchmarks/bin/Release/net9.0/NexusMods.Benchmarks-DefaultJob-2/bin/Release/net9.0
// Failed to set up high priority (Permission denied). In order to run benchmarks with high priority, make sure you have the right permissions.
// BeforeAnythingElse

// Benchmark Process Environment Information:
// BenchmarkDotNet v0.15.2
// Runtime=.NET 9.0.11 (9.0.1125.51716), X64 RyuJIT AVX-512F+CD+BW+DQ+VL+VBMI
// GC=Concurrent Workstation
// HardwareIntrinsics=AVX-512F+CD+BW+DQ+VL+VBMI,AES,BMI1,BMI2,FMA,LZCNT,PCLMUL,POPCNT,AvxVnni VectorSize=256
// Job: DefaultJob

OverheadJitting  1: 1 op, 181207.00 ns, 181.2070 us/op
WorkloadJitting  1: 1 op, 1500242.00 ns, 1.5002 ms/op

OverheadJitting  2: 16 op, 363326.00 ns, 22.7079 us/op
WorkloadJitting  2: 16 op, 1791178.00 ns, 111.9486 us/op

WorkloadPilot    1: 16 op, 291238.00 ns, 18.2024 us/op
WorkloadPilot    2: 32 op, 609156.00 ns, 19.0361 us/op
WorkloadPilot    3: 64 op, 1641142.00 ns, 25.6428 us/op
WorkloadPilot    4: 128 op, 2864554.00 ns, 22.3793 us/op
WorkloadPilot    5: 256 op, 5906627.00 ns, 23.0728 us/op
WorkloadPilot    6: 512 op, 10573371.00 ns, 20.6511 us/op
WorkloadPilot    7: 1024 op, 19570845.00 ns, 19.1122 us/op
WorkloadPilot    8: 2048 op, 38823271.00 ns, 18.9567 us/op
WorkloadPilot    9: 4096 op, 70099454.00 ns, 17.1141 us/op
WorkloadPilot   10: 8192 op, 57180853.00 ns, 6.9801 us/op
WorkloadPilot   11: 16384 op, 113718475.00 ns, 6.9408 us/op
WorkloadPilot   12: 32768 op, 225690357.00 ns, 6.8875 us/op
WorkloadPilot   13: 65536 op, 447757039.00 ns, 6.8322 us/op
WorkloadPilot   14: 131072 op, 904844572.00 ns, 6.9034 us/op

OverheadWarmup   1: 131072 op, 271410.00 ns, 2.0707 ns/op
OverheadWarmup   2: 131072 op, 262422.00 ns, 2.0021 ns/op
OverheadWarmup   3: 131072 op, 258766.00 ns, 1.9742 ns/op
OverheadWarmup   4: 131072 op, 273824.00 ns, 2.0891 ns/op
OverheadWarmup   5: 131072 op, 259266.00 ns, 1.9780 ns/op
OverheadWarmup   6: 131072 op, 258826.00 ns, 1.9747 ns/op
OverheadWarmup   7: 131072 op, 258835.00 ns, 1.9748 ns/op
OverheadWarmup   8: 131072 op, 258865.00 ns, 1.9750 ns/op
OverheadWarmup   9: 131072 op, 291589.00 ns, 2.2246 ns/op
OverheadWarmup  10: 131072 op, 304453.00 ns, 2.3228 ns/op

OverheadActual   1: 131072 op, 281068.00 ns, 2.1444 ns/op
OverheadActual   2: 131072 op, 276689.00 ns, 2.1110 ns/op
OverheadActual   3: 131072 op, 254918.00 ns, 1.9449 ns/op
OverheadActual   4: 131072 op, 255920.00 ns, 1.9525 ns/op
OverheadActual   5: 131072 op, 324461.00 ns, 2.4754 ns/op
OverheadActual   6: 131072 op, 259407.00 ns, 1.9791 ns/op
OverheadActual   7: 131072 op, 261460.00 ns, 1.9948 ns/op
OverheadActual   8: 131072 op, 258054.00 ns, 1.9688 ns/op
OverheadActual   9: 131072 op, 263484.00 ns, 2.0102 ns/op
OverheadActual  10: 131072 op, 264787.00 ns, 2.0202 ns/op
OverheadActual  11: 131072 op, 255940.00 ns, 1.9527 ns/op
OverheadActual  12: 131072 op, 261440.00 ns, 1.9946 ns/op
OverheadActual  13: 131072 op, 262162.00 ns, 2.0001 ns/op
OverheadActual  14: 131072 op, 285046.00 ns, 2.1747 ns/op
OverheadActual  15: 131072 op, 257753.00 ns, 1.9665 ns/op

OverheadWarmup   1: 131072 op, 264908.00 ns, 2.0211 ns/op
OverheadWarmup   2: 131072 op, 255760.00 ns, 1.9513 ns/op
OverheadWarmup   3: 131072 op, 257483.00 ns, 1.9644 ns/op
OverheadWarmup   4: 131072 op, 255820.00 ns, 1.9518 ns/op
OverheadWarmup   5: 131072 op, 272963.00 ns, 2.0825 ns/op
OverheadWarmup   6: 131072 op, 256191.00 ns, 1.9546 ns/op

// BeforeActualRun
WorkloadActual   1: 131072 op, 906529441.00 ns, 6.9163 us/op
WorkloadActual   2: 131072 op, 909965113.00 ns, 6.9425 us/op
WorkloadActual   3: 131072 op, 909930961.00 ns, 6.9422 us/op
WorkloadActual   4: 131072 op, 912694226.00 ns, 6.9633 us/op
WorkloadActual   5: 131072 op, 915564205.00 ns, 6.9852 us/op
WorkloadActual   6: 131072 op, 911500600.00 ns, 6.9542 us/op
WorkloadActual   7: 131072 op, 906956095.00 ns, 6.9195 us/op
WorkloadActual   8: 131072 op, 907815945.00 ns, 6.9261 us/op
WorkloadActual   9: 131072 op, 905501878.00 ns, 6.9084 us/op
WorkloadActual  10: 131072 op, 914270610.00 ns, 6.9753 us/op
WorkloadActual  11: 131072 op, 915585502.00 ns, 6.9854 us/op
WorkloadActual  12: 131072 op, 917493168.00 ns, 6.9999 us/op
WorkloadActual  13: 131072 op, 915285055.00 ns, 6.9831 us/op
WorkloadActual  14: 131072 op, 910733296.00 ns, 6.9483 us/op
WorkloadActual  15: 131072 op, 912404269.00 ns, 6.9611 us/op

// AfterActualRun
WorkloadResult   1: 131072 op, 906267981.00 ns, 6.9143 us/op
WorkloadResult   2: 131072 op, 909703653.00 ns, 6.9405 us/op
WorkloadResult   3: 131072 op, 909669501.00 ns, 6.9402 us/op
WorkloadResult   4: 131072 op, 912432766.00 ns, 6.9613 us/op
WorkloadResult   5: 131072 op, 915302745.00 ns, 6.9832 us/op
WorkloadResult   6: 131072 op, 911239140.00 ns, 6.9522 us/op
WorkloadResult   7: 131072 op, 906694635.00 ns, 6.9175 us/op
WorkloadResult   8: 131072 op, 907554485.00 ns, 6.9241 us/op
WorkloadResult   9: 131072 op, 905240418.00 ns, 6.9064 us/op
WorkloadResult  10: 131072 op, 914009150.00 ns, 6.9733 us/op
WorkloadResult  11: 131072 op, 915324042.00 ns, 6.9834 us/op
WorkloadResult  12: 131072 op, 917231708.00 ns, 6.9979 us/op
WorkloadResult  13: 131072 op, 915023595.00 ns, 6.9811 us/op
WorkloadResult  14: 131072 op, 910471836.00 ns, 6.9463 us/op
WorkloadResult  15: 131072 op, 912142809.00 ns, 6.9591 us/op
// GC:  50 2 0 2509242368 131072
// Threading:  0 0 131072

// AfterAll
// Benchmark Process 1123493 has exited with code 0.

Mean = 6.952 μs, StdErr = 0.007 μs (0.11%), N = 15, StdDev = 0.028 μs
Min = 6.906 μs, Q1 = 6.932 μs, Median = 6.952 μs, Q3 = 6.977 μs, Max = 6.998 μs
IQR = 0.045 μs, LowerFence = 6.865 μs, UpperFence = 7.045 μs
ConfidenceInterval = [6.922 μs; 6.982 μs] (CI 99.9%), Margin = 0.030 μs (0.44% of Mean)
Skewness = -0.07, Kurtosis = 1.61, MValue = 2

// ** Remained 48 (96.0%) benchmark(s) to run. Estimated finish 2026-01-01 4:14 (0h 11m from now) **
// **************************
// Benchmark: Sorting.Sort_Original: DefaultJob [NumItems=100, GraphType=Random]
// *** Execute ***
// Launch: 1 / 1
// Execute: dotnet NexusMods.Benchmarks-DefaultJob-2.dll --anonymousPipes 122 144 --benchmarkName "NexusMods.Benchmarks.Benchmarks.Sorting.Sort_Original(NumItems: 100, GraphType: Random)" --job Default --benchmarkId 2 in /home/ryang/nexus-app/benchmarks/NexusMods.Benchmarks/bin/Release/net9.0/NexusMods.Benchmarks-DefaultJob-2/bin/Release/net9.0
// Failed to set up high priority (Permission denied). In order to run benchmarks with high priority, make sure you have the right permissions.
// BeforeAnythingElse

// Benchmark Process Environment Information:
// BenchmarkDotNet v0.15.2
// Runtime=.NET 9.0.11 (9.0.1125.51716), X64 RyuJIT AVX-512F+CD+BW+DQ+VL+VBMI
// GC=Concurrent Workstation
// HardwareIntrinsics=AVX-512F+CD+BW+DQ+VL+VBMI,AES,BMI1,BMI2,FMA,LZCNT,PCLMUL,POPCNT,AvxVnni VectorSize=256
// Job: DefaultJob

OverheadJitting  1: 1 op, 152432.00 ns, 152.4320 us/op
WorkloadJitting  1: 1 op, 9371561.00 ns, 9.3716 ms/op

OverheadJitting  2: 16 op, 348177.00 ns, 21.7611 us/op
WorkloadJitting  2: 16 op, 6786082.00 ns, 424.1301 us/op

WorkloadPilot    1: 16 op, 3938119.00 ns, 246.1324 us/op
WorkloadPilot    2: 32 op, 9291818.00 ns, 290.3693 us/op
WorkloadPilot    3: 64 op, 17983628.00 ns, 280.9942 us/op
WorkloadPilot    4: 128 op, 35737928.00 ns, 279.2026 us/op
WorkloadPilot    5: 256 op, 65093547.00 ns, 254.2717 us/op
WorkloadPilot    6: 512 op, 145013848.00 ns, 283.2302 us/op
WorkloadPilot    7: 1024 op, 221670431.00 ns, 216.4750 us/op
WorkloadPilot    8: 2048 op, 180870042.00 ns, 88.3155 us/op
WorkloadPilot    9: 4096 op, 283703248.00 ns, 69.2635 us/op
WorkloadPilot   10: 8192 op, 550077644.00 ns, 67.1481 us/op

OverheadWarmup   1: 8192 op, 17483.00 ns, 2.1342 ns/op
OverheadWarmup   2: 8192 op, 16171.00 ns, 1.9740 ns/op
OverheadWarmup   3: 8192 op, 15911.00 ns, 1.9423 ns/op
OverheadWarmup   4: 8192 op, 15991.00 ns, 1.9520 ns/op
OverheadWarmup   5: 8192 op, 16011.00 ns, 1.9545 ns/op
OverheadWarmup   6: 8192 op, 16001.00 ns, 1.9532 ns/op
OverheadWarmup   7: 8192 op, 16010.00 ns, 1.9543 ns/op
OverheadWarmup   8: 8192 op, 16000.00 ns, 1.9531 ns/op

OverheadActual   1: 8192 op, 16702.00 ns, 2.0388 ns/op
OverheadActual   2: 8192 op, 16201.00 ns, 1.9777 ns/op
OverheadActual   3: 8192 op, 16211.00 ns, 1.9789 ns/op
OverheadActual   4: 8192 op, 16001.00 ns, 1.9532 ns/op
OverheadActual   5: 8192 op, 16181.00 ns, 1.9752 ns/op
OverheadActual   6: 8192 op, 15931.00 ns, 1.9447 ns/op
OverheadActual   7: 8192 op, 18616.00 ns, 2.2725 ns/op
OverheadActual   8: 8192 op, 15891.00 ns, 1.9398 ns/op
OverheadActual   9: 8192 op, 16171.00 ns, 1.9740 ns/op
OverheadActual  10: 8192 op, 16001.00 ns, 1.9532 ns/op
OverheadActual  11: 8192 op, 15981.00 ns, 1.9508 ns/op
OverheadActual  12: 8192 op, 15981.00 ns, 1.9508 ns/op
OverheadActual  13: 8192 op, 15960.00 ns, 1.9482 ns/op
OverheadActual  14: 8192 op, 15921.00 ns, 1.9435 ns/op
OverheadActual  15: 8192 op, 15890.00 ns, 1.9397 ns/op

OverheadWarmup   1: 8192 op, 16201.00 ns, 1.9777 ns/op
OverheadWarmup   2: 8192 op, 16291.00 ns, 1.9886 ns/op
OverheadWarmup   3: 8192 op, 16020.00 ns, 1.9556 ns/op
OverheadWarmup   4: 8192 op, 15960.00 ns, 1.9482 ns/op
OverheadWarmup   5: 8192 op, 16001.00 ns, 1.9532 ns/op
OverheadWarmup   6: 8192 op, 15991.00 ns, 1.9520 ns/op

// BeforeActualRun
WorkloadActual   1: 8192 op, 552014523.00 ns, 67.3846 us/op
WorkloadActual   2: 8192 op, 551568492.00 ns, 67.3301 us/op
WorkloadActual   3: 8192 op, 546902259.00 ns, 66.7605 us/op
WorkloadActual   4: 8192 op, 546606805.00 ns, 66.7245 us/op
WorkloadActual   5: 8192 op, 556591642.00 ns, 67.9433 us/op
WorkloadActual   6: 8192 op, 542414241.00 ns, 66.2127 us/op
WorkloadActual   7: 8192 op, 554749760.00 ns, 67.7185 us/op
WorkloadActual   8: 8192 op, 538663173.00 ns, 65.7548 us/op
WorkloadActual   9: 8192 op, 552843283.00 ns, 67.4858 us/op
WorkloadActual  10: 8192 op, 547333976.00 ns, 66.8132 us/op
WorkloadActual  11: 8192 op, 540378122.00 ns, 65.9641 us/op
WorkloadActual  12: 8192 op, 549614656.00 ns, 67.0916 us/op
WorkloadActual  13: 8192 op, 537396346.00 ns, 65.6001 us/op
WorkloadActual  14: 8192 op, 538197241.00 ns, 65.6979 us/op
WorkloadActual  15: 8192 op, 546768342.00 ns, 66.7442 us/op

// AfterActualRun
WorkloadResult   1: 8192 op, 551998522.00 ns, 67.3826 us/op
WorkloadResult   2: 8192 op, 551552491.00 ns, 67.3282 us/op
WorkloadResult   3: 8192 op, 546886258.00 ns, 66.7586 us/op
WorkloadResult   4: 8192 op, 546590804.00 ns, 66.7225 us/op
WorkloadResult   5: 8192 op, 556575641.00 ns, 67.9414 us/op
WorkloadResult   6: 8192 op, 542398240.00 ns, 66.2107 us/op
WorkloadResult   7: 8192 op, 554733759.00 ns, 67.7165 us/op
WorkloadResult   8: 8192 op, 538647172.00 ns, 65.7528 us/op
WorkloadResult   9: 8192 op, 552827282.00 ns, 67.4838 us/op
WorkloadResult  10: 8192 op, 547317975.00 ns, 66.8113 us/op
WorkloadResult  11: 8192 op, 540362121.00 ns, 65.9622 us/op
WorkloadResult  12: 8192 op, 549598655.00 ns, 67.0897 us/op
WorkloadResult  13: 8192 op, 537380345.00 ns, 65.5982 us/op
WorkloadResult  14: 8192 op, 538181240.00 ns, 65.6960 us/op
WorkloadResult  15: 8192 op, 546752341.00 ns, 66.7422 us/op
// GC:  6 0 0 314875400 8192
// Threading:  59492 76 8192

// AfterAll
// Benchmark Process 1123575 has exited with code 0.

Mean = 66.746 μs, StdErr = 0.196 μs (0.29%), N = 15, StdDev = 0.760 μs
Min = 65.598 μs, Q1 = 66.086 μs, Median = 66.759 μs, Q3 = 67.355 μs, Max = 67.941 μs
IQR = 1.269 μs, LowerFence = 64.183 μs, UpperFence = 69.259 μs
ConfidenceInterval = [65.934 μs; 67.559 μs] (CI 99.9%), Margin = 0.813 μs (1.22% of Mean)
Skewness = -0.12, Kurtosis = 1.58, MValue = 2

// ** Remained 47 (94.0%) benchmark(s) to run. Estimated finish 2026-01-01 4:13 (0h 10m from now) **
// **************************
// Benchmark: Sorting.Sort_Kahn: DefaultJob [NumItems=100, GraphType=Random]
// *** Execute ***
// Launch: 1 / 1
// Execute: dotnet NexusMods.Benchmarks-DefaultJob-2.dll --anonymousPipes 122 144 --benchmarkName "NexusMods.Benchmarks.Benchmarks.Sorting.Sort_Kahn(NumItems: 100, GraphType: Random)" --job Default --benchmarkId 3 in /home/ryang/nexus-app/benchmarks/NexusMods.Benchmarks/bin/Release/net9.0/NexusMods.Benchmarks-DefaultJob-2/bin/Release/net9.0
// Failed to set up high priority (Permission denied). In order to run benchmarks with high priority, make sure you have the right permissions.
// BeforeAnythingElse

// Benchmark Process Environment Information:
// BenchmarkDotNet v0.15.2
// Runtime=.NET 9.0.11 (9.0.1125.51716), X64 RyuJIT AVX-512F+CD+BW+DQ+VL+VBMI
// GC=Concurrent Workstation
// HardwareIntrinsics=AVX-512F+CD+BW+DQ+VL+VBMI,AES,BMI1,BMI2,FMA,LZCNT,PCLMUL,POPCNT,AvxVnni VectorSize=256
// Job: DefaultJob

OverheadJitting  1: 1 op, 157000.00 ns, 157.0000 us/op
WorkloadJitting  1: 1 op, 1517475.00 ns, 1.5175 ms/op

OverheadJitting  2: 16 op, 345131.00 ns, 21.5707 us/op
WorkloadJitting  2: 16 op, 1549005.00 ns, 96.8128 us/op

WorkloadPilot    1: 16 op, 265308.00 ns, 16.5818 us/op
WorkloadPilot    2: 32 op, 491742.00 ns, 15.3669 us/op
WorkloadPilot    3: 64 op, 1202102.00 ns, 18.7828 us/op
WorkloadPilot    4: 128 op, 2630556.00 ns, 20.5512 us/op
WorkloadPilot    5: 256 op, 4826360.00 ns, 18.8530 us/op
WorkloadPilot    6: 512 op, 8952179.00 ns, 17.4847 us/op
WorkloadPilot    7: 1024 op, 16448921.00 ns, 16.0634 us/op
WorkloadPilot    8: 2048 op, 32247888.00 ns, 15.7460 us/op
WorkloadPilot    9: 4096 op, 62653238.00 ns, 15.2962 us/op
WorkloadPilot   10: 8192 op, 54034387.00 ns, 6.5960 us/op
WorkloadPilot   11: 16384 op, 81481134.00 ns, 4.9732 us/op
WorkloadPilot   12: 32768 op, 161818587.00 ns, 4.9383 us/op
WorkloadPilot   13: 65536 op, 323462101.00 ns, 4.9356 us/op
WorkloadPilot   14: 131072 op, 651687613.00 ns, 4.9720 us/op

OverheadWarmup   1: 131072 op, 254357.00 ns, 1.9406 ns/op
OverheadWarmup   2: 131072 op, 263625.00 ns, 2.0113 ns/op
OverheadWarmup   3: 131072 op, 252944.00 ns, 1.9298 ns/op
OverheadWarmup   4: 131072 op, 252954.00 ns, 1.9299 ns/op
OverheadWarmup   5: 131072 op, 268113.00 ns, 2.0455 ns/op
OverheadWarmup   6: 131072 op, 252844.00 ns, 1.9290 ns/op

OverheadActual   1: 131072 op, 253265.00 ns, 1.9323 ns/op
OverheadActual   2: 131072 op, 262864.00 ns, 2.0055 ns/op
OverheadActual   3: 131072 op, 256751.00 ns, 1.9589 ns/op
OverheadActual   4: 131072 op, 275478.00 ns, 2.1017 ns/op
OverheadActual   5: 131072 op, 253315.00 ns, 1.9326 ns/op
OverheadActual   6: 131072 op, 262182.00 ns, 2.0003 ns/op
OverheadActual   7: 131072 op, 252924.00 ns, 1.9297 ns/op
OverheadActual   8: 131072 op, 264316.00 ns, 2.0166 ns/op
OverheadActual   9: 131072 op, 252744.00 ns, 1.9283 ns/op
OverheadActual  10: 131072 op, 252804.00 ns, 1.9287 ns/op
OverheadActual  11: 131072 op, 259357.00 ns, 1.9787 ns/op
OverheadActual  12: 131072 op, 252894.00 ns, 1.9294 ns/op
OverheadActual  13: 131072 op, 252854.00 ns, 1.9291 ns/op
OverheadActual  14: 131072 op, 252975.00 ns, 1.9300 ns/op
OverheadActual  15: 131072 op, 262032.00 ns, 1.9991 ns/op

OverheadWarmup   1: 131072 op, 253305.00 ns, 1.9326 ns/op
OverheadWarmup   2: 131072 op, 262082.00 ns, 1.9995 ns/op
OverheadWarmup   3: 131072 op, 252753.00 ns, 1.9284 ns/op
OverheadWarmup   4: 131072 op, 268645.00 ns, 2.0496 ns/op
OverheadWarmup   5: 131072 op, 252854.00 ns, 1.9291 ns/op
OverheadWarmup   6: 131072 op, 252794.00 ns, 1.9287 ns/op

// BeforeActualRun
WorkloadActual   1: 131072 op, 646187225.00 ns, 4.9300 us/op
WorkloadActual   2: 131072 op, 643765931.00 ns, 4.9115 us/op
WorkloadActual   3: 131072 op, 640369761.00 ns, 4.8856 us/op
WorkloadActual   4: 131072 op, 641681375.00 ns, 4.8956 us/op
WorkloadActual   5: 131072 op, 642042667.00 ns, 4.8984 us/op
WorkloadActual   6: 131072 op, 641610784.00 ns, 4.8951 us/op
WorkloadActual   7: 131072 op, 640390730.00 ns, 4.8858 us/op
WorkloadActual   8: 131072 op, 638601927.00 ns, 4.8721 us/op
WorkloadActual   9: 131072 op, 638310842.00 ns, 4.8699 us/op
WorkloadActual  10: 131072 op, 643827546.00 ns, 4.9120 us/op
WorkloadActual  11: 131072 op, 641278036.00 ns, 4.8926 us/op
WorkloadActual  12: 131072 op, 640846934.00 ns, 4.8893 us/op
WorkloadActual  13: 131072 op, 651178725.00 ns, 4.9681 us/op
WorkloadActual  14: 131072 op, 643506319.00 ns, 4.9096 us/op
WorkloadActual  15: 131072 op, 639583351.00 ns, 4.8796 us/op

// AfterActualRun
WorkloadResult   1: 131072 op, 645933910.00 ns, 4.9281 us/op
WorkloadResult   2: 131072 op, 643512616.00 ns, 4.9096 us/op
WorkloadResult   3: 131072 op, 640116446.00 ns, 4.8837 us/op
WorkloadResult   4: 131072 op, 641428060.00 ns, 4.8937 us/op
WorkloadResult   5: 131072 op, 641789352.00 ns, 4.8965 us/op
WorkloadResult   6: 131072 op, 641357469.00 ns, 4.8932 us/op
WorkloadResult   7: 131072 op, 640137415.00 ns, 4.8839 us/op
WorkloadResult   8: 131072 op, 638348612.00 ns, 4.8702 us/op
WorkloadResult   9: 131072 op, 638057527.00 ns, 4.8680 us/op
WorkloadResult  10: 131072 op, 643574231.00 ns, 4.9101 us/op
WorkloadResult  11: 131072 op, 641024721.00 ns, 4.8906 us/op
WorkloadResult  12: 131072 op, 640593619.00 ns, 4.8873 us/op
WorkloadResult  13: 131072 op, 643253004.00 ns, 4.9076 us/op
WorkloadResult  14: 131072 op, 639330036.00 ns, 4.8777 us/op
// GC:  37 0 0 1877999616 131072
// Threading:  0 0 131072

// AfterAll
// Benchmark Process 1123675 has exited with code 0.

Mean = 4.893 μs, StdErr = 0.004 μs (0.09%), N = 14, StdDev = 0.017 μs
Min = 4.868 μs, Q1 = 4.884 μs, Median = 4.892 μs, Q3 = 4.905 μs, Max = 4.928 μs
IQR = 0.021 μs, LowerFence = 4.852 μs, UpperFence = 4.936 μs
ConfidenceInterval = [4.874 μs; 4.912 μs] (CI 99.9%), Margin = 0.019 μs (0.38% of Mean)
Skewness = 0.38, Kurtosis = 2.28, MValue = 2

// ** Remained 46 (92.0%) benchmark(s) to run. Estimated finish 2026-01-01 4:13 (0h 9m from now) **
// **************************
// Benchmark: Sorting.Sort_Original: DefaultJob [NumItems=100, GraphType=Chain]
// *** Execute ***
// Launch: 1 / 1
// Execute: dotnet NexusMods.Benchmarks-DefaultJob-2.dll --anonymousPipes 122 144 --benchmarkName "NexusMods.Benchmarks.Benchmarks.Sorting.Sort_Original(NumItems: 100, GraphType: Chain)" --job Default --benchmarkId 4 in /home/ryang/nexus-app/benchmarks/NexusMods.Benchmarks/bin/Release/net9.0/NexusMods.Benchmarks-DefaultJob-2/bin/Release/net9.0
// Failed to set up high priority (Permission denied). In order to run benchmarks with high priority, make sure you have the right permissions.
// BeforeAnythingElse

// Benchmark Process Environment Information:
// BenchmarkDotNet v0.15.2
// Runtime=.NET 9.0.11 (9.0.1125.51716), X64 RyuJIT AVX-512F+CD+BW+DQ+VL+VBMI
// GC=Concurrent Workstation
// HardwareIntrinsics=AVX-512F+CD+BW+DQ+VL+VBMI,AES,BMI1,BMI2,FMA,LZCNT,PCLMUL,POPCNT,AvxVnni VectorSize=256
// Job: DefaultJob

OverheadJitting  1: 1 op, 154846.00 ns, 154.8460 us/op
WorkloadJitting  1: 1 op, 10100087.00 ns, 10.1001 ms/op

OverheadJitting  2: 16 op, 403753.00 ns, 25.2346 us/op
WorkloadJitting  2: 16 op, 7477366.00 ns, 467.3354 us/op

WorkloadPilot    1: 16 op, 4522238.00 ns, 282.6399 us/op
WorkloadPilot    2: 32 op, 8529771.00 ns, 266.5553 us/op
WorkloadPilot    3: 64 op, 16837205.00 ns, 263.0813 us/op
WorkloadPilot    4: 128 op, 34349483.00 ns, 268.3553 us/op
WorkloadPilot    5: 256 op, 70501738.00 ns, 275.3974 us/op
WorkloadPilot    6: 512 op, 157685234.00 ns, 307.9790 us/op
WorkloadPilot    7: 1024 op, 224889769.00 ns, 219.6189 us/op
WorkloadPilot    8: 2048 op, 235532545.00 ns, 115.0061 us/op
WorkloadPilot    9: 4096 op, 393629980.00 ns, 96.1011 us/op
WorkloadPilot   10: 8192 op, 763382026.00 ns, 93.1863 us/op

OverheadWarmup   1: 8192 op, 17975.00 ns, 2.1942 ns/op
OverheadWarmup   2: 8192 op, 16141.00 ns, 1.9703 ns/op
OverheadWarmup   3: 8192 op, 16070.00 ns, 1.9617 ns/op
OverheadWarmup   4: 8192 op, 20790.00 ns, 2.5378 ns/op
OverheadWarmup   5: 8192 op, 16001.00 ns, 1.9532 ns/op
OverheadWarmup   6: 8192 op, 16081.00 ns, 1.9630 ns/op
OverheadWarmup   7: 8192 op, 16001.00 ns, 1.9532 ns/op

OverheadActual   1: 8192 op, 16362.00 ns, 1.9973 ns/op
OverheadActual   2: 8192 op, 16772.00 ns, 2.0474 ns/op
OverheadActual   3: 8192 op, 16321.00 ns, 1.9923 ns/op
OverheadActual   4: 8192 op, 16252.00 ns, 1.9839 ns/op
OverheadActual   5: 8192 op, 16241.00 ns, 1.9825 ns/op
OverheadActual   6: 8192 op, 16702.00 ns, 2.0388 ns/op
OverheadActual   7: 8192 op, 15940.00 ns, 1.9458 ns/op
OverheadActual   8: 8192 op, 15931.00 ns, 1.9447 ns/op
OverheadActual   9: 8192 op, 18215.00 ns, 2.2235 ns/op
OverheadActual  10: 8192 op, 16822.00 ns, 2.0535 ns/op
OverheadActual  11: 8192 op, 16341.00 ns, 1.9948 ns/op
OverheadActual  12: 8192 op, 15971.00 ns, 1.9496 ns/op
OverheadActual  13: 8192 op, 16341.00 ns, 1.9948 ns/op
OverheadActual  14: 8192 op, 16291.00 ns, 1.9886 ns/op
OverheadActual  15: 8192 op, 15921.00 ns, 1.9435 ns/op

OverheadWarmup   1: 8192 op, 16362.00 ns, 1.9973 ns/op
OverheadWarmup   2: 8192 op, 16041.00 ns, 1.9581 ns/op
OverheadWarmup   3: 8192 op, 16301.00 ns, 1.9899 ns/op
OverheadWarmup   4: 8192 op, 15971.00 ns, 1.9496 ns/op
OverheadWarmup   5: 8192 op, 15971.00 ns, 1.9496 ns/op
OverheadWarmup   6: 8192 op, 15961.00 ns, 1.9484 ns/op

// BeforeActualRun
WorkloadActual   1: 8192 op, 770821182.00 ns, 94.0944 us/op
WorkloadActual   2: 8192 op, 760261317.00 ns, 92.8053 us/op
WorkloadActual   3: 8192 op, 765781189.00 ns, 93.4791 us/op
WorkloadActual   4: 8192 op, 768899441.00 ns, 93.8598 us/op
WorkloadActual   5: 8192 op, 758297185.00 ns, 92.5656 us/op
WorkloadActual   6: 8192 op, 761240534.00 ns, 92.9249 us/op
WorkloadActual   7: 8192 op, 752596326.00 ns, 91.8697 us/op
WorkloadActual   8: 8192 op, 752755623.00 ns, 91.8891 us/op
WorkloadActual   9: 8192 op, 752094351.00 ns, 91.8084 us/op
WorkloadActual  10: 8192 op, 752124943.00 ns, 91.8121 us/op
WorkloadActual  11: 8192 op, 749352257.00 ns, 91.4737 us/op
WorkloadActual  12: 8192 op, 746269397.00 ns, 91.0973 us/op
WorkloadActual  13: 8192 op, 749642878.00 ns, 91.5091 us/op
WorkloadActual  14: 8192 op, 752633838.00 ns, 91.8742 us/op
WorkloadActual  15: 8192 op, 750819688.00 ns, 91.6528 us/op

// AfterActualRun
WorkloadResult   1: 8192 op, 770804861.00 ns, 94.0924 us/op
WorkloadResult   2: 8192 op, 760244996.00 ns, 92.8033 us/op
WorkloadResult   3: 8192 op, 765764868.00 ns, 93.4772 us/op
WorkloadResult   4: 8192 op, 768883120.00 ns, 93.8578 us/op
WorkloadResult   5: 8192 op, 758280864.00 ns, 92.5636 us/op
WorkloadResult   6: 8192 op, 761224213.00 ns, 92.9229 us/op
WorkloadResult   7: 8192 op, 752580005.00 ns, 91.8677 us/op
WorkloadResult   8: 8192 op, 752739302.00 ns, 91.8871 us/op
WorkloadResult   9: 8192 op, 752078030.00 ns, 91.8064 us/op
WorkloadResult  10: 8192 op, 752108622.00 ns, 91.8101 us/op
WorkloadResult  11: 8192 op, 749335936.00 ns, 91.4717 us/op
WorkloadResult  12: 8192 op, 746253076.00 ns, 91.0953 us/op
WorkloadResult  13: 8192 op, 749626557.00 ns, 91.5071 us/op
WorkloadResult  14: 8192 op, 752617517.00 ns, 91.8723 us/op
WorkloadResult  15: 8192 op, 750803367.00 ns, 91.6508 us/op
// GC:  6 0 0 330638944 8192
// Threading:  96351 24 8192

// AfterAll
// Benchmark Process 1123750 has exited with code 0.

Mean = 92.312 μs, StdErr = 0.238 μs (0.26%), N = 15, StdDev = 0.924 μs
Min = 91.095 μs, Q1 = 91.729 μs, Median = 91.872 μs, Q3 = 92.863 μs, Max = 94.092 μs
IQR = 1.135 μs, LowerFence = 90.027 μs, UpperFence = 94.565 μs
ConfidenceInterval = [91.325 μs; 93.300 μs] (CI 99.9%), Margin = 0.987 μs (1.07% of Mean)
Skewness = 0.64, Kurtosis = 1.95, MValue = 2

// ** Remained 45 (90.0%) benchmark(s) to run. Estimated finish 2026-01-01 4:13 (0h 9m from now) **
// **************************
// Benchmark: Sorting.Sort_Kahn: DefaultJob [NumItems=100, GraphType=Chain]
// *** Execute ***
// Launch: 1 / 1
// Execute: dotnet NexusMods.Benchmarks-DefaultJob-2.dll --anonymousPipes 122 144 --benchmarkName "NexusMods.Benchmarks.Benchmarks.Sorting.Sort_Kahn(NumItems: 100, GraphType: Chain)" --job Default --benchmarkId 5 in /home/ryang/nexus-app/benchmarks/NexusMods.Benchmarks/bin/Release/net9.0/NexusMods.Benchmarks-DefaultJob-2/bin/Release/net9.0
// Failed to set up high priority (Permission denied). In order to run benchmarks with high priority, make sure you have the right permissions.
// BeforeAnythingElse

// Benchmark Process Environment Information:
// BenchmarkDotNet v0.15.2
// Runtime=.NET 9.0.11 (9.0.1125.51716), X64 RyuJIT AVX-512F+CD+BW+DQ+VL+VBMI
// GC=Concurrent Workstation
// HardwareIntrinsics=AVX-512F+CD+BW+DQ+VL+VBMI,AES,BMI1,BMI2,FMA,LZCNT,PCLMUL,POPCNT,AvxVnni VectorSize=256
// Job: DefaultJob

OverheadJitting  1: 1 op, 160958.00 ns, 160.9580 us/op
WorkloadJitting  1: 1 op, 1480515.00 ns, 1.4805 ms/op

OverheadJitting  2: 16 op, 349008.00 ns, 21.8130 us/op
WorkloadJitting  2: 16 op, 1528697.00 ns, 95.5436 us/op

WorkloadPilot    1: 16 op, 238326.00 ns, 14.8954 us/op
WorkloadPilot    2: 32 op, 490009.00 ns, 15.3128 us/op
WorkloadPilot    3: 64 op, 1227771.00 ns, 19.1839 us/op
WorkloadPilot    4: 128 op, 2465891.00 ns, 19.2648 us/op
WorkloadPilot    5: 256 op, 4784671.00 ns, 18.6901 us/op
WorkloadPilot    6: 512 op, 8703764.00 ns, 16.9995 us/op
WorkloadPilot    7: 1024 op, 16366565.00 ns, 15.9830 us/op
WorkloadPilot    8: 2048 op, 31819401.00 ns, 15.5368 us/op
WorkloadPilot    9: 4096 op, 61380309.00 ns, 14.9854 us/op
WorkloadPilot   10: 8192 op, 58226741.00 ns, 7.1078 us/op
WorkloadPilot   11: 16384 op, 86747337.00 ns, 5.2946 us/op
WorkloadPilot   12: 32768 op, 172901658.00 ns, 5.2765 us/op
WorkloadPilot   13: 65536 op, 347506258.00 ns, 5.3025 us/op
WorkloadPilot   14: 131072 op, 691961585.00 ns, 5.2792 us/op

OverheadWarmup   1: 131072 op, 270177.00 ns, 2.0613 ns/op
OverheadWarmup   2: 131072 op, 275247.00 ns, 2.1000 ns/op
OverheadWarmup   3: 131072 op, 266701.00 ns, 2.0348 ns/op
OverheadWarmup   4: 131072 op, 268935.00 ns, 2.0518 ns/op
OverheadWarmup   5: 131072 op, 266831.00 ns, 2.0358 ns/op

OverheadActual   1: 131072 op, 268944.00 ns, 2.0519 ns/op
OverheadActual   2: 131072 op, 254848.00 ns, 1.9443 ns/op
OverheadActual   3: 131072 op, 273484.00 ns, 2.0865 ns/op
OverheadActual   4: 131072 op, 265539.00 ns, 2.0259 ns/op
OverheadActual   5: 131072 op, 257833.00 ns, 1.9671 ns/op
OverheadActual   6: 131072 op, 274556.00 ns, 2.0947 ns/op
OverheadActual   7: 131072 op, 257403.00 ns, 1.9638 ns/op
OverheadActual   8: 131072 op, 257343.00 ns, 1.9634 ns/op
OverheadActual   9: 131072 op, 259557.00 ns, 1.9803 ns/op
OverheadActual  10: 131072 op, 257263.00 ns, 1.9628 ns/op
OverheadActual  11: 131072 op, 259787.00 ns, 1.9820 ns/op
OverheadActual  12: 131072 op, 257553.00 ns, 1.9650 ns/op
OverheadActual  13: 131072 op, 257422.00 ns, 1.9640 ns/op
OverheadActual  14: 131072 op, 257373.00 ns, 1.9636 ns/op
OverheadActual  15: 131072 op, 257363.00 ns, 1.9635 ns/op

OverheadWarmup   1: 131072 op, 254958.00 ns, 1.9452 ns/op
OverheadWarmup   2: 131072 op, 254337.00 ns, 1.9404 ns/op
OverheadWarmup   3: 131072 op, 254146.00 ns, 1.9390 ns/op
OverheadWarmup   4: 131072 op, 254137.00 ns, 1.9389 ns/op
OverheadWarmup   5: 131072 op, 256441.00 ns, 1.9565 ns/op
OverheadWarmup   6: 131072 op, 254207.00 ns, 1.9394 ns/op
OverheadWarmup   7: 131072 op, 254076.00 ns, 1.9384 ns/op
OverheadWarmup   8: 131072 op, 254357.00 ns, 1.9406 ns/op
OverheadWarmup   9: 131072 op, 254206.00 ns, 1.9394 ns/op

// BeforeActualRun
WorkloadActual   1: 131072 op, 695986644.00 ns, 5.3100 us/op
WorkloadActual   2: 131072 op, 692342589.00 ns, 5.2822 us/op
WorkloadActual   3: 131072 op, 686480508.00 ns, 5.2374 us/op
WorkloadActual   4: 131072 op, 686853716.00 ns, 5.2403 us/op
WorkloadActual   5: 131072 op, 683831010.00 ns, 5.2172 us/op
WorkloadActual   6: 131072 op, 690124751.00 ns, 5.2652 us/op
WorkloadActual   7: 131072 op, 696355835.00 ns, 5.3128 us/op
WorkloadActual   8: 131072 op, 693540728.00 ns, 5.2913 us/op
WorkloadActual   9: 131072 op, 689145554.00 ns, 5.2578 us/op
WorkloadActual  10: 131072 op, 686900208.00 ns, 5.2406 us/op
WorkloadActual  11: 131072 op, 685768984.00 ns, 5.2320 us/op
WorkloadActual  12: 131072 op, 683178175.00 ns, 5.2122 us/op
WorkloadActual  13: 131072 op, 685302595.00 ns, 5.2284 us/op
WorkloadActual  14: 131072 op, 686851724.00 ns, 5.2403 us/op
WorkloadActual  15: 131072 op, 685754094.00 ns, 5.2319 us/op

// AfterActualRun
WorkloadResult   1: 131072 op, 695729091.00 ns, 5.3080 us/op
WorkloadResult   2: 131072 op, 692085036.00 ns, 5.2802 us/op
WorkloadResult   3: 131072 op, 686222955.00 ns, 5.2355 us/op
WorkloadResult   4: 131072 op, 686596163.00 ns, 5.2383 us/op
WorkloadResult   5: 131072 op, 683573457.00 ns, 5.2153 us/op
WorkloadResult   6: 131072 op, 689867198.00 ns, 5.2633 us/op
WorkloadResult   7: 131072 op, 696098282.00 ns, 5.3108 us/op
WorkloadResult   8: 131072 op, 693283175.00 ns, 5.2893 us/op
WorkloadResult   9: 131072 op, 688888001.00 ns, 5.2558 us/op
WorkloadResult  10: 131072 op, 686642655.00 ns, 5.2387 us/op
WorkloadResult  11: 131072 op, 685511431.00 ns, 5.2300 us/op
WorkloadResult  12: 131072 op, 682920622.00 ns, 5.2103 us/op
WorkloadResult  13: 131072 op, 685045042.00 ns, 5.2265 us/op
WorkloadResult  14: 131072 op, 686594171.00 ns, 5.2383 us/op
WorkloadResult  15: 131072 op, 685496541.00 ns, 5.2299 us/op
// GC:  37 0 0 1895825408 131072
// Threading:  0 0 131072

// AfterAll
// Benchmark Process 1123852 has exited with code 0.

Mean = 5.251 μs, StdErr = 0.008 μs (0.16%), N = 15, StdDev = 0.032 μs
Min = 5.210 μs, Q1 = 5.230 μs, Median = 5.238 μs, Q3 = 5.272 μs, Max = 5.311 μs
IQR = 0.042 μs, LowerFence = 5.167 μs, UpperFence = 5.334 μs
ConfidenceInterval = [5.217 μs; 5.286 μs] (CI 99.9%), Margin = 0.034 μs (0.65% of Mean)
Skewness = 0.63, Kurtosis = 1.94, MValue = 2

// ** Remained 44 (88.0%) benchmark(s) to run. Estimated finish 2026-01-01 4:13 (0h 9m from now) **
// **************************
// Benchmark: Sorting.Sort_Original: DefaultJob [NumItems=100, GraphType=Star]
// *** Execute ***
// Launch: 1 / 1
// Execute: dotnet NexusMods.Benchmarks-DefaultJob-2.dll --anonymousPipes 122 144 --benchmarkName "NexusMods.Benchmarks.Benchmarks.Sorting.Sort_Original(NumItems: 100, GraphType: Star)" --job Default --benchmarkId 6 in /home/ryang/nexus-app/benchmarks/NexusMods.Benchmarks/bin/Release/net9.0/NexusMods.Benchmarks-DefaultJob-2/bin/Release/net9.0
// Failed to set up high priority (Permission denied). In order to run benchmarks with high priority, make sure you have the right permissions.
// BeforeAnythingElse

// Benchmark Process Environment Information:
// BenchmarkDotNet v0.15.2
// Runtime=.NET 9.0.11 (9.0.1125.51716), X64 RyuJIT AVX-512F+CD+BW+DQ+VL+VBMI
// GC=Concurrent Workstation
// HardwareIntrinsics=AVX-512F+CD+BW+DQ+VL+VBMI,AES,BMI1,BMI2,FMA,LZCNT,PCLMUL,POPCNT,AvxVnni VectorSize=256
// Job: DefaultJob

OverheadJitting  1: 1 op, 157000.00 ns, 157.0000 us/op
WorkloadJitting  1: 1 op, 9461285.00 ns, 9.4613 ms/op

OverheadJitting  2: 16 op, 367433.00 ns, 22.9646 us/op
WorkloadJitting  2: 16 op, 4759162.00 ns, 297.4476 us/op

WorkloadPilot    1: 16 op, 3844211.00 ns, 240.2632 us/op
WorkloadPilot    2: 32 op, 8477231.00 ns, 264.9135 us/op
WorkloadPilot    3: 64 op, 15473707.00 ns, 241.7767 us/op
WorkloadPilot    4: 128 op, 31541281.00 ns, 246.4163 us/op
WorkloadPilot    5: 256 op, 57854683.00 ns, 225.9949 us/op
WorkloadPilot    6: 512 op, 144331576.00 ns, 281.8976 us/op
WorkloadPilot    7: 1024 op, 134227200.00 ns, 131.0813 us/op
WorkloadPilot    8: 2048 op, 118184464.00 ns, 57.7073 us/op
WorkloadPilot    9: 4096 op, 190138402.00 ns, 46.4205 us/op
WorkloadPilot   10: 8192 op, 344096910.00 ns, 42.0040 us/op
WorkloadPilot   11: 16384 op, 535280345.00 ns, 32.6709 us/op

OverheadWarmup   1: 16384 op, 33454.00 ns, 2.0419 ns/op
OverheadWarmup   2: 16384 op, 32181.00 ns, 1.9642 ns/op
OverheadWarmup   3: 16384 op, 31861.00 ns, 1.9446 ns/op
OverheadWarmup   4: 16384 op, 31760.00 ns, 1.9385 ns/op
OverheadWarmup   5: 16384 op, 32132.00 ns, 1.9612 ns/op
OverheadWarmup   6: 16384 op, 32011.00 ns, 1.9538 ns/op
OverheadWarmup   7: 16384 op, 32011.00 ns, 1.9538 ns/op
OverheadWarmup   8: 16384 op, 31961.00 ns, 1.9507 ns/op

OverheadActual   1: 16384 op, 33715.00 ns, 2.0578 ns/op
OverheadActual   2: 16384 op, 32121.00 ns, 1.9605 ns/op
OverheadActual   3: 16384 op, 32162.00 ns, 1.9630 ns/op
OverheadActual   4: 16384 op, 31881.00 ns, 1.9459 ns/op
OverheadActual   5: 16384 op, 32612.00 ns, 1.9905 ns/op
OverheadActual   6: 16384 op, 31931.00 ns, 1.9489 ns/op
OverheadActual   7: 16384 op, 31981.00 ns, 1.9520 ns/op
OverheadActual   8: 16384 op, 31911.00 ns, 1.9477 ns/op
OverheadActual   9: 16384 op, 32091.00 ns, 1.9587 ns/op
OverheadActual  10: 16384 op, 31941.00 ns, 1.9495 ns/op
OverheadActual  11: 16384 op, 31941.00 ns, 1.9495 ns/op
OverheadActual  12: 16384 op, 32052.00 ns, 1.9563 ns/op
OverheadActual  13: 16384 op, 32142.00 ns, 1.9618 ns/op
OverheadActual  14: 16384 op, 31971.00 ns, 1.9514 ns/op
OverheadActual  15: 16384 op, 32001.00 ns, 1.9532 ns/op

OverheadWarmup   1: 16384 op, 82197.00 ns, 5.0169 ns/op
OverheadWarmup   2: 16384 op, 32332.00 ns, 1.9734 ns/op
OverheadWarmup   3: 16384 op, 31971.00 ns, 1.9514 ns/op
OverheadWarmup   4: 16384 op, 39195.00 ns, 2.3923 ns/op
OverheadWarmup   5: 16384 op, 31991.00 ns, 1.9526 ns/op
OverheadWarmup   6: 16384 op, 32081.00 ns, 1.9581 ns/op
OverheadWarmup   7: 16384 op, 81456.00 ns, 4.9717 ns/op
OverheadWarmup   8: 16384 op, 31921.00 ns, 1.9483 ns/op

// BeforeActualRun
WorkloadActual   1: 16384 op, 537971438.00 ns, 32.8352 us/op
WorkloadActual   2: 16384 op, 541615598.00 ns, 33.0576 us/op
WorkloadActual   3: 16384 op, 533860560.00 ns, 32.5843 us/op
WorkloadActual   4: 16384 op, 537842967.00 ns, 32.8273 us/op
WorkloadActual   5: 16384 op, 531220728.00 ns, 32.4231 us/op
WorkloadActual   6: 16384 op, 538630317.00 ns, 32.8754 us/op
WorkloadActual   7: 16384 op, 538555936.00 ns, 32.8708 us/op
WorkloadActual   8: 16384 op, 527388114.00 ns, 32.1892 us/op
WorkloadActual   9: 16384 op, 542167263.00 ns, 33.0913 us/op
WorkloadActual  10: 16384 op, 554004288.00 ns, 33.8137 us/op
WorkloadActual  11: 16384 op, 534174392.00 ns, 32.6034 us/op
WorkloadActual  12: 16384 op, 533384701.00 ns, 32.5552 us/op
WorkloadActual  13: 16384 op, 530144148.00 ns, 32.3574 us/op
WorkloadActual  14: 16384 op, 533223605.00 ns, 32.5454 us/op
WorkloadActual  15: 16384 op, 537174091.00 ns, 32.7865 us/op

// AfterActualRun
WorkloadResult   1: 16384 op, 537939437.00 ns, 32.8332 us/op
WorkloadResult   2: 16384 op, 541583597.00 ns, 33.0556 us/op
WorkloadResult   3: 16384 op, 533828559.00 ns, 32.5823 us/op
WorkloadResult   4: 16384 op, 537810966.00 ns, 32.8254 us/op
WorkloadResult   5: 16384 op, 531188727.00 ns, 32.4212 us/op
WorkloadResult   6: 16384 op, 538598316.00 ns, 32.8734 us/op
WorkloadResult   7: 16384 op, 538523935.00 ns, 32.8689 us/op
WorkloadResult   8: 16384 op, 527356113.00 ns, 32.1873 us/op
WorkloadResult   9: 16384 op, 542135262.00 ns, 33.0893 us/op
WorkloadResult  10: 16384 op, 534142391.00 ns, 32.6015 us/op
WorkloadResult  11: 16384 op, 533352700.00 ns, 32.5533 us/op
WorkloadResult  12: 16384 op, 530112147.00 ns, 32.3555 us/op
WorkloadResult  13: 16384 op, 533191604.00 ns, 32.5434 us/op
WorkloadResult  14: 16384 op, 537142090.00 ns, 32.7846 us/op
// GC:  13 0 0 659263096 16384
// Threading:  200525 186 16384

// AfterAll
// Benchmark Process 1123937 has exited with code 0.

Mean = 32.684 μs, StdErr = 0.070 μs (0.22%), N = 14, StdDev = 0.263 μs
Min = 32.187 μs, Q1 = 32.546 μs, Median = 32.693 μs, Q3 = 32.860 μs, Max = 33.089 μs
IQR = 0.314 μs, LowerFence = 32.075 μs, UpperFence = 33.331 μs
ConfidenceInterval = [32.387 μs; 32.981 μs] (CI 99.9%), Margin = 0.297 μs (0.91% of Mean)
Skewness = -0.17, Kurtosis = 1.89, MValue = 2

// ** Remained 43 (86.0%) benchmark(s) to run. Estimated finish 2026-01-01 4:13 (0h 9m from now) **
// **************************
// Benchmark: Sorting.Sort_Kahn: DefaultJob [NumItems=100, GraphType=Star]
// *** Execute ***
// Launch: 1 / 1
// Execute: dotnet NexusMods.Benchmarks-DefaultJob-2.dll --anonymousPipes 122 144 --benchmarkName "NexusMods.Benchmarks.Benchmarks.Sorting.Sort_Kahn(NumItems: 100, GraphType: Star)" --job Default --benchmarkId 7 in /home/ryang/nexus-app/benchmarks/NexusMods.Benchmarks/bin/Release/net9.0/NexusMods.Benchmarks-DefaultJob-2/bin/Release/net9.0
// Failed to set up high priority (Permission denied). In order to run benchmarks with high priority, make sure you have the right permissions.
// BeforeAnythingElse

// Benchmark Process Environment Information:
// BenchmarkDotNet v0.15.2
// Runtime=.NET 9.0.11 (9.0.1125.51716), X64 RyuJIT AVX-512F+CD+BW+DQ+VL+VBMI
// GC=Concurrent Workstation
// HardwareIntrinsics=AVX-512F+CD+BW+DQ+VL+VBMI,AES,BMI1,BMI2,FMA,LZCNT,PCLMUL,POPCNT,AvxVnni VectorSize=256
// Job: DefaultJob

OverheadJitting  1: 1 op, 156219.00 ns, 156.2190 us/op
WorkloadJitting  1: 1 op, 1497237.00 ns, 1.4972 ms/op

OverheadJitting  2: 16 op, 340302.00 ns, 21.2689 us/op
WorkloadJitting  2: 16 op, 1546812.00 ns, 96.6758 us/op

WorkloadPilot    1: 16 op, 222105.00 ns, 13.8816 us/op
WorkloadPilot    2: 32 op, 454841.00 ns, 14.2138 us/op
WorkloadPilot    3: 64 op, 1231368.00 ns, 19.2401 us/op
WorkloadPilot    4: 128 op, 2275778.00 ns, 17.7795 us/op
WorkloadPilot    5: 256 op, 4616018.00 ns, 18.0313 us/op
WorkloadPilot    6: 512 op, 8092224.00 ns, 15.8051 us/op
WorkloadPilot    7: 1024 op, 14864311.00 ns, 14.5159 us/op
WorkloadPilot    8: 2048 op, 29289661.00 ns, 14.3016 us/op
WorkloadPilot    9: 4096 op, 57324460.00 ns, 13.9952 us/op
WorkloadPilot   10: 8192 op, 59867900.00 ns, 7.3081 us/op
WorkloadPilot   11: 16384 op, 73425238.00 ns, 4.4815 us/op
WorkloadPilot   12: 32768 op, 146039975.00 ns, 4.4568 us/op
WorkloadPilot   13: 65536 op, 292736045.00 ns, 4.4668 us/op
WorkloadPilot   14: 131072 op, 578152137.00 ns, 4.4110 us/op

OverheadWarmup   1: 131072 op, 264416.00 ns, 2.0173 ns/op
OverheadWarmup   2: 131072 op, 254698.00 ns, 1.9432 ns/op
OverheadWarmup   3: 131072 op, 261260.00 ns, 1.9933 ns/op
OverheadWarmup   4: 131072 op, 254528.00 ns, 1.9419 ns/op
OverheadWarmup   5: 131072 op, 260048.00 ns, 1.9840 ns/op
OverheadWarmup   6: 131072 op, 254197.00 ns, 1.9394 ns/op

OverheadActual   1: 131072 op, 254868.00 ns, 1.9445 ns/op
OverheadActual   2: 131072 op, 256070.00 ns, 1.9537 ns/op
OverheadActual   3: 131072 op, 341965.00 ns, 2.6090 ns/op
OverheadActual   4: 131072 op, 310985.00 ns, 2.3726 ns/op
OverheadActual   5: 131072 op, 255158.00 ns, 1.9467 ns/op
OverheadActual   6: 131072 op, 261661.00 ns, 1.9963 ns/op
OverheadActual   7: 131072 op, 254688.00 ns, 1.9431 ns/op
OverheadActual   8: 131072 op, 313740.00 ns, 2.3936 ns/op
OverheadActual   9: 131072 op, 297590.00 ns, 2.2704 ns/op
OverheadActual  10: 131072 op, 254587.00 ns, 1.9423 ns/op
OverheadActual  11: 131072 op, 253876.00 ns, 1.9369 ns/op
OverheadActual  12: 131072 op, 254077.00 ns, 1.9385 ns/op
OverheadActual  13: 131072 op, 259477.00 ns, 1.9797 ns/op
OverheadActual  14: 131072 op, 254447.00 ns, 1.9413 ns/op
OverheadActual  15: 131072 op, 254477.00 ns, 1.9415 ns/op
OverheadActual  16: 131072 op, 260078.00 ns, 1.9842 ns/op
OverheadActual  17: 131072 op, 254608.00 ns, 1.9425 ns/op

OverheadWarmup   1: 131072 op, 255409.00 ns, 1.9486 ns/op
OverheadWarmup   2: 131072 op, 304874.00 ns, 2.3260 ns/op
OverheadWarmup   3: 131072 op, 254668.00 ns, 1.9430 ns/op
OverheadWarmup   4: 131072 op, 258474.00 ns, 1.9720 ns/op
OverheadWarmup   5: 131072 op, 254387.00 ns, 1.9408 ns/op
OverheadWarmup   6: 131072 op, 254427.00 ns, 1.9411 ns/op

// BeforeActualRun
WorkloadActual   1: 131072 op, 586230245.00 ns, 4.4726 us/op
WorkloadActual   2: 131072 op, 590065251.00 ns, 4.5018 us/op
WorkloadActual   3: 131072 op, 585930745.00 ns, 4.4703 us/op
WorkloadActual   4: 131072 op, 584348167.00 ns, 4.4582 us/op
WorkloadActual   5: 131072 op, 587784769.00 ns, 4.4844 us/op
WorkloadActual   6: 131072 op, 589457533.00 ns, 4.4972 us/op
WorkloadActual   7: 131072 op, 589148102.00 ns, 4.4948 us/op
WorkloadActual   8: 131072 op, 582659028.00 ns, 4.4453 us/op
WorkloadActual   9: 131072 op, 584370207.00 ns, 4.4584 us/op
WorkloadActual  10: 131072 op, 584205383.00 ns, 4.4571 us/op
WorkloadActual  11: 131072 op, 583978048.00 ns, 4.4554 us/op
WorkloadActual  12: 131072 op, 579946190.00 ns, 4.4246 us/op
WorkloadActual  13: 131072 op, 580322893.00 ns, 4.4275 us/op
WorkloadActual  14: 131072 op, 582862417.00 ns, 4.4469 us/op
WorkloadActual  15: 131072 op, 584764311.00 ns, 4.4614 us/op

// AfterActualRun
WorkloadResult   1: 131072 op, 585975087.00 ns, 4.4706 us/op
WorkloadResult   2: 131072 op, 589810093.00 ns, 4.4999 us/op
WorkloadResult   3: 131072 op, 585675587.00 ns, 4.4684 us/op
WorkloadResult   4: 131072 op, 584093009.00 ns, 4.4563 us/op
WorkloadResult   5: 131072 op, 587529611.00 ns, 4.4825 us/op
WorkloadResult   6: 131072 op, 589202375.00 ns, 4.4953 us/op
WorkloadResult   7: 131072 op, 588892944.00 ns, 4.4929 us/op
WorkloadResult   8: 131072 op, 582403870.00 ns, 4.4434 us/op
WorkloadResult   9: 131072 op, 584115049.00 ns, 4.4564 us/op
WorkloadResult  10: 131072 op, 583950225.00 ns, 4.4552 us/op
WorkloadResult  11: 131072 op, 583722890.00 ns, 4.4535 us/op
WorkloadResult  12: 131072 op, 579691032.00 ns, 4.4227 us/op
WorkloadResult  13: 131072 op, 580067735.00 ns, 4.4256 us/op
WorkloadResult  14: 131072 op, 582607259.00 ns, 4.4449 us/op
WorkloadResult  15: 131072 op, 584509153.00 ns, 4.4595 us/op
// GC:  33 1 0 1673527296 131072
// Threading:  0 0 131072

// AfterAll
// Benchmark Process 1124037 has exited with code 0.

Mean = 4.462 μs, StdErr = 0.006 μs (0.14%), N = 15, StdDev = 0.023 μs
Min = 4.423 μs, Q1 = 4.449 μs, Median = 4.456 μs, Q3 = 4.477 μs, Max = 4.500 μs
IQR = 0.027 μs, LowerFence = 4.408 μs, UpperFence = 4.518 μs
ConfidenceInterval = [4.437 μs; 4.487 μs] (CI 99.9%), Margin = 0.025 μs (0.56% of Mean)
Skewness = 0.07, Kurtosis = 1.91, MValue = 2

// ** Remained 42 (84.0%) benchmark(s) to run. Estimated finish 2026-01-01 4:12 (0h 8m from now) **
// **************************
// Benchmark: Sorting.Sort_Original: DefaultJob [NumItems=100, GraphType=Independent]
// *** Execute ***
// Launch: 1 / 1
// Execute: dotnet NexusMods.Benchmarks-DefaultJob-2.dll --anonymousPipes 122 144 --benchmarkName "NexusMods.Benchmarks.Benchmarks.Sorting.Sort_Original(NumItems: 100, GraphType: Independent)" --job Default --benchmarkId 8 in /home/ryang/nexus-app/benchmarks/NexusMods.Benchmarks/bin/Release/net9.0/NexusMods.Benchmarks-DefaultJob-2/bin/Release/net9.0
// Failed to set up high priority (Permission denied). In order to run benchmarks with high priority, make sure you have the right permissions.
// BeforeAnythingElse

// Benchmark Process Environment Information:
// BenchmarkDotNet v0.15.2
// Runtime=.NET 9.0.11 (9.0.1125.51716), X64 RyuJIT AVX-512F+CD+BW+DQ+VL+VBMI
// GC=Concurrent Workstation
// HardwareIntrinsics=AVX-512F+CD+BW+DQ+VL+VBMI,AES,BMI1,BMI2,FMA,LZCNT,PCLMUL,POPCNT,AvxVnni VectorSize=256
// Job: DefaultJob

OverheadJitting  1: 1 op, 152172.00 ns, 152.1720 us/op
WorkloadJitting  1: 1 op, 9076389.00 ns, 9.0764 ms/op

OverheadJitting  2: 16 op, 418451.00 ns, 26.1532 us/op
WorkloadJitting  2: 16 op, 3451218.00 ns, 215.7011 us/op

WorkloadPilot    1: 16 op, 2498725.00 ns, 156.1703 us/op
WorkloadPilot    2: 32 op, 5571007.00 ns, 174.0940 us/op
WorkloadPilot    3: 64 op, 11408885.00 ns, 178.2638 us/op
WorkloadPilot    4: 128 op, 23369076.00 ns, 182.5709 us/op
WorkloadPilot    5: 256 op, 44296096.00 ns, 173.0316 us/op
WorkloadPilot    6: 512 op, 96669920.00 ns, 188.8084 us/op
WorkloadPilot    7: 1024 op, 176644622.00 ns, 172.5045 us/op
WorkloadPilot    8: 2048 op, 78904394.00 ns, 38.5275 us/op
WorkloadPilot    9: 4096 op, 154117628.00 ns, 37.6264 us/op
WorkloadPilot   10: 8192 op, 250247154.00 ns, 30.5477 us/op
WorkloadPilot   11: 16384 op, 380545796.00 ns, 23.2267 us/op
WorkloadPilot   12: 32768 op, 761146027.00 ns, 23.2283 us/op

OverheadWarmup   1: 32768 op, 66117.00 ns, 2.0177 ns/op
OverheadWarmup   2: 32768 op, 68371.00 ns, 2.0865 ns/op
OverheadWarmup   3: 32768 op, 64644.00 ns, 1.9728 ns/op
OverheadWarmup   4: 32768 op, 64413.00 ns, 1.9657 ns/op
OverheadWarmup   5: 32768 op, 64534.00 ns, 1.9694 ns/op
OverheadWarmup   6: 32768 op, 64373.00 ns, 1.9645 ns/op

OverheadActual   1: 32768 op, 64644.00 ns, 1.9728 ns/op
OverheadActual   2: 32768 op, 107025.00 ns, 3.2661 ns/op
OverheadActual   3: 32768 op, 64483.00 ns, 1.9679 ns/op
OverheadActual   4: 32768 op, 63833.00 ns, 1.9480 ns/op
OverheadActual   5: 32768 op, 64693.00 ns, 1.9743 ns/op
OverheadActual   6: 32768 op, 66337.00 ns, 2.0244 ns/op
OverheadActual   7: 32768 op, 64443.00 ns, 1.9666 ns/op
OverheadActual   8: 32768 op, 63762.00 ns, 1.9459 ns/op
OverheadActual   9: 32768 op, 99240.00 ns, 3.0286 ns/op
OverheadActual  10: 32768 op, 111624.00 ns, 3.4065 ns/op
OverheadActual  11: 32768 op, 64543.00 ns, 1.9697 ns/op
OverheadActual  12: 32768 op, 63792.00 ns, 1.9468 ns/op
OverheadActual  13: 32768 op, 63922.00 ns, 1.9507 ns/op
OverheadActual  14: 32768 op, 64633.00 ns, 1.9724 ns/op
OverheadActual  15: 32768 op, 64844.00 ns, 1.9789 ns/op

OverheadWarmup   1: 32768 op, 63732.00 ns, 1.9449 ns/op
OverheadWarmup   2: 32768 op, 64564.00 ns, 1.9703 ns/op
OverheadWarmup   3: 32768 op, 64003.00 ns, 1.9532 ns/op
OverheadWarmup   4: 32768 op, 68371.00 ns, 2.0865 ns/op
OverheadWarmup   5: 32768 op, 64162.00 ns, 1.9581 ns/op
OverheadWarmup   6: 32768 op, 64363.00 ns, 1.9642 ns/op

// BeforeActualRun
WorkloadActual   1: 32768 op, 764456729.00 ns, 23.3294 us/op
WorkloadActual   2: 32768 op, 757846154.00 ns, 23.1276 us/op
WorkloadActual   3: 32768 op, 757842880.00 ns, 23.1275 us/op
WorkloadActual   4: 32768 op, 756383408.00 ns, 23.0830 us/op
WorkloadActual   5: 32768 op, 762690307.00 ns, 23.2755 us/op
WorkloadActual   6: 32768 op, 769099313.00 ns, 23.4710 us/op
WorkloadActual   7: 32768 op, 774238555.00 ns, 23.6279 us/op
WorkloadActual   8: 32768 op, 754550049.00 ns, 23.0270 us/op
WorkloadActual   9: 32768 op, 768600715.00 ns, 23.4558 us/op
WorkloadActual  10: 32768 op, 775129318.00 ns, 23.6551 us/op
WorkloadActual  11: 32768 op, 771286152.00 ns, 23.5378 us/op
WorkloadActual  12: 32768 op, 759076075.00 ns, 23.1652 us/op
WorkloadActual  13: 32768 op, 767873302.00 ns, 23.4336 us/op
WorkloadActual  14: 32768 op, 774539199.00 ns, 23.6371 us/op
WorkloadActual  15: 32768 op, 775051544.00 ns, 23.6527 us/op

// AfterActualRun
WorkloadResult   1: 32768 op, 764392096.00 ns, 23.3274 us/op
WorkloadResult   2: 32768 op, 757781521.00 ns, 23.1257 us/op
WorkloadResult   3: 32768 op, 757778247.00 ns, 23.1256 us/op
WorkloadResult   4: 32768 op, 756318775.00 ns, 23.0810 us/op
WorkloadResult   5: 32768 op, 762625674.00 ns, 23.2735 us/op
WorkloadResult   6: 32768 op, 769034680.00 ns, 23.4691 us/op
WorkloadResult   7: 32768 op, 774173922.00 ns, 23.6259 us/op
WorkloadResult   8: 32768 op, 754485416.00 ns, 23.0251 us/op
WorkloadResult   9: 32768 op, 768536082.00 ns, 23.4539 us/op
WorkloadResult  10: 32768 op, 775064685.00 ns, 23.6531 us/op
WorkloadResult  11: 32768 op, 771221519.00 ns, 23.5358 us/op
WorkloadResult  12: 32768 op, 759011442.00 ns, 23.1632 us/op
WorkloadResult  13: 32768 op, 767808669.00 ns, 23.4317 us/op
WorkloadResult  14: 32768 op, 774474566.00 ns, 23.6351 us/op
WorkloadResult  15: 32768 op, 774986911.00 ns, 23.6507 us/op
// GC:  25 1 0 1243318528 32768
// Threading:  404595 263 32768

// AfterAll
// Benchmark Process 1124098 has exited with code 0.

Mean = 23.372 μs, StdErr = 0.058 μs (0.25%), N = 15, StdDev = 0.227 μs
Min = 23.025 μs, Q1 = 23.144 μs, Median = 23.432 μs, Q3 = 23.581 μs, Max = 23.653 μs
IQR = 0.436 μs, LowerFence = 22.490 μs, UpperFence = 24.236 μs
ConfidenceInterval = [23.130 μs; 23.614 μs] (CI 99.9%), Margin = 0.242 μs (1.04% of Mean)
Skewness = -0.12, Kurtosis = 1.34, MValue = 2

// ** Remained 41 (82.0%) benchmark(s) to run. Estimated finish 2026-01-01 4:13 (0h 8m from now) **
// **************************
// Benchmark: Sorting.Sort_Kahn: DefaultJob [NumItems=100, GraphType=Independent]
// *** Execute ***
// Launch: 1 / 1
// Execute: dotnet NexusMods.Benchmarks-DefaultJob-2.dll --anonymousPipes 122 144 --benchmarkName "NexusMods.Benchmarks.Benchmarks.Sorting.Sort_Kahn(NumItems: 100, GraphType: Independent)" --job Default --benchmarkId 9 in /home/ryang/nexus-app/benchmarks/NexusMods.Benchmarks/bin/Release/net9.0/NexusMods.Benchmarks-DefaultJob-2/bin/Release/net9.0
// Failed to set up high priority (Permission denied). In order to run benchmarks with high priority, make sure you have the right permissions.
// BeforeAnythingElse

// Benchmark Process Environment Information:
// BenchmarkDotNet v0.15.2
// Runtime=.NET 9.0.11 (9.0.1125.51716), X64 RyuJIT AVX-512F+CD+BW+DQ+VL+VBMI
// GC=Concurrent Workstation
// HardwareIntrinsics=AVX-512F+CD+BW+DQ+VL+VBMI,AES,BMI1,BMI2,FMA,LZCNT,PCLMUL,POPCNT,AvxVnni VectorSize=256
// Job: DefaultJob

OverheadJitting  1: 1 op, 153153.00 ns, 153.1530 us/op
WorkloadJitting  1: 1 op, 1460676.00 ns, 1.4607 ms/op

OverheadJitting  2: 16 op, 345492.00 ns, 21.5933 us/op
WorkloadJitting  2: 16 op, 528392.00 ns, 33.0245 us/op

WorkloadPilot    1: 16 op, 159696.00 ns, 9.9810 us/op
WorkloadPilot    2: 32 op, 393053.00 ns, 12.2829 us/op
WorkloadPilot    3: 64 op, 907127.00 ns, 14.1739 us/op
WorkloadPilot    4: 128 op, 1687041.00 ns, 13.1800 us/op
WorkloadPilot    5: 256 op, 3383198.00 ns, 13.2156 us/op
WorkloadPilot    6: 512 op, 5898815.00 ns, 11.5211 us/op
WorkloadPilot    7: 1024 op, 11050149.00 ns, 10.7912 us/op
WorkloadPilot    8: 2048 op, 21649194.00 ns, 10.5709 us/op
WorkloadPilot    9: 4096 op, 42242437.00 ns, 10.3131 us/op
WorkloadPilot   10: 8192 op, 64519624.00 ns, 7.8759 us/op
WorkloadPilot   11: 16384 op, 36462870.00 ns, 2.2255 us/op
WorkloadPilot   12: 32768 op, 72008383.00 ns, 2.1975 us/op
WorkloadPilot   13: 65536 op, 142509681.00 ns, 2.1745 us/op
WorkloadPilot   14: 131072 op, 284080434.00 ns, 2.1674 us/op
WorkloadPilot   15: 262144 op, 568569944.00 ns, 2.1689 us/op

OverheadWarmup   1: 262144 op, 506439.00 ns, 1.9319 ns/op
OverheadWarmup   2: 262144 op, 505668.00 ns, 1.9290 ns/op
OverheadWarmup   3: 262144 op, 508534.00 ns, 1.9399 ns/op
OverheadWarmup   4: 262144 op, 507232.00 ns, 1.9349 ns/op
OverheadWarmup   5: 262144 op, 505648.00 ns, 1.9289 ns/op
OverheadWarmup   6: 262144 op, 508473.00 ns, 1.9397 ns/op
OverheadWarmup   7: 262144 op, 505909.00 ns, 1.9299 ns/op

OverheadActual   1: 262144 op, 529834.00 ns, 2.0212 ns/op
OverheadActual   2: 262144 op, 505909.00 ns, 1.9299 ns/op
OverheadActual   3: 262144 op, 520827.00 ns, 1.9868 ns/op
OverheadActual   4: 262144 op, 505548.00 ns, 1.9285 ns/op
OverheadActual   5: 262144 op, 505588.00 ns, 1.9287 ns/op
OverheadActual   6: 262144 op, 509235.00 ns, 1.9426 ns/op
OverheadActual   7: 262144 op, 506069.00 ns, 1.9305 ns/op
OverheadActual   8: 262144 op, 530406.00 ns, 2.0233 ns/op
OverheadActual   9: 262144 op, 533992.00 ns, 2.0370 ns/op
OverheadActual  10: 262144 op, 508253.00 ns, 1.9388 ns/op
OverheadActual  11: 262144 op, 510648.00 ns, 1.9480 ns/op
OverheadActual  12: 262144 op, 511370.00 ns, 1.9507 ns/op
OverheadActual  13: 262144 op, 508865.00 ns, 1.9412 ns/op
OverheadActual  14: 262144 op, 512191.00 ns, 1.9539 ns/op
OverheadActual  15: 262144 op, 529995.00 ns, 2.0218 ns/op

OverheadWarmup   1: 262144 op, 511870.00 ns, 1.9526 ns/op
OverheadWarmup   2: 262144 op, 508774.00 ns, 1.9408 ns/op
OverheadWarmup   3: 262144 op, 511639.00 ns, 1.9517 ns/op
OverheadWarmup   4: 262144 op, 510628.00 ns, 1.9479 ns/op
OverheadWarmup   5: 262144 op, 508784.00 ns, 1.9409 ns/op
OverheadWarmup   6: 262144 op, 510638.00 ns, 1.9479 ns/op
OverheadWarmup   7: 262144 op, 529383.00 ns, 2.0194 ns/op
OverheadWarmup   8: 262144 op, 508594.00 ns, 1.9401 ns/op

// BeforeActualRun
WorkloadActual   1: 262144 op, 571422487.00 ns, 2.1798 us/op
WorkloadActual   2: 262144 op, 571939168.00 ns, 2.1818 us/op
WorkloadActual   3: 262144 op, 576774639.00 ns, 2.2002 us/op
WorkloadActual   4: 262144 op, 575437469.00 ns, 2.1951 us/op
WorkloadActual   5: 262144 op, 579183524.00 ns, 2.2094 us/op
WorkloadActual   6: 262144 op, 571494532.00 ns, 2.1801 us/op
WorkloadActual   7: 262144 op, 575987878.00 ns, 2.1972 us/op
WorkloadActual   8: 262144 op, 572436459.00 ns, 2.1837 us/op
WorkloadActual   9: 262144 op, 560985944.00 ns, 2.1400 us/op
WorkloadActual  10: 262144 op, 562127492.00 ns, 2.1443 us/op
WorkloadActual  11: 262144 op, 567710754.00 ns, 2.1656 us/op
WorkloadActual  12: 262144 op, 564135860.00 ns, 2.1520 us/op
WorkloadActual  13: 262144 op, 562573850.00 ns, 2.1460 us/op
WorkloadActual  14: 262144 op, 562652261.00 ns, 2.1463 us/op
WorkloadActual  15: 262144 op, 562283968.00 ns, 2.1449 us/op

// AfterActualRun
WorkloadResult   1: 262144 op, 570911839.00 ns, 2.1779 us/op
WorkloadResult   2: 262144 op, 571428520.00 ns, 2.1798 us/op
WorkloadResult   3: 262144 op, 576263991.00 ns, 2.1983 us/op
WorkloadResult   4: 262144 op, 574926821.00 ns, 2.1932 us/op
WorkloadResult   5: 262144 op, 578672876.00 ns, 2.2075 us/op
WorkloadResult   6: 262144 op, 570983884.00 ns, 2.1781 us/op
WorkloadResult   7: 262144 op, 575477230.00 ns, 2.1953 us/op
WorkloadResult   8: 262144 op, 571925811.00 ns, 2.1817 us/op
WorkloadResult   9: 262144 op, 560475296.00 ns, 2.1380 us/op
WorkloadResult  10: 262144 op, 561616844.00 ns, 2.1424 us/op
WorkloadResult  11: 262144 op, 567200106.00 ns, 2.1637 us/op
WorkloadResult  12: 262144 op, 563625212.00 ns, 2.1501 us/op
WorkloadResult  13: 262144 op, 562063202.00 ns, 2.1441 us/op
WorkloadResult  14: 262144 op, 562141613.00 ns, 2.1444 us/op
WorkloadResult  15: 262144 op, 561773320.00 ns, 2.1430 us/op
// GC:  60 1 0 3045064704 262144
// Threading:  0 0 262144

// AfterAll
// Benchmark Process 1124223 has exited with code 0.

Mean = 2.169 μs, StdErr = 0.006 μs (0.28%), N = 15, StdDev = 0.024 μs
Min = 2.138 μs, Q1 = 2.144 μs, Median = 2.178 μs, Q3 = 2.187 μs, Max = 2.207 μs
IQR = 0.043 μs, LowerFence = 2.079 μs, UpperFence = 2.252 μs
ConfidenceInterval = [2.144 μs; 2.195 μs] (CI 99.9%), Margin = 0.026 μs (1.18% of Mean)
Skewness = 0.06, Kurtosis = 1.33, MValue = 2

// ** Remained 40 (80.0%) benchmark(s) to run. Estimated finish 2026-01-01 4:12 (0h 8m from now) **
// **************************
// Benchmark: Sorting.Sort_Original: DefaultJob [NumItems=1000, GraphType=Complex]
// *** Execute ***
// Launch: 1 / 1
// Execute: dotnet NexusMods.Benchmarks-DefaultJob-2.dll --anonymousPipes 122 144 --benchmarkName "NexusMods.Benchmarks.Benchmarks.Sorting.Sort_Original(NumItems: 1000, GraphType: Complex)" --job Default --benchmarkId 10 in /home/ryang/nexus-app/benchmarks/NexusMods.Benchmarks/bin/Release/net9.0/NexusMods.Benchmarks-DefaultJob-2/bin/Release/net9.0
// Failed to set up high priority (Permission denied). In order to run benchmarks with high priority, make sure you have the right permissions.
// BeforeAnythingElse

// Benchmark Process Environment Information:
// BenchmarkDotNet v0.15.2
// Runtime=.NET 9.0.11 (9.0.1125.51716), X64 RyuJIT AVX-512F+CD+BW+DQ+VL+VBMI
// GC=Concurrent Workstation
// HardwareIntrinsics=AVX-512F+CD+BW+DQ+VL+VBMI,AES,BMI1,BMI2,FMA,LZCNT,PCLMUL,POPCNT,AvxVnni VectorSize=256
// Job: DefaultJob

OverheadJitting  1: 1 op, 154025.00 ns, 154.0250 us/op
WorkloadJitting  1: 1 op, 23283465.00 ns, 23.2835 ms/op

OverheadJitting  2: 16 op, 349359.00 ns, 21.8349 us/op
WorkloadJitting  2: 16 op, 210065409.00 ns, 13.1291 ms/op

WorkloadPilot    1: 16 op, 193090553.00 ns, 12.0682 ms/op
WorkloadPilot    2: 32 op, 234989775.00 ns, 7.3434 ms/op
WorkloadPilot    3: 64 op, 460743856.00 ns, 7.1991 ms/op
WorkloadPilot    4: 128 op, 921453719.00 ns, 7.1989 ms/op

OverheadWarmup   1: 128 op, 1824.00 ns, 14.2500 ns/op
OverheadWarmup   2: 128 op, 531.00 ns, 4.1484 ns/op
OverheadWarmup   3: 128 op, 340.00 ns, 2.6563 ns/op
OverheadWarmup   4: 128 op, 331.00 ns, 2.5859 ns/op
OverheadWarmup   5: 128 op, 341.00 ns, 2.6641 ns/op
OverheadWarmup   6: 128 op, 331.00 ns, 2.5859 ns/op
OverheadWarmup   7: 128 op, 330.00 ns, 2.5781 ns/op
OverheadWarmup   8: 128 op, 330.00 ns, 2.5781 ns/op
OverheadWarmup   9: 128 op, 341.00 ns, 2.6641 ns/op

OverheadActual   1: 128 op, 842.00 ns, 6.5781 ns/op
OverheadActual   2: 128 op, 792.00 ns, 6.1875 ns/op
OverheadActual   3: 128 op, 712.00 ns, 5.5625 ns/op
OverheadActual   4: 128 op, 681.00 ns, 5.3203 ns/op
OverheadActual   5: 128 op, 711.00 ns, 5.5547 ns/op
OverheadActual   6: 128 op, 411.00 ns, 3.2109 ns/op
OverheadActual   7: 128 op, 391.00 ns, 3.0547 ns/op
OverheadActual   8: 128 op, 381.00 ns, 2.9766 ns/op
OverheadActual   9: 128 op, 370.00 ns, 2.8906 ns/op
OverheadActual  10: 128 op, 371.00 ns, 2.8984 ns/op
OverheadActual  11: 128 op, 481.00 ns, 3.7578 ns/op
OverheadActual  12: 128 op, 692.00 ns, 5.4063 ns/op
OverheadActual  13: 128 op, 411.00 ns, 3.2109 ns/op
OverheadActual  14: 128 op, 401.00 ns, 3.1328 ns/op
OverheadActual  15: 128 op, 340.00 ns, 2.6563 ns/op
OverheadActual  16: 128 op, 361.00 ns, 2.8203 ns/op
OverheadActual  17: 128 op, 360.00 ns, 2.8125 ns/op
OverheadActual  18: 128 op, 661.00 ns, 5.1641 ns/op
OverheadActual  19: 128 op, 421.00 ns, 3.2891 ns/op
OverheadActual  20: 128 op, 481.00 ns, 3.7578 ns/op

OverheadWarmup   1: 128 op, 722.00 ns, 5.6406 ns/op
OverheadWarmup   2: 128 op, 491.00 ns, 3.8359 ns/op
OverheadWarmup   3: 128 op, 390.00 ns, 3.0469 ns/op
OverheadWarmup   4: 128 op, 772.00 ns, 6.0313 ns/op
OverheadWarmup   5: 128 op, 541.00 ns, 4.2266 ns/op
OverheadWarmup   6: 128 op, 391.00 ns, 3.0547 ns/op
OverheadWarmup   7: 128 op, 370.00 ns, 2.8906 ns/op
OverheadWarmup   8: 128 op, 380.00 ns, 2.9688 ns/op
OverheadWarmup   9: 128 op, 370.00 ns, 2.8906 ns/op

// BeforeActualRun
WorkloadActual   1: 128 op, 929622525.00 ns, 7.2627 ms/op
WorkloadActual   2: 128 op, 917984574.00 ns, 7.1718 ms/op
WorkloadActual   3: 128 op, 926572052.00 ns, 7.2388 ms/op
WorkloadActual   4: 128 op, 919178608.00 ns, 7.1811 ms/op
WorkloadActual   5: 128 op, 920470735.00 ns, 7.1912 ms/op
WorkloadActual   6: 128 op, 921703119.00 ns, 7.2008 ms/op
WorkloadActual   7: 128 op, 921877366.00 ns, 7.2022 ms/op
WorkloadActual   8: 128 op, 930483500.00 ns, 7.2694 ms/op
WorkloadActual   9: 128 op, 924251720.00 ns, 7.2207 ms/op
WorkloadActual  10: 128 op, 927649400.00 ns, 7.2473 ms/op
WorkloadActual  11: 128 op, 915381983.00 ns, 7.1514 ms/op
WorkloadActual  12: 128 op, 924342986.00 ns, 7.2214 ms/op
WorkloadActual  13: 128 op, 917718894.00 ns, 7.1697 ms/op
WorkloadActual  14: 128 op, 916035545.00 ns, 7.1565 ms/op
WorkloadActual  15: 128 op, 912589270.00 ns, 7.1296 ms/op

// AfterActualRun
WorkloadResult   1: 128 op, 929622109.00 ns, 7.2627 ms/op
WorkloadResult   2: 128 op, 917984158.00 ns, 7.1718 ms/op
WorkloadResult   3: 128 op, 926571636.00 ns, 7.2388 ms/op
WorkloadResult   4: 128 op, 919178192.00 ns, 7.1811 ms/op
WorkloadResult   5: 128 op, 920470319.00 ns, 7.1912 ms/op
WorkloadResult   6: 128 op, 921702703.00 ns, 7.2008 ms/op
WorkloadResult   7: 128 op, 921876950.00 ns, 7.2022 ms/op
WorkloadResult   8: 128 op, 930483084.00 ns, 7.2694 ms/op
WorkloadResult   9: 128 op, 924251304.00 ns, 7.2207 ms/op
WorkloadResult  10: 128 op, 927648984.00 ns, 7.2473 ms/op
WorkloadResult  11: 128 op, 915381567.00 ns, 7.1514 ms/op
WorkloadResult  12: 128 op, 924342570.00 ns, 7.2214 ms/op
WorkloadResult  13: 128 op, 917718478.00 ns, 7.1697 ms/op
WorkloadResult  14: 128 op, 916035129.00 ns, 7.1565 ms/op
WorkloadResult  15: 128 op, 912588854.00 ns, 7.1296 ms/op
// GC:  1 0 0 94117168 128
// Threading:  1818 333 128

// AfterAll
// Benchmark Process 1124281 has exited with code 0.

Mean = 7.201 ms, StdErr = 0.011 ms (0.15%), N = 15, StdDev = 0.042 ms
Min = 7.130 ms, Q1 = 7.171 ms, Median = 7.201 ms, Q3 = 7.230 ms, Max = 7.269 ms
IQR = 0.059 ms, LowerFence = 7.082 ms, UpperFence = 7.319 ms
ConfidenceInterval = [7.156 ms; 7.246 ms] (CI 99.9%), Margin = 0.045 ms (0.62% of Mean)
Skewness = 0.08, Kurtosis = 1.73, MValue = 2

// ** Remained 39 (78.0%) benchmark(s) to run. Estimated finish 2026-01-01 4:13 (0h 8m from now) **
// **************************
// Benchmark: Sorting.Sort_Kahn: DefaultJob [NumItems=1000, GraphType=Complex]
// *** Execute ***
// Launch: 1 / 1
// Execute: dotnet NexusMods.Benchmarks-DefaultJob-2.dll --anonymousPipes 122 144 --benchmarkName "NexusMods.Benchmarks.Benchmarks.Sorting.Sort_Kahn(NumItems: 1000, GraphType: Complex)" --job Default --benchmarkId 11 in /home/ryang/nexus-app/benchmarks/NexusMods.Benchmarks/bin/Release/net9.0/NexusMods.Benchmarks-DefaultJob-2/bin/Release/net9.0
// Failed to set up high priority (Permission denied). In order to run benchmarks with high priority, make sure you have the right permissions.
// BeforeAnythingElse

// Benchmark Process Environment Information:
// BenchmarkDotNet v0.15.2
// Runtime=.NET 9.0.11 (9.0.1125.51716), X64 RyuJIT AVX-512F+CD+BW+DQ+VL+VBMI
// GC=Concurrent Workstation
// HardwareIntrinsics=AVX-512F+CD+BW+DQ+VL+VBMI,AES,BMI1,BMI2,FMA,LZCNT,PCLMUL,POPCNT,AvxVnni VectorSize=256
// Job: DefaultJob

OverheadJitting  1: 1 op, 155137.00 ns, 155.1370 us/op
WorkloadJitting  1: 1 op, 1692050.00 ns, 1.6921 ms/op

OverheadJitting  2: 16 op, 351944.00 ns, 21.9965 us/op
WorkloadJitting  2: 16 op, 8532660.00 ns, 533.2913 us/op

WorkloadPilot    1: 16 op, 1603190.00 ns, 100.1994 us/op
WorkloadPilot    2: 32 op, 2821463.00 ns, 88.1707 us/op
WorkloadPilot    3: 64 op, 5493370.00 ns, 85.8339 us/op
WorkloadPilot    4: 128 op, 11113432.00 ns, 86.8237 us/op
WorkloadPilot    5: 256 op, 22151950.00 ns, 86.5311 us/op
WorkloadPilot    6: 512 op, 41129340.00 ns, 80.3307 us/op
WorkloadPilot    7: 1024 op, 82910919.00 ns, 80.9677 us/op
WorkloadPilot    8: 2048 op, 133343666.00 ns, 65.1092 us/op
WorkloadPilot    9: 4096 op, 267063761.00 ns, 65.2011 us/op
WorkloadPilot   10: 8192 op, 530411739.00 ns, 64.7475 us/op

OverheadWarmup   1: 8192 op, 18516.00 ns, 2.2603 ns/op
OverheadWarmup   2: 8192 op, 16271.00 ns, 1.9862 ns/op
OverheadWarmup   3: 8192 op, 15890.00 ns, 1.9397 ns/op
OverheadWarmup   4: 8192 op, 15871.00 ns, 1.9374 ns/op
OverheadWarmup   5: 8192 op, 65956.00 ns, 8.0513 ns/op
OverheadWarmup   6: 8192 op, 15900.00 ns, 1.9409 ns/op
OverheadWarmup   7: 8192 op, 15871.00 ns, 1.9374 ns/op
OverheadWarmup   8: 8192 op, 15901.00 ns, 1.9410 ns/op
OverheadWarmup   9: 8192 op, 16521.00 ns, 2.0167 ns/op
OverheadWarmup  10: 8192 op, 15920.00 ns, 1.9434 ns/op

OverheadActual   1: 8192 op, 16251.00 ns, 1.9838 ns/op
OverheadActual   2: 8192 op, 16191.00 ns, 1.9764 ns/op
OverheadActual   3: 8192 op, 16181.00 ns, 1.9752 ns/op
OverheadActual   4: 8192 op, 15991.00 ns, 1.9520 ns/op
OverheadActual   5: 8192 op, 16111.00 ns, 1.9667 ns/op
OverheadActual   6: 8192 op, 15870.00 ns, 1.9373 ns/op
OverheadActual   7: 8192 op, 16552.00 ns, 2.0205 ns/op
OverheadActual   8: 8192 op, 15920.00 ns, 1.9434 ns/op
OverheadActual   9: 8192 op, 15930.00 ns, 1.9446 ns/op
OverheadActual  10: 8192 op, 15860.00 ns, 1.9360 ns/op
OverheadActual  11: 8192 op, 15881.00 ns, 1.9386 ns/op
OverheadActual  12: 8192 op, 15880.00 ns, 1.9385 ns/op
OverheadActual  13: 8192 op, 15800.00 ns, 1.9287 ns/op
OverheadActual  14: 8192 op, 15810.00 ns, 1.9299 ns/op
OverheadActual  15: 8192 op, 16161.00 ns, 1.9728 ns/op

OverheadWarmup   1: 8192 op, 16161.00 ns, 1.9728 ns/op
OverheadWarmup   2: 8192 op, 16021.00 ns, 1.9557 ns/op
OverheadWarmup   3: 8192 op, 15860.00 ns, 1.9360 ns/op
OverheadWarmup   4: 8192 op, 15850.00 ns, 1.9348 ns/op
OverheadWarmup   5: 8192 op, 15900.00 ns, 1.9409 ns/op
OverheadWarmup   6: 8192 op, 15810.00 ns, 1.9299 ns/op
OverheadWarmup   7: 8192 op, 15861.00 ns, 1.9362 ns/op
OverheadWarmup   8: 8192 op, 19828.00 ns, 2.4204 ns/op
OverheadWarmup   9: 8192 op, 15931.00 ns, 1.9447 ns/op

// BeforeActualRun
WorkloadActual   1: 8192 op, 530650848.00 ns, 64.7767 us/op
WorkloadActual   2: 8192 op, 528114842.00 ns, 64.4671 us/op
WorkloadActual   3: 8192 op, 533963855.00 ns, 65.1811 us/op
WorkloadActual   4: 8192 op, 531718847.00 ns, 64.9071 us/op
WorkloadActual   5: 8192 op, 528066294.00 ns, 64.4612 us/op
WorkloadActual   6: 8192 op, 525675015.00 ns, 64.1693 us/op
WorkloadActual   7: 8192 op, 525522995.00 ns, 64.1508 us/op
WorkloadActual   8: 8192 op, 524617062.00 ns, 64.0402 us/op
WorkloadActual   9: 8192 op, 524489749.00 ns, 64.0246 us/op
WorkloadActual  10: 8192 op, 529117212.00 ns, 64.5895 us/op
WorkloadActual  11: 8192 op, 533860747.00 ns, 65.1685 us/op
WorkloadActual  12: 8192 op, 534388278.00 ns, 65.2329 us/op
WorkloadActual  13: 8192 op, 535119960.00 ns, 65.3223 us/op
WorkloadActual  14: 8192 op, 534487441.00 ns, 65.2450 us/op
WorkloadActual  15: 8192 op, 529977885.00 ns, 64.6946 us/op

// AfterActualRun
WorkloadResult   1: 8192 op, 530634918.00 ns, 64.7748 us/op
WorkloadResult   2: 8192 op, 528098912.00 ns, 64.4652 us/op
WorkloadResult   3: 8192 op, 533947925.00 ns, 65.1792 us/op
WorkloadResult   4: 8192 op, 531702917.00 ns, 64.9051 us/op
WorkloadResult   5: 8192 op, 528050364.00 ns, 64.4593 us/op
WorkloadResult   6: 8192 op, 525659085.00 ns, 64.1674 us/op
WorkloadResult   7: 8192 op, 525507065.00 ns, 64.1488 us/op
WorkloadResult   8: 8192 op, 524601132.00 ns, 64.0382 us/op
WorkloadResult   9: 8192 op, 524473819.00 ns, 64.0227 us/op
WorkloadResult  10: 8192 op, 529101282.00 ns, 64.5876 us/op
WorkloadResult  11: 8192 op, 533844817.00 ns, 65.1666 us/op
WorkloadResult  12: 8192 op, 534372348.00 ns, 65.2310 us/op
WorkloadResult  13: 8192 op, 535104030.00 ns, 65.3203 us/op
WorkloadResult  14: 8192 op, 534471511.00 ns, 65.2431 us/op
WorkloadResult  15: 8192 op, 529961955.00 ns, 64.6926 us/op
// GC:  24 6 0 1250164736 8192
// Threading:  0 0 8192

// AfterAll
// Benchmark Process 1124408 has exited with code 0.

Mean = 64.693 μs, StdErr = 0.121 μs (0.19%), N = 15, StdDev = 0.468 μs
Min = 64.023 μs, Q1 = 64.313 μs, Median = 64.693 μs, Q3 = 65.173 μs, Max = 65.320 μs
IQR = 0.860 μs, LowerFence = 63.024 μs, UpperFence = 66.462 μs
ConfidenceInterval = [64.193 μs; 65.194 μs] (CI 99.9%), Margin = 0.500 μs (0.77% of Mean)
Skewness = -0.08, Kurtosis = 1.38, MValue = 2

// ** Remained 38 (76.0%) benchmark(s) to run. Estimated finish 2026-01-01 4:13 (0h 7m from now) **
// **************************
// Benchmark: Sorting.Sort_Original: DefaultJob [NumItems=1000, GraphType=Random]
// *** Execute ***
// Launch: 1 / 1
// Execute: dotnet NexusMods.Benchmarks-DefaultJob-2.dll --anonymousPipes 122 144 --benchmarkName "NexusMods.Benchmarks.Benchmarks.Sorting.Sort_Original(NumItems: 1000, GraphType: Random)" --job Default --benchmarkId 12 in /home/ryang/nexus-app/benchmarks/NexusMods.Benchmarks/bin/Release/net9.0/NexusMods.Benchmarks-DefaultJob-2/bin/Release/net9.0
// Failed to set up high priority (Permission denied). In order to run benchmarks with high priority, make sure you have the right permissions.
// BeforeAnythingElse

// Benchmark Process Environment Information:
// BenchmarkDotNet v0.15.2
// Runtime=.NET 9.0.11 (9.0.1125.51716), X64 RyuJIT AVX-512F+CD+BW+DQ+VL+VBMI
// GC=Concurrent Workstation
// HardwareIntrinsics=AVX-512F+CD+BW+DQ+VL+VBMI,AES,BMI1,BMI2,FMA,LZCNT,PCLMUL,POPCNT,AvxVnni VectorSize=256
// Job: DefaultJob

OverheadJitting  1: 1 op, 153685.00 ns, 153.6850 us/op
WorkloadJitting  1: 1 op, 16991408.00 ns, 16.9914 ms/op

OverheadJitting  2: 16 op, 349770.00 ns, 21.8606 us/op
WorkloadJitting  2: 16 op, 73780909.00 ns, 4.6113 ms/op

WorkloadPilot    1: 16 op, 71517735.00 ns, 4.4699 ms/op
WorkloadPilot    2: 32 op, 142968952.00 ns, 4.4678 ms/op
WorkloadPilot    3: 64 op, 240664669.00 ns, 3.7604 ms/op
WorkloadPilot    4: 128 op, 270106770.00 ns, 2.1102 ms/op
WorkloadPilot    5: 256 op, 504948759.00 ns, 1.9725 ms/op

OverheadWarmup   1: 256 op, 1994.00 ns, 7.7891 ns/op
OverheadWarmup   2: 256 op, 702.00 ns, 2.7422 ns/op
OverheadWarmup   3: 256 op, 571.00 ns, 2.2305 ns/op
OverheadWarmup   4: 256 op, 551.00 ns, 2.1523 ns/op
OverheadWarmup   5: 256 op, 551.00 ns, 2.1523 ns/op
OverheadWarmup   6: 256 op, 551.00 ns, 2.1523 ns/op
OverheadWarmup   7: 256 op, 601.00 ns, 2.3477 ns/op
OverheadWarmup   8: 256 op, 642.00 ns, 2.5078 ns/op
OverheadWarmup   9: 256 op, 551.00 ns, 2.1523 ns/op

OverheadActual   1: 256 op, 1272.00 ns, 4.9688 ns/op
OverheadActual   2: 256 op, 1292.00 ns, 5.0469 ns/op
OverheadActual   3: 256 op, 1012.00 ns, 3.9531 ns/op
OverheadActual   4: 256 op, 1302.00 ns, 5.0859 ns/op
OverheadActual   5: 256 op, 1263.00 ns, 4.9336 ns/op
OverheadActual   6: 256 op, 922.00 ns, 3.6016 ns/op
OverheadActual   7: 256 op, 882.00 ns, 3.4453 ns/op
OverheadActual   8: 256 op, 872.00 ns, 3.4063 ns/op
OverheadActual   9: 256 op, 891.00 ns, 3.4805 ns/op
OverheadActual  10: 256 op, 861.00 ns, 3.3633 ns/op
OverheadActual  11: 256 op, 892.00 ns, 3.4844 ns/op
OverheadActual  12: 256 op, 872.00 ns, 3.4063 ns/op
OverheadActual  13: 256 op, 872.00 ns, 3.4063 ns/op
OverheadActual  14: 256 op, 882.00 ns, 3.4453 ns/op
OverheadActual  15: 256 op, 862.00 ns, 3.3672 ns/op
OverheadActual  16: 256 op, 861.00 ns, 3.3633 ns/op
OverheadActual  17: 256 op, 902.00 ns, 3.5234 ns/op
OverheadActual  18: 256 op, 1203.00 ns, 4.6992 ns/op
OverheadActual  19: 256 op, 922.00 ns, 3.6016 ns/op
OverheadActual  20: 256 op, 861.00 ns, 3.3633 ns/op

OverheadWarmup   1: 256 op, 1192.00 ns, 4.6563 ns/op
OverheadWarmup   2: 256 op, 1012.00 ns, 3.9531 ns/op
OverheadWarmup   3: 256 op, 862.00 ns, 3.3672 ns/op
OverheadWarmup   4: 256 op, 872.00 ns, 3.4063 ns/op
OverheadWarmup   5: 256 op, 861.00 ns, 3.3633 ns/op
OverheadWarmup   6: 256 op, 862.00 ns, 3.3672 ns/op
OverheadWarmup   7: 256 op, 862.00 ns, 3.3672 ns/op

// BeforeActualRun
WorkloadActual   1: 256 op, 505518953.00 ns, 1.9747 ms/op
WorkloadActual   2: 256 op, 505047129.00 ns, 1.9728 ms/op
WorkloadActual   3: 256 op, 500861436.00 ns, 1.9565 ms/op
WorkloadActual   4: 256 op, 501163824.00 ns, 1.9577 ms/op
WorkloadActual   5: 256 op, 503316229.00 ns, 1.9661 ms/op
WorkloadActual   6: 256 op, 502988662.00 ns, 1.9648 ms/op
WorkloadActual   7: 256 op, 506326977.00 ns, 1.9778 ms/op
WorkloadActual   8: 256 op, 508708878.00 ns, 1.9871 ms/op
WorkloadActual   9: 256 op, 503097475.00 ns, 1.9652 ms/op
WorkloadActual  10: 256 op, 549274865.00 ns, 2.1456 ms/op
WorkloadActual  11: 256 op, 513216554.00 ns, 2.0048 ms/op
WorkloadActual  12: 256 op, 522300109.00 ns, 2.0402 ms/op
WorkloadActual  13: 256 op, 779805909.00 ns, 3.0461 ms/op
WorkloadActual  14: 256 op, 1030110679.00 ns, 4.0239 ms/op
WorkloadActual  15: 256 op, 885139259.00 ns, 3.4576 ms/op
WorkloadActual  16: 256 op, 515646345.00 ns, 2.0142 ms/op
WorkloadActual  17: 256 op, 859640955.00 ns, 3.3580 ms/op
WorkloadActual  18: 256 op, 987641963.00 ns, 3.8580 ms/op
WorkloadActual  19: 256 op, 711821281.00 ns, 2.7806 ms/op
WorkloadActual  20: 256 op, 787493970.00 ns, 3.0761 ms/op
WorkloadActual  21: 256 op, 1027173408.00 ns, 4.0124 ms/op
WorkloadActual  22: 256 op, 629968406.00 ns, 2.4608 ms/op
WorkloadActual  23: 256 op, 989176027.00 ns, 3.8640 ms/op
WorkloadActual  24: 256 op, 949813109.00 ns, 3.7102 ms/op
WorkloadActual  25: 256 op, 541899656.00 ns, 2.1168 ms/op
WorkloadActual  26: 256 op, 917124644.00 ns, 3.5825 ms/op
WorkloadActual  27: 256 op, 1069243425.00 ns, 4.1767 ms/op
WorkloadActual  28: 256 op, 631573564.00 ns, 2.4671 ms/op
WorkloadActual  29: 256 op, 857422210.00 ns, 3.3493 ms/op
WorkloadActual  30: 256 op, 1020507262.00 ns, 3.9864 ms/op
WorkloadActual  31: 256 op, 952049564.00 ns, 3.7189 ms/op
WorkloadActual  32: 256 op, 634369386.00 ns, 2.4780 ms/op
WorkloadActual  33: 256 op, 1017387077.00 ns, 3.9742 ms/op
WorkloadActual  34: 256 op, 901873082.00 ns, 3.5229 ms/op
WorkloadActual  35: 256 op, 748931369.00 ns, 2.9255 ms/op
WorkloadActual  36: 256 op, 919188738.00 ns, 3.5906 ms/op
WorkloadActual  37: 256 op, 713416828.00 ns, 2.7868 ms/op
WorkloadActual  38: 256 op, 888849462.00 ns, 3.4721 ms/op
WorkloadActual  39: 256 op, 990497261.00 ns, 3.8691 ms/op
WorkloadActual  40: 256 op, 699745826.00 ns, 2.7334 ms/op
WorkloadActual  41: 256 op, 522393127.00 ns, 2.0406 ms/op
WorkloadActual  42: 256 op, 527377534.00 ns, 2.0601 ms/op
WorkloadActual  43: 256 op, 521291290.00 ns, 2.0363 ms/op
WorkloadActual  44: 256 op, 523865280.00 ns, 2.0463 ms/op
WorkloadActual  45: 256 op, 524762730.00 ns, 2.0499 ms/op
WorkloadActual  46: 256 op, 521369632.00 ns, 2.0366 ms/op
WorkloadActual  47: 256 op, 511015114.00 ns, 1.9962 ms/op
WorkloadActual  48: 256 op, 506851751.00 ns, 1.9799 ms/op
WorkloadActual  49: 256 op, 502932307.00 ns, 1.9646 ms/op
WorkloadActual  50: 256 op, 503091772.00 ns, 1.9652 ms/op
WorkloadActual  51: 256 op, 504780739.00 ns, 1.9718 ms/op
WorkloadActual  52: 256 op, 504363549.00 ns, 1.9702 ms/op
WorkloadActual  53: 256 op, 501282651.00 ns, 1.9581 ms/op
WorkloadActual  54: 256 op, 507251923.00 ns, 1.9815 ms/op
WorkloadActual  55: 256 op, 502729755.00 ns, 1.9638 ms/op
WorkloadActual  56: 256 op, 505387114.00 ns, 1.9742 ms/op
WorkloadActual  57: 256 op, 503879969.00 ns, 1.9683 ms/op
WorkloadActual  58: 256 op, 506287650.00 ns, 1.9777 ms/op
WorkloadActual  59: 256 op, 500727654.00 ns, 1.9560 ms/op
WorkloadActual  60: 256 op, 505936600.00 ns, 1.9763 ms/op
WorkloadActual  61: 256 op, 504750410.00 ns, 1.9717 ms/op
WorkloadActual  62: 256 op, 503756687.00 ns, 1.9678 ms/op
WorkloadActual  63: 256 op, 504474643.00 ns, 1.9706 ms/op
WorkloadActual  64: 256 op, 503667388.00 ns, 1.9675 ms/op
WorkloadActual  65: 256 op, 505301339.00 ns, 1.9738 ms/op
WorkloadActual  66: 256 op, 505323622.00 ns, 1.9739 ms/op
WorkloadActual  67: 256 op, 507252117.00 ns, 1.9815 ms/op
WorkloadActual  68: 256 op, 503419397.00 ns, 1.9665 ms/op
WorkloadActual  69: 256 op, 500044896.00 ns, 1.9533 ms/op
WorkloadActual  70: 256 op, 505408158.00 ns, 1.9743 ms/op
WorkloadActual  71: 256 op, 500603577.00 ns, 1.9555 ms/op
WorkloadActual  72: 256 op, 502105214.00 ns, 1.9613 ms/op
WorkloadActual  73: 256 op, 504090327.00 ns, 1.9691 ms/op
WorkloadActual  74: 256 op, 503345161.00 ns, 1.9662 ms/op
WorkloadActual  75: 256 op, 502319398.00 ns, 1.9622 ms/op
WorkloadActual  76: 256 op, 502954554.00 ns, 1.9647 ms/op
WorkloadActual  77: 256 op, 507031614.00 ns, 1.9806 ms/op
WorkloadActual  78: 256 op, 503290149.00 ns, 1.9660 ms/op
WorkloadActual  79: 256 op, 501531512.00 ns, 1.9591 ms/op
WorkloadActual  80: 256 op, 527440603.00 ns, 2.0603 ms/op
WorkloadActual  81: 256 op, 502539344.00 ns, 1.9630 ms/op
WorkloadActual  82: 256 op, 504855711.00 ns, 1.9721 ms/op
WorkloadActual  83: 256 op, 511881007.00 ns, 1.9995 ms/op
WorkloadActual  84: 256 op, 509691675.00 ns, 1.9910 ms/op
WorkloadActual  85: 256 op, 502169410.00 ns, 1.9616 ms/op
WorkloadActual  86: 256 op, 508092845.00 ns, 1.9847 ms/op
WorkloadActual  87: 256 op, 506033702.00 ns, 1.9767 ms/op
WorkloadActual  88: 256 op, 503814072.00 ns, 1.9680 ms/op
WorkloadActual  89: 256 op, 499289929.00 ns, 1.9504 ms/op
WorkloadActual  90: 256 op, 501189627.00 ns, 1.9578 ms/op
WorkloadActual  91: 256 op, 502134118.00 ns, 1.9615 ms/op
WorkloadActual  92: 256 op, 501079379.00 ns, 1.9573 ms/op
WorkloadActual  93: 256 op, 503867730.00 ns, 1.9682 ms/op
WorkloadActual  94: 256 op, 503864995.00 ns, 1.9682 ms/op
WorkloadActual  95: 256 op, 510245687.00 ns, 1.9931 ms/op
WorkloadActual  96: 256 op, 507421939.00 ns, 1.9821 ms/op
WorkloadActual  97: 256 op, 506035414.00 ns, 1.9767 ms/op
WorkloadActual  98: 256 op, 518899313.00 ns, 2.0270 ms/op
WorkloadActual  99: 256 op, 525009015.00 ns, 2.0508 ms/op
WorkloadActual  100: 256 op, 503115576.00 ns, 1.9653 ms/op

// AfterActualRun
WorkloadResult   1: 256 op, 505518061.50 ns, 1.9747 ms/op
WorkloadResult   2: 256 op, 505046237.50 ns, 1.9728 ms/op
WorkloadResult   3: 256 op, 500860544.50 ns, 1.9565 ms/op
WorkloadResult   4: 256 op, 501162932.50 ns, 1.9577 ms/op
WorkloadResult   5: 256 op, 503315337.50 ns, 1.9661 ms/op
WorkloadResult   6: 256 op, 502987770.50 ns, 1.9648 ms/op
WorkloadResult   7: 256 op, 506326085.50 ns, 1.9778 ms/op
WorkloadResult   8: 256 op, 508707986.50 ns, 1.9871 ms/op
WorkloadResult   9: 256 op, 503096583.50 ns, 1.9652 ms/op
WorkloadResult  10: 256 op, 549273973.50 ns, 2.1456 ms/op
WorkloadResult  11: 256 op, 513215662.50 ns, 2.0047 ms/op
WorkloadResult  12: 256 op, 522299217.50 ns, 2.0402 ms/op
WorkloadResult  13: 256 op, 779805017.50 ns, 3.0461 ms/op
WorkloadResult  14: 256 op, 515645453.50 ns, 2.0142 ms/op
WorkloadResult  15: 256 op, 711820389.50 ns, 2.7805 ms/op
WorkloadResult  16: 256 op, 787493078.50 ns, 3.0761 ms/op
WorkloadResult  17: 256 op, 629967514.50 ns, 2.4608 ms/op
WorkloadResult  18: 256 op, 541898764.50 ns, 2.1168 ms/op
WorkloadResult  19: 256 op, 631572672.50 ns, 2.4671 ms/op
WorkloadResult  20: 256 op, 634368494.50 ns, 2.4780 ms/op
WorkloadResult  21: 256 op, 748930477.50 ns, 2.9255 ms/op
WorkloadResult  22: 256 op, 713415936.50 ns, 2.7868 ms/op
WorkloadResult  23: 256 op, 699744934.50 ns, 2.7334 ms/op
WorkloadResult  24: 256 op, 522392235.50 ns, 2.0406 ms/op
WorkloadResult  25: 256 op, 527376642.50 ns, 2.0601 ms/op
WorkloadResult  26: 256 op, 521290398.50 ns, 2.0363 ms/op
WorkloadResult  27: 256 op, 523864388.50 ns, 2.0463 ms/op
WorkloadResult  28: 256 op, 524761838.50 ns, 2.0499 ms/op
WorkloadResult  29: 256 op, 521368740.50 ns, 2.0366 ms/op
WorkloadResult  30: 256 op, 511014222.50 ns, 1.9961 ms/op
WorkloadResult  31: 256 op, 506850859.50 ns, 1.9799 ms/op
WorkloadResult  32: 256 op, 502931415.50 ns, 1.9646 ms/op
WorkloadResult  33: 256 op, 503090880.50 ns, 1.9652 ms/op
WorkloadResult  34: 256 op, 504779847.50 ns, 1.9718 ms/op
WorkloadResult  35: 256 op, 504362657.50 ns, 1.9702 ms/op
WorkloadResult  36: 256 op, 501281759.50 ns, 1.9581 ms/op
WorkloadResult  37: 256 op, 507251031.50 ns, 1.9814 ms/op
WorkloadResult  38: 256 op, 502728863.50 ns, 1.9638 ms/op
WorkloadResult  39: 256 op, 505386222.50 ns, 1.9742 ms/op
WorkloadResult  40: 256 op, 503879077.50 ns, 1.9683 ms/op
WorkloadResult  41: 256 op, 506286758.50 ns, 1.9777 ms/op
WorkloadResult  42: 256 op, 500726762.50 ns, 1.9560 ms/op
WorkloadResult  43: 256 op, 505935708.50 ns, 1.9763 ms/op
WorkloadResult  44: 256 op, 504749518.50 ns, 1.9717 ms/op
WorkloadResult  45: 256 op, 503755795.50 ns, 1.9678 ms/op
WorkloadResult  46: 256 op, 504473751.50 ns, 1.9706 ms/op
WorkloadResult  47: 256 op, 503666496.50 ns, 1.9674 ms/op
WorkloadResult  48: 256 op, 505300447.50 ns, 1.9738 ms/op
WorkloadResult  49: 256 op, 505322730.50 ns, 1.9739 ms/op
WorkloadResult  50: 256 op, 507251225.50 ns, 1.9815 ms/op
WorkloadResult  51: 256 op, 503418505.50 ns, 1.9665 ms/op
WorkloadResult  52: 256 op, 500044004.50 ns, 1.9533 ms/op
WorkloadResult  53: 256 op, 505407266.50 ns, 1.9742 ms/op
WorkloadResult  54: 256 op, 500602685.50 ns, 1.9555 ms/op
WorkloadResult  55: 256 op, 502104322.50 ns, 1.9613 ms/op
WorkloadResult  56: 256 op, 504089435.50 ns, 1.9691 ms/op
WorkloadResult  57: 256 op, 503344269.50 ns, 1.9662 ms/op
WorkloadResult  58: 256 op, 502318506.50 ns, 1.9622 ms/op
WorkloadResult  59: 256 op, 502953662.50 ns, 1.9647 ms/op
WorkloadResult  60: 256 op, 507030722.50 ns, 1.9806 ms/op
WorkloadResult  61: 256 op, 503289257.50 ns, 1.9660 ms/op
WorkloadResult  62: 256 op, 501530620.50 ns, 1.9591 ms/op
WorkloadResult  63: 256 op, 527439711.50 ns, 2.0603 ms/op
WorkloadResult  64: 256 op, 502538452.50 ns, 1.9630 ms/op
WorkloadResult  65: 256 op, 504854819.50 ns, 1.9721 ms/op
WorkloadResult  66: 256 op, 511880115.50 ns, 1.9995 ms/op
WorkloadResult  67: 256 op, 509690783.50 ns, 1.9910 ms/op
WorkloadResult  68: 256 op, 502168518.50 ns, 1.9616 ms/op
WorkloadResult  69: 256 op, 508091953.50 ns, 1.9847 ms/op
WorkloadResult  70: 256 op, 506032810.50 ns, 1.9767 ms/op
WorkloadResult  71: 256 op, 503813180.50 ns, 1.9680 ms/op
WorkloadResult  72: 256 op, 499289037.50 ns, 1.9503 ms/op
WorkloadResult  73: 256 op, 501188735.50 ns, 1.9578 ms/op
WorkloadResult  74: 256 op, 502133226.50 ns, 1.9615 ms/op
WorkloadResult  75: 256 op, 501078487.50 ns, 1.9573 ms/op
WorkloadResult  76: 256 op, 503866838.50 ns, 1.9682 ms/op
WorkloadResult  77: 256 op, 503864103.50 ns, 1.9682 ms/op
WorkloadResult  78: 256 op, 510244795.50 ns, 1.9931 ms/op
WorkloadResult  79: 256 op, 507421047.50 ns, 1.9821 ms/op
WorkloadResult  80: 256 op, 506034522.50 ns, 1.9767 ms/op
WorkloadResult  81: 256 op, 518898421.50 ns, 2.0269 ms/op
WorkloadResult  82: 256 op, 525008123.50 ns, 2.0508 ms/op
WorkloadResult  83: 256 op, 503114684.50 ns, 1.9653 ms/op
// GC:  2 0 0 101730456 256
// Threading:  3644 6 256

// AfterAll
// Benchmark Process 1124468 has exited with code 0.

Mean = 2.069 ms, StdErr = 0.028 ms (1.34%), N = 83, StdDev = 0.253 ms
Min = 1.950 ms, Q1 = 1.965 ms, Median = 1.974 ms, Q3 = 2.021 ms, Max = 3.076 ms
IQR = 0.055 ms, LowerFence = 1.882 ms, UpperFence = 2.104 ms
ConfidenceInterval = [1.974 ms; 2.163 ms] (CI 99.9%), Margin = 0.095 ms (4.59% of Mean)
Skewness = 2.78, Kurtosis = 9.62, MValue = 2

// ** Remained 37 (74.0%) benchmark(s) to run. Estimated finish 2026-01-01 4:16 (0h 10m from now) **
// **************************
// Benchmark: Sorting.Sort_Kahn: DefaultJob [NumItems=1000, GraphType=Random]
// *** Execute ***
// Launch: 1 / 1
// Execute: dotnet NexusMods.Benchmarks-DefaultJob-2.dll --anonymousPipes 122 144 --benchmarkName "NexusMods.Benchmarks.Benchmarks.Sorting.Sort_Kahn(NumItems: 1000, GraphType: Random)" --job Default --benchmarkId 13 in /home/ryang/nexus-app/benchmarks/NexusMods.Benchmarks/bin/Release/net9.0/NexusMods.Benchmarks-DefaultJob-2/bin/Release/net9.0
// Failed to set up high priority (Permission denied). In order to run benchmarks with high priority, make sure you have the right permissions.
// BeforeAnythingElse

// Benchmark Process Environment Information:
// BenchmarkDotNet v0.15.2
// Runtime=.NET 9.0.11 (9.0.1125.51716), X64 RyuJIT AVX-512F+CD+BW+DQ+VL+VBMI
// GC=Concurrent Workstation
// HardwareIntrinsics=AVX-512F+CD+BW+DQ+VL+VBMI,AES,BMI1,BMI2,FMA,LZCNT,PCLMUL,POPCNT,AvxVnni VectorSize=256
// Job: DefaultJob

OverheadJitting  1: 1 op, 155277.00 ns, 155.2770 us/op
WorkloadJitting  1: 1 op, 1668315.00 ns, 1.6683 ms/op

OverheadJitting  2: 16 op, 352405.00 ns, 22.0253 us/op
WorkloadJitting  2: 16 op, 8222067.00 ns, 513.8792 us/op

WorkloadPilot    1: 16 op, 1356047.00 ns, 84.7529 us/op
WorkloadPilot    2: 32 op, 2633073.00 ns, 82.2835 us/op
WorkloadPilot    3: 64 op, 4822727.00 ns, 75.3551 us/op
WorkloadPilot    4: 128 op, 9984412.00 ns, 78.0032 us/op
WorkloadPilot    5: 256 op, 19358415.00 ns, 75.6188 us/op
WorkloadPilot    6: 512 op, 36990815.00 ns, 72.2477 us/op
WorkloadPilot    7: 1024 op, 76780361.00 ns, 74.9808 us/op
WorkloadPilot    8: 2048 op, 113891027.00 ns, 55.6109 us/op
WorkloadPilot    9: 4096 op, 231058258.00 ns, 56.4107 us/op
WorkloadPilot   10: 8192 op, 464412844.00 ns, 56.6910 us/op
WorkloadPilot   11: 16384 op, 926760024.00 ns, 56.5649 us/op

OverheadWarmup   1: 16384 op, 33795.00 ns, 2.0627 ns/op
OverheadWarmup   2: 16384 op, 32232.00 ns, 1.9673 ns/op
OverheadWarmup   3: 16384 op, 32613.00 ns, 1.9905 ns/op
OverheadWarmup   4: 16384 op, 32272.00 ns, 1.9697 ns/op
OverheadWarmup   5: 16384 op, 32442.00 ns, 1.9801 ns/op
OverheadWarmup   6: 16384 op, 32172.00 ns, 1.9636 ns/op

OverheadActual   1: 16384 op, 32121.00 ns, 1.9605 ns/op
OverheadActual   2: 16384 op, 32092.00 ns, 1.9587 ns/op
OverheadActual   3: 16384 op, 32472.00 ns, 1.9819 ns/op
OverheadActual   4: 16384 op, 32052.00 ns, 1.9563 ns/op
OverheadActual   5: 16384 op, 32222.00 ns, 1.9667 ns/op
OverheadActual   6: 16384 op, 32021.00 ns, 1.9544 ns/op
OverheadActual   7: 16384 op, 32161.00 ns, 1.9630 ns/op
OverheadActual   8: 16384 op, 31971.00 ns, 1.9514 ns/op
OverheadActual   9: 16384 op, 31982.00 ns, 1.9520 ns/op
OverheadActual  10: 16384 op, 31921.00 ns, 1.9483 ns/op
OverheadActual  11: 16384 op, 32092.00 ns, 1.9587 ns/op
OverheadActual  12: 16384 op, 31881.00 ns, 1.9459 ns/op
OverheadActual  13: 16384 op, 31951.00 ns, 1.9501 ns/op
OverheadActual  14: 16384 op, 31992.00 ns, 1.9526 ns/op
OverheadActual  15: 16384 op, 32142.00 ns, 1.9618 ns/op

OverheadWarmup   1: 16384 op, 32311.00 ns, 1.9721 ns/op
OverheadWarmup   2: 16384 op, 32031.00 ns, 1.9550 ns/op
OverheadWarmup   3: 16384 op, 32512.00 ns, 1.9844 ns/op
OverheadWarmup   4: 16384 op, 32332.00 ns, 1.9734 ns/op
OverheadWarmup   5: 16384 op, 32111.00 ns, 1.9599 ns/op
OverheadWarmup   6: 16384 op, 32101.00 ns, 1.9593 ns/op
OverheadWarmup   7: 16384 op, 32171.00 ns, 1.9636 ns/op
OverheadWarmup   8: 16384 op, 32322.00 ns, 1.9728 ns/op
OverheadWarmup   9: 16384 op, 32172.00 ns, 1.9636 ns/op

// BeforeActualRun
WorkloadActual   1: 16384 op, 922219832.00 ns, 56.2878 us/op
WorkloadActual   2: 16384 op, 923178140.00 ns, 56.3463 us/op
WorkloadActual   3: 16384 op, 920765121.00 ns, 56.1990 us/op
WorkloadActual   4: 16384 op, 921537845.00 ns, 56.2462 us/op
WorkloadActual   5: 16384 op, 930011396.00 ns, 56.7634 us/op
WorkloadActual   6: 16384 op, 928628461.00 ns, 56.6790 us/op
WorkloadActual   7: 16384 op, 927464755.00 ns, 56.6080 us/op
WorkloadActual   8: 16384 op, 918775185.00 ns, 56.0776 us/op
WorkloadActual   9: 16384 op, 922031997.00 ns, 56.2764 us/op
WorkloadActual  10: 16384 op, 925079626.00 ns, 56.4624 us/op
WorkloadActual  11: 16384 op, 920658642.00 ns, 56.1925 us/op
WorkloadActual  12: 16384 op, 923883902.00 ns, 56.3894 us/op
WorkloadActual  13: 16384 op, 926014215.00 ns, 56.5194 us/op
WorkloadActual  14: 16384 op, 924305055.00 ns, 56.4151 us/op
WorkloadActual  15: 16384 op, 930357410.00 ns, 56.7845 us/op

// AfterActualRun
WorkloadResult   1: 16384 op, 922187780.00 ns, 56.2859 us/op
WorkloadResult   2: 16384 op, 923146088.00 ns, 56.3444 us/op
WorkloadResult   3: 16384 op, 920733069.00 ns, 56.1971 us/op
WorkloadResult   4: 16384 op, 921505793.00 ns, 56.2443 us/op
WorkloadResult   5: 16384 op, 929979344.00 ns, 56.7614 us/op
WorkloadResult   6: 16384 op, 928596409.00 ns, 56.6770 us/op
WorkloadResult   7: 16384 op, 927432703.00 ns, 56.6060 us/op
WorkloadResult   8: 16384 op, 918743133.00 ns, 56.0756 us/op
WorkloadResult   9: 16384 op, 921999945.00 ns, 56.2744 us/op
WorkloadResult  10: 16384 op, 925047574.00 ns, 56.4604 us/op
WorkloadResult  11: 16384 op, 920626590.00 ns, 56.1906 us/op
WorkloadResult  12: 16384 op, 923851850.00 ns, 56.3874 us/op
WorkloadResult  13: 16384 op, 925982163.00 ns, 56.5175 us/op
WorkloadResult  14: 16384 op, 924273003.00 ns, 56.4131 us/op
WorkloadResult  15: 16384 op, 930325358.00 ns, 56.7826 us/op
// GC:  44 10 0 2257977344 16384
// Threading:  0 0 16384

// AfterAll
// Benchmark Process 1127906 has exited with code 0.

Mean = 56.415 μs, StdErr = 0.056 μs (0.10%), N = 15, StdDev = 0.217 μs
Min = 56.076 μs, Q1 = 56.259 μs, Median = 56.387 μs, Q3 = 56.562 μs, Max = 56.783 μs
IQR = 0.302 μs, LowerFence = 55.806 μs, UpperFence = 57.015 μs
ConfidenceInterval = [56.183 μs; 56.646 μs] (CI 99.9%), Margin = 0.232 μs (0.41% of Mean)
Skewness = 0.31, Kurtosis = 1.77, MValue = 2

// ** Remained 36 (72.0%) benchmark(s) to run. Estimated finish 2026-01-01 4:16 (0h 9m from now) **
// **************************
// Benchmark: Sorting.Sort_Original: DefaultJob [NumItems=1000, GraphType=Chain]
// *** Execute ***
// Launch: 1 / 1
// Execute: dotnet NexusMods.Benchmarks-DefaultJob-2.dll --anonymousPipes 122 144 --benchmarkName "NexusMods.Benchmarks.Benchmarks.Sorting.Sort_Original(NumItems: 1000, GraphType: Chain)" --job Default --benchmarkId 14 in /home/ryang/nexus-app/benchmarks/NexusMods.Benchmarks/bin/Release/net9.0/NexusMods.Benchmarks-DefaultJob-2/bin/Release/net9.0
// Failed to set up high priority (Permission denied). In order to run benchmarks with high priority, make sure you have the right permissions.
// BeforeAnythingElse

// Benchmark Process Environment Information:
// BenchmarkDotNet v0.15.2
// Runtime=.NET 9.0.11 (9.0.1125.51716), X64 RyuJIT AVX-512F+CD+BW+DQ+VL+VBMI
// GC=Concurrent Workstation
// HardwareIntrinsics=AVX-512F+CD+BW+DQ+VL+VBMI,AES,BMI1,BMI2,FMA,LZCNT,PCLMUL,POPCNT,AvxVnni VectorSize=256
// Job: DefaultJob

OverheadJitting  1: 1 op, 154717.00 ns, 154.7170 us/op
WorkloadJitting  1: 1 op, 21596754.00 ns, 21.5968 ms/op

OverheadJitting  2: 16 op, 341654.00 ns, 21.3534 us/op
WorkloadJitting  2: 16 op, 156183896.00 ns, 9.7615 ms/op

WorkloadPilot    1: 16 op, 107578142.00 ns, 6.7236 ms/op
WorkloadPilot    2: 32 op, 214204021.00 ns, 6.6939 ms/op
WorkloadPilot    3: 64 op, 410400202.00 ns, 6.4125 ms/op
WorkloadPilot    4: 128 op, 830939184.00 ns, 6.4917 ms/op

OverheadWarmup   1: 128 op, 1583.00 ns, 12.3672 ns/op
OverheadWarmup   2: 128 op, 400.00 ns, 3.1250 ns/op
OverheadWarmup   3: 128 op, 300.00 ns, 2.3438 ns/op
OverheadWarmup   4: 128 op, 301.00 ns, 2.3516 ns/op
OverheadWarmup   5: 128 op, 301.00 ns, 2.3516 ns/op
OverheadWarmup   6: 128 op, 290.00 ns, 2.2656 ns/op
OverheadWarmup   7: 128 op, 281.00 ns, 2.1953 ns/op
OverheadWarmup   8: 128 op, 300.00 ns, 2.3438 ns/op

OverheadActual   1: 128 op, 681.00 ns, 5.3203 ns/op
OverheadActual   2: 128 op, 701.00 ns, 5.4766 ns/op
OverheadActual   3: 128 op, 681.00 ns, 5.3203 ns/op
OverheadActual   4: 128 op, 531.00 ns, 4.1484 ns/op
OverheadActual   5: 128 op, 591.00 ns, 4.6172 ns/op
OverheadActual   6: 128 op, 370.00 ns, 2.8906 ns/op
OverheadActual   7: 128 op, 291.00 ns, 2.2734 ns/op
OverheadActual   8: 128 op, 300.00 ns, 2.3438 ns/op
OverheadActual   9: 128 op, 301.00 ns, 2.3516 ns/op
OverheadActual  10: 128 op, 310.00 ns, 2.4219 ns/op
OverheadActual  11: 128 op, 281.00 ns, 2.1953 ns/op
OverheadActual  12: 128 op, 280.00 ns, 2.1875 ns/op
OverheadActual  13: 128 op, 301.00 ns, 2.3516 ns/op
OverheadActual  14: 128 op, 280.00 ns, 2.1875 ns/op
OverheadActual  15: 128 op, 281.00 ns, 2.1953 ns/op
OverheadActual  16: 128 op, 301.00 ns, 2.3516 ns/op
OverheadActual  17: 128 op, 281.00 ns, 2.1953 ns/op
OverheadActual  18: 128 op, 571.00 ns, 4.4609 ns/op
OverheadActual  19: 128 op, 341.00 ns, 2.6641 ns/op
OverheadActual  20: 128 op, 310.00 ns, 2.4219 ns/op

OverheadWarmup   1: 128 op, 551.00 ns, 4.3047 ns/op
OverheadWarmup   2: 128 op, 391.00 ns, 3.0547 ns/op
OverheadWarmup   3: 128 op, 311.00 ns, 2.4297 ns/op
OverheadWarmup   4: 128 op, 291.00 ns, 2.2734 ns/op
OverheadWarmup   5: 128 op, 300.00 ns, 2.3438 ns/op
OverheadWarmup   6: 128 op, 310.00 ns, 2.4219 ns/op
OverheadWarmup   7: 128 op, 291.00 ns, 2.2734 ns/op
OverheadWarmup   8: 128 op, 300.00 ns, 2.3438 ns/op
OverheadWarmup   9: 128 op, 290.00 ns, 2.2656 ns/op

// BeforeActualRun
WorkloadActual   1: 128 op, 845858021.00 ns, 6.6083 ms/op
WorkloadActual   2: 128 op, 843283542.00 ns, 6.5882 ms/op
WorkloadActual   3: 128 op, 842035735.00 ns, 6.5784 ms/op
WorkloadActual   4: 128 op, 836520684.00 ns, 6.5353 ms/op
WorkloadActual   5: 128 op, 832071737.00 ns, 6.5006 ms/op
WorkloadActual   6: 128 op, 833130526.00 ns, 6.5088 ms/op
WorkloadActual   7: 128 op, 832373098.00 ns, 6.5029 ms/op
WorkloadActual   8: 128 op, 835304555.00 ns, 6.5258 ms/op
WorkloadActual   9: 128 op, 834690862.00 ns, 6.5210 ms/op
WorkloadActual  10: 128 op, 831816680.00 ns, 6.4986 ms/op
WorkloadActual  11: 128 op, 832072021.00 ns, 6.5006 ms/op
WorkloadActual  12: 128 op, 837526550.00 ns, 6.5432 ms/op
WorkloadActual  13: 128 op, 835846295.00 ns, 6.5300 ms/op
WorkloadActual  14: 128 op, 840366164.00 ns, 6.5654 ms/op
WorkloadActual  15: 128 op, 842026186.00 ns, 6.5783 ms/op

// AfterActualRun
WorkloadResult   1: 128 op, 845857715.50 ns, 6.6083 ms/op
WorkloadResult   2: 128 op, 843283236.50 ns, 6.5882 ms/op
WorkloadResult   3: 128 op, 842035429.50 ns, 6.5784 ms/op
WorkloadResult   4: 128 op, 836520378.50 ns, 6.5353 ms/op
WorkloadResult   5: 128 op, 832071431.50 ns, 6.5006 ms/op
WorkloadResult   6: 128 op, 833130220.50 ns, 6.5088 ms/op
WorkloadResult   7: 128 op, 832372792.50 ns, 6.5029 ms/op
WorkloadResult   8: 128 op, 835304249.50 ns, 6.5258 ms/op
WorkloadResult   9: 128 op, 834690556.50 ns, 6.5210 ms/op
WorkloadResult  10: 128 op, 831816374.50 ns, 6.4986 ms/op
WorkloadResult  11: 128 op, 832071715.50 ns, 6.5006 ms/op
WorkloadResult  12: 128 op, 837526244.50 ns, 6.5432 ms/op
WorkloadResult  13: 128 op, 835845989.50 ns, 6.5300 ms/op
WorkloadResult  14: 128 op, 840365858.50 ns, 6.5654 ms/op
WorkloadResult  15: 128 op, 842025880.50 ns, 6.5783 ms/op
// GC:  1 0 0 51287704 128
// Threading:  1823 0 128

// AfterAll
// Benchmark Process 1127978 has exited with code 0.

Mean = 6.539 ms, StdErr = 0.009 ms (0.14%), N = 15, StdDev = 0.036 ms
Min = 6.499 ms, Q1 = 6.506 ms, Median = 6.530 ms, Q3 = 6.572 ms, Max = 6.608 ms
IQR = 0.066 ms, LowerFence = 6.407 ms, UpperFence = 6.671 ms
ConfidenceInterval = [6.500 ms; 6.578 ms] (CI 99.9%), Margin = 0.039 ms (0.59% of Mean)
Skewness = 0.46, Kurtosis = 1.69, MValue = 2

// ** Remained 35 (70.0%) benchmark(s) to run. Estimated finish 2026-01-01 4:16 (0h 9m from now) **
// **************************
// Benchmark: Sorting.Sort_Kahn: DefaultJob [NumItems=1000, GraphType=Chain]
// *** Execute ***
// Launch: 1 / 1
// Execute: dotnet NexusMods.Benchmarks-DefaultJob-2.dll --anonymousPipes 122 144 --benchmarkName "NexusMods.Benchmarks.Benchmarks.Sorting.Sort_Kahn(NumItems: 1000, GraphType: Chain)" --job Default --benchmarkId 15 in /home/ryang/nexus-app/benchmarks/NexusMods.Benchmarks/bin/Release/net9.0/NexusMods.Benchmarks-DefaultJob-2/bin/Release/net9.0
// Failed to set up high priority (Permission denied). In order to run benchmarks with high priority, make sure you have the right permissions.
// BeforeAnythingElse

// Benchmark Process Environment Information:
// BenchmarkDotNet v0.15.2
// Runtime=.NET 9.0.11 (9.0.1125.51716), X64 RyuJIT AVX-512F+CD+BW+DQ+VL+VBMI
// GC=Concurrent Workstation
// HardwareIntrinsics=AVX-512F+CD+BW+DQ+VL+VBMI,AES,BMI1,BMI2,FMA,LZCNT,PCLMUL,POPCNT,AvxVnni VectorSize=256
// Job: DefaultJob

OverheadJitting  1: 1 op, 157060.00 ns, 157.0600 us/op
WorkloadJitting  1: 1 op, 1684457.00 ns, 1.6845 ms/op

OverheadJitting  2: 16 op, 340332.00 ns, 21.2708 us/op
WorkloadJitting  2: 16 op, 6771610.00 ns, 423.2256 us/op

WorkloadPilot    1: 16 op, 1505183.00 ns, 94.0739 us/op
WorkloadPilot    2: 32 op, 2584110.00 ns, 80.7534 us/op
WorkloadPilot    3: 64 op, 5202514.00 ns, 81.2893 us/op
WorkloadPilot    4: 128 op, 10415339.00 ns, 81.3698 us/op
WorkloadPilot    5: 256 op, 20646575.00 ns, 80.6507 us/op
WorkloadPilot    6: 512 op, 38801658.00 ns, 75.7845 us/op
WorkloadPilot    7: 1024 op, 78346099.00 ns, 76.5099 us/op
WorkloadPilot    8: 2048 op, 125133984.00 ns, 61.1006 us/op
WorkloadPilot    9: 4096 op, 249896355.00 ns, 61.0099 us/op
WorkloadPilot   10: 8192 op, 497180677.00 ns, 60.6910 us/op
WorkloadPilot   11: 16384 op, 997211467.00 ns, 60.8650 us/op

OverheadWarmup   1: 16384 op, 34266.00 ns, 2.0914 ns/op
OverheadWarmup   2: 16384 op, 33273.00 ns, 2.0308 ns/op
OverheadWarmup   3: 16384 op, 32061.00 ns, 1.9568 ns/op
OverheadWarmup   4: 16384 op, 32703.00 ns, 1.9960 ns/op
OverheadWarmup   5: 16384 op, 32402.00 ns, 1.9777 ns/op
OverheadWarmup   6: 16384 op, 32141.00 ns, 1.9617 ns/op
OverheadWarmup   7: 16384 op, 32042.00 ns, 1.9557 ns/op
OverheadWarmup   8: 16384 op, 32142.00 ns, 1.9618 ns/op
OverheadWarmup   9: 16384 op, 32272.00 ns, 1.9697 ns/op
OverheadWarmup  10: 16384 op, 32132.00 ns, 1.9612 ns/op

OverheadActual   1: 16384 op, 31981.00 ns, 1.9520 ns/op
OverheadActual   2: 16384 op, 32092.00 ns, 1.9587 ns/op
OverheadActual   3: 16384 op, 32612.00 ns, 1.9905 ns/op
OverheadActual   4: 16384 op, 31962.00 ns, 1.9508 ns/op
OverheadActual   5: 16384 op, 32051.00 ns, 1.9562 ns/op
OverheadActual   6: 16384 op, 31821.00 ns, 1.9422 ns/op
OverheadActual   7: 16384 op, 32291.00 ns, 1.9709 ns/op
OverheadActual   8: 16384 op, 32121.00 ns, 1.9605 ns/op
OverheadActual   9: 16384 op, 41399.00 ns, 2.5268 ns/op
OverheadActual  10: 16384 op, 44365.00 ns, 2.7078 ns/op
OverheadActual  11: 16384 op, 32823.00 ns, 2.0034 ns/op
OverheadActual  12: 16384 op, 31921.00 ns, 1.9483 ns/op
OverheadActual  13: 16384 op, 34526.00 ns, 2.1073 ns/op
OverheadActual  14: 16384 op, 31911.00 ns, 1.9477 ns/op
OverheadActual  15: 16384 op, 32062.00 ns, 1.9569 ns/op

OverheadWarmup   1: 16384 op, 32001.00 ns, 1.9532 ns/op
OverheadWarmup   2: 16384 op, 31781.00 ns, 1.9398 ns/op
OverheadWarmup   3: 16384 op, 31720.00 ns, 1.9360 ns/op
OverheadWarmup   4: 16384 op, 32141.00 ns, 1.9617 ns/op
OverheadWarmup   5: 16384 op, 31911.00 ns, 1.9477 ns/op
OverheadWarmup   6: 16384 op, 35007.00 ns, 2.1367 ns/op
OverheadWarmup   7: 16384 op, 32131.00 ns, 1.9611 ns/op

// BeforeActualRun
WorkloadActual   1: 16384 op, 998488045.00 ns, 60.9429 us/op
WorkloadActual   2: 16384 op, 994822167.00 ns, 60.7191 us/op
WorkloadActual   3: 16384 op, 993120651.00 ns, 60.6153 us/op
WorkloadActual   4: 16384 op, 992369545.00 ns, 60.5694 us/op
WorkloadActual   5: 16384 op, 995707924.00 ns, 60.7732 us/op
WorkloadActual   6: 16384 op, 995978374.00 ns, 60.7897 us/op
WorkloadActual   7: 16384 op, 995936588.00 ns, 60.7871 us/op
WorkloadActual   8: 16384 op, 987078595.00 ns, 60.2465 us/op
WorkloadActual   9: 16384 op, 991371681.00 ns, 60.5085 us/op
WorkloadActual  10: 16384 op, 995716967.00 ns, 60.7737 us/op
WorkloadActual  11: 16384 op, 997878861.00 ns, 60.9057 us/op
WorkloadActual  12: 16384 op, 994394541.00 ns, 60.6930 us/op
WorkloadActual  13: 16384 op, 1002379649.00 ns, 61.1804 us/op
WorkloadActual  14: 16384 op, 1004577932.00 ns, 61.3146 us/op
WorkloadActual  15: 16384 op, 1003019350.00 ns, 61.2194 us/op

// AfterActualRun
WorkloadResult   1: 16384 op, 998455953.00 ns, 60.9409 us/op
WorkloadResult   2: 16384 op, 994790075.00 ns, 60.7172 us/op
WorkloadResult   3: 16384 op, 993088559.00 ns, 60.6133 us/op
WorkloadResult   4: 16384 op, 992337453.00 ns, 60.5675 us/op
WorkloadResult   5: 16384 op, 995675832.00 ns, 60.7712 us/op
WorkloadResult   6: 16384 op, 995946282.00 ns, 60.7877 us/op
WorkloadResult   7: 16384 op, 995904496.00 ns, 60.7852 us/op
WorkloadResult   8: 16384 op, 987046503.00 ns, 60.2445 us/op
WorkloadResult   9: 16384 op, 991339589.00 ns, 60.5066 us/op
WorkloadResult  10: 16384 op, 995684875.00 ns, 60.7718 us/op
WorkloadResult  11: 16384 op, 997846769.00 ns, 60.9037 us/op
WorkloadResult  12: 16384 op, 994362449.00 ns, 60.6911 us/op
WorkloadResult  13: 16384 op, 1002347557.00 ns, 61.1784 us/op
WorkloadResult  14: 16384 op, 1004545840.00 ns, 61.3126 us/op
WorkloadResult  15: 16384 op, 1002987258.00 ns, 61.2175 us/op
// GC:  46 7 0 2315780096 16384
// Threading:  0 0 16384

// AfterAll
// Benchmark Process 1128065 has exited with code 0.

Mean = 60.801 μs, StdErr = 0.073 μs (0.12%), N = 15, StdDev = 0.282 μs
Min = 60.245 μs, Q1 = 60.652 μs, Median = 60.772 μs, Q3 = 60.922 μs, Max = 61.313 μs
IQR = 0.270 μs, LowerFence = 60.247 μs, UpperFence = 61.328 μs
ConfidenceInterval = [60.499 μs; 61.102 μs] (CI 99.9%), Margin = 0.302 μs (0.50% of Mean)
Skewness = 0.14, Kurtosis = 2.39, MValue = 2

// ** Remained 34 (68.0%) benchmark(s) to run. Estimated finish 2026-01-01 4:16 (0h 9m from now) **
// **************************
// Benchmark: Sorting.Sort_Original: DefaultJob [NumItems=1000, GraphType=Star]
// *** Execute ***
// Launch: 1 / 1
// Execute: dotnet NexusMods.Benchmarks-DefaultJob-2.dll --anonymousPipes 122 144 --benchmarkName "NexusMods.Benchmarks.Benchmarks.Sorting.Sort_Original(NumItems: 1000, GraphType: Star)" --job Default --benchmarkId 16 in /home/ryang/nexus-app/benchmarks/NexusMods.Benchmarks/bin/Release/net9.0/NexusMods.Benchmarks-DefaultJob-2/bin/Release/net9.0
// Failed to set up high priority (Permission denied). In order to run benchmarks with high priority, make sure you have the right permissions.
// BeforeAnythingElse

// Benchmark Process Environment Information:
// BenchmarkDotNet v0.15.2
// Runtime=.NET 9.0.11 (9.0.1125.51716), X64 RyuJIT AVX-512F+CD+BW+DQ+VL+VBMI
// GC=Concurrent Workstation
// HardwareIntrinsics=AVX-512F+CD+BW+DQ+VL+VBMI,AES,BMI1,BMI2,FMA,LZCNT,PCLMUL,POPCNT,AvxVnni VectorSize=256
// Job: DefaultJob

OverheadJitting  1: 1 op, 156801.00 ns, 156.8010 us/op
WorkloadJitting  1: 1 op, 13809240.00 ns, 13.8092 ms/op

OverheadJitting  2: 16 op, 344209.00 ns, 21.5131 us/op
WorkloadJitting  2: 16 op, 72595349.00 ns, 4.5372 ms/op

WorkloadPilot    1: 16 op, 68130958.00 ns, 4.2582 ms/op
WorkloadPilot    2: 32 op, 136692100.00 ns, 4.2716 ms/op
WorkloadPilot    3: 64 op, 227315338.00 ns, 3.5518 ms/op
WorkloadPilot    4: 128 op, 240779387.00 ns, 1.8811 ms/op
WorkloadPilot    5: 256 op, 464446830.00 ns, 1.8142 ms/op
WorkloadPilot    6: 512 op, 919315004.00 ns, 1.7955 ms/op

OverheadWarmup   1: 512 op, 2445.00 ns, 4.7754 ns/op
OverheadWarmup   2: 512 op, 1252.00 ns, 2.4453 ns/op
OverheadWarmup   3: 512 op, 1112.00 ns, 2.1719 ns/op
OverheadWarmup   4: 512 op, 1092.00 ns, 2.1328 ns/op
OverheadWarmup   5: 512 op, 1102.00 ns, 2.1523 ns/op
OverheadWarmup   6: 512 op, 1062.00 ns, 2.0742 ns/op
OverheadWarmup   7: 512 op, 1072.00 ns, 2.0938 ns/op
OverheadWarmup   8: 512 op, 1042.00 ns, 2.0352 ns/op

OverheadActual   1: 512 op, 1443.00 ns, 2.8184 ns/op
OverheadActual   2: 512 op, 1443.00 ns, 2.8184 ns/op
OverheadActual   3: 512 op, 1412.00 ns, 2.7578 ns/op
OverheadActual   4: 512 op, 1262.00 ns, 2.4648 ns/op
OverheadActual   5: 512 op, 1333.00 ns, 2.6035 ns/op
OverheadActual   6: 512 op, 1122.00 ns, 2.1914 ns/op
OverheadActual   7: 512 op, 1092.00 ns, 2.1328 ns/op
OverheadActual   8: 512 op, 1102.00 ns, 2.1523 ns/op
OverheadActual   9: 512 op, 1062.00 ns, 2.0742 ns/op
OverheadActual  10: 512 op, 1042.00 ns, 2.0352 ns/op
OverheadActual  11: 512 op, 1062.00 ns, 2.0742 ns/op
OverheadActual  12: 512 op, 1032.00 ns, 2.0156 ns/op
OverheadActual  13: 512 op, 1042.00 ns, 2.0352 ns/op
OverheadActual  14: 512 op, 1042.00 ns, 2.0352 ns/op
OverheadActual  15: 512 op, 1042.00 ns, 2.0352 ns/op
OverheadActual  16: 512 op, 1042.00 ns, 2.0352 ns/op
OverheadActual  17: 512 op, 1052.00 ns, 2.0547 ns/op
OverheadActual  18: 512 op, 1363.00 ns, 2.6621 ns/op
OverheadActual  19: 512 op, 1092.00 ns, 2.1328 ns/op
OverheadActual  20: 512 op, 1032.00 ns, 2.0156 ns/op

OverheadWarmup   1: 512 op, 1392.00 ns, 2.7188 ns/op
OverheadWarmup   2: 512 op, 1192.00 ns, 2.3281 ns/op
OverheadWarmup   3: 512 op, 1052.00 ns, 2.0547 ns/op
OverheadWarmup   4: 512 op, 1022.00 ns, 1.9961 ns/op
OverheadWarmup   5: 512 op, 1042.00 ns, 2.0352 ns/op
OverheadWarmup   6: 512 op, 1072.00 ns, 2.0938 ns/op
OverheadWarmup   7: 512 op, 1022.00 ns, 1.9961 ns/op
OverheadWarmup   8: 512 op, 1082.00 ns, 2.1133 ns/op
OverheadWarmup   9: 512 op, 1032.00 ns, 2.0156 ns/op

// BeforeActualRun
WorkloadActual   1: 512 op, 926818339.00 ns, 1.8102 ms/op
WorkloadActual   2: 512 op, 918536148.00 ns, 1.7940 ms/op
WorkloadActual   3: 512 op, 916336067.00 ns, 1.7897 ms/op
WorkloadActual   4: 512 op, 924571604.00 ns, 1.8058 ms/op
WorkloadActual   5: 512 op, 934108233.00 ns, 1.8244 ms/op
WorkloadActual   6: 512 op, 928703003.00 ns, 1.8139 ms/op
WorkloadActual   7: 512 op, 931082363.00 ns, 1.8185 ms/op
WorkloadActual   8: 512 op, 915193932.00 ns, 1.7875 ms/op
WorkloadActual   9: 512 op, 927171197.00 ns, 1.8109 ms/op
WorkloadActual  10: 512 op, 914672218.00 ns, 1.7865 ms/op
WorkloadActual  11: 512 op, 919803550.00 ns, 1.7965 ms/op
WorkloadActual  12: 512 op, 919307312.00 ns, 1.7955 ms/op
WorkloadActual  13: 512 op, 918336486.00 ns, 1.7936 ms/op
WorkloadActual  14: 512 op, 915056605.00 ns, 1.7872 ms/op
WorkloadActual  15: 512 op, 919784885.00 ns, 1.7965 ms/op

// AfterActualRun
WorkloadResult   1: 512 op, 926817262.00 ns, 1.8102 ms/op
WorkloadResult   2: 512 op, 918535071.00 ns, 1.7940 ms/op
WorkloadResult   3: 512 op, 916334990.00 ns, 1.7897 ms/op
WorkloadResult   4: 512 op, 924570527.00 ns, 1.8058 ms/op
WorkloadResult   5: 512 op, 934107156.00 ns, 1.8244 ms/op
WorkloadResult   6: 512 op, 928701926.00 ns, 1.8139 ms/op
WorkloadResult   7: 512 op, 931081286.00 ns, 1.8185 ms/op
WorkloadResult   8: 512 op, 915192855.00 ns, 1.7875 ms/op
WorkloadResult   9: 512 op, 927170120.00 ns, 1.8109 ms/op
WorkloadResult  10: 512 op, 914671141.00 ns, 1.7865 ms/op
WorkloadResult  11: 512 op, 919802473.00 ns, 1.7965 ms/op
WorkloadResult  12: 512 op, 919306235.00 ns, 1.7955 ms/op
WorkloadResult  13: 512 op, 918335409.00 ns, 1.7936 ms/op
WorkloadResult  14: 512 op, 915055528.00 ns, 1.7872 ms/op
WorkloadResult  15: 512 op, 919783808.00 ns, 1.7965 ms/op
// GC:  2 0 0 116660576 512
// Threading:  7049 10 512

// AfterAll
// Benchmark Process 1128159 has exited with code 0.

Mean = 1.801 ms, StdErr = 0.003 ms (0.18%), N = 15, StdDev = 0.012 ms
Min = 1.786 ms, Q1 = 1.792 ms, Median = 1.796 ms, Q3 = 1.811 ms, Max = 1.824 ms
IQR = 0.019 ms, LowerFence = 1.763 ms, UpperFence = 1.839 ms
ConfidenceInterval = [1.788 ms; 1.814 ms] (CI 99.9%), Margin = 0.013 ms (0.73% of Mean)
Skewness = 0.48, Kurtosis = 1.74, MValue = 2

// ** Remained 33 (66.0%) benchmark(s) to run. Estimated finish 2026-01-01 4:16 (0h 9m from now) **
// **************************
// Benchmark: Sorting.Sort_Kahn: DefaultJob [NumItems=1000, GraphType=Star]
// *** Execute ***
// Launch: 1 / 1
// Execute: dotnet NexusMods.Benchmarks-DefaultJob-2.dll --anonymousPipes 122 144 --benchmarkName "NexusMods.Benchmarks.Benchmarks.Sorting.Sort_Kahn(NumItems: 1000, GraphType: Star)" --job Default --benchmarkId 17 in /home/ryang/nexus-app/benchmarks/NexusMods.Benchmarks/bin/Release/net9.0/NexusMods.Benchmarks-DefaultJob-2/bin/Release/net9.0
// Failed to set up high priority (Permission denied). In order to run benchmarks with high priority, make sure you have the right permissions.
// BeforeAnythingElse

// Benchmark Process Environment Information:
// BenchmarkDotNet v0.15.2
// Runtime=.NET 9.0.11 (9.0.1125.51716), X64 RyuJIT AVX-512F+CD+BW+DQ+VL+VBMI
// GC=Concurrent Workstation
// HardwareIntrinsics=AVX-512F+CD+BW+DQ+VL+VBMI,AES,BMI1,BMI2,FMA,LZCNT,PCLMUL,POPCNT,AvxVnni VectorSize=256
// Job: DefaultJob

OverheadJitting  1: 1 op, 156610.00 ns, 156.6100 us/op
WorkloadJitting  1: 1 op, 1607910.00 ns, 1.6079 ms/op

OverheadJitting  2: 16 op, 342777.00 ns, 21.4236 us/op
WorkloadJitting  2: 16 op, 6221637.00 ns, 388.8523 us/op

WorkloadPilot    1: 16 op, 1157798.00 ns, 72.3624 us/op
WorkloadPilot    2: 32 op, 1962289.00 ns, 61.3215 us/op
WorkloadPilot    3: 64 op, 3988359.00 ns, 62.3181 us/op
WorkloadPilot    4: 128 op, 7976478.00 ns, 62.3162 us/op
WorkloadPilot    5: 256 op, 15631221.00 ns, 61.0595 us/op
WorkloadPilot    6: 512 op, 30210678.00 ns, 59.0052 us/op
WorkloadPilot    7: 1024 op, 54723681.00 ns, 53.4411 us/op
WorkloadPilot    8: 2048 op, 111248300.00 ns, 54.3205 us/op
WorkloadPilot    9: 4096 op, 188138219.00 ns, 45.9322 us/op
WorkloadPilot   10: 8192 op, 374877339.00 ns, 45.7614 us/op
WorkloadPilot   11: 16384 op, 745641910.00 ns, 45.5104 us/op

OverheadWarmup   1: 16384 op, 33384.00 ns, 2.0376 ns/op
OverheadWarmup   2: 16384 op, 32081.00 ns, 1.9581 ns/op
OverheadWarmup   3: 16384 op, 31941.00 ns, 1.9495 ns/op
OverheadWarmup   4: 16384 op, 31921.00 ns, 1.9483 ns/op
OverheadWarmup   5: 16384 op, 32312.00 ns, 1.9722 ns/op
OverheadWarmup   6: 16384 op, 34987.00 ns, 2.1354 ns/op
OverheadWarmup   7: 16384 op, 31891.00 ns, 1.9465 ns/op
OverheadWarmup   8: 16384 op, 31881.00 ns, 1.9459 ns/op
OverheadWarmup   9: 16384 op, 32071.00 ns, 1.9575 ns/op
OverheadWarmup  10: 16384 op, 31952.00 ns, 1.9502 ns/op

OverheadActual   1: 16384 op, 32162.00 ns, 1.9630 ns/op
OverheadActual   2: 16384 op, 32031.00 ns, 1.9550 ns/op
OverheadActual   3: 16384 op, 32552.00 ns, 1.9868 ns/op
OverheadActual   4: 16384 op, 32021.00 ns, 1.9544 ns/op
OverheadActual   5: 16384 op, 31891.00 ns, 1.9465 ns/op
OverheadActual   6: 16384 op, 31660.00 ns, 1.9324 ns/op
OverheadActual   7: 16384 op, 32132.00 ns, 1.9612 ns/op
OverheadActual   8: 16384 op, 31841.00 ns, 1.9434 ns/op
OverheadActual   9: 16384 op, 31851.00 ns, 1.9440 ns/op
OverheadActual  10: 16384 op, 33254.00 ns, 2.0297 ns/op
OverheadActual  11: 16384 op, 31991.00 ns, 1.9526 ns/op
OverheadActual  12: 16384 op, 31881.00 ns, 1.9459 ns/op
OverheadActual  13: 16384 op, 32262.00 ns, 1.9691 ns/op
OverheadActual  14: 16384 op, 31851.00 ns, 1.9440 ns/op
OverheadActual  15: 16384 op, 31941.00 ns, 1.9495 ns/op

OverheadWarmup   1: 16384 op, 31971.00 ns, 1.9514 ns/op
OverheadWarmup   2: 16384 op, 31791.00 ns, 1.9404 ns/op
OverheadWarmup   3: 16384 op, 31651.00 ns, 1.9318 ns/op
OverheadWarmup   4: 16384 op, 32082.00 ns, 1.9581 ns/op
OverheadWarmup   5: 16384 op, 31861.00 ns, 1.9446 ns/op
OverheadWarmup   6: 16384 op, 31840.00 ns, 1.9434 ns/op
OverheadWarmup   7: 16384 op, 38334.00 ns, 2.3397 ns/op
OverheadWarmup   8: 16384 op, 31951.00 ns, 1.9501 ns/op

// BeforeActualRun
WorkloadActual   1: 16384 op, 749573823.00 ns, 45.7504 us/op
WorkloadActual   2: 16384 op, 761951655.00 ns, 46.5058 us/op
WorkloadActual   3: 16384 op, 743771493.00 ns, 45.3962 us/op
WorkloadActual   4: 16384 op, 742693551.00 ns, 45.3304 us/op
WorkloadActual   5: 16384 op, 742356707.00 ns, 45.3099 us/op
WorkloadActual   6: 16384 op, 737456672.00 ns, 45.0108 us/op
WorkloadActual   7: 16384 op, 741361764.00 ns, 45.2491 us/op
WorkloadActual   8: 16384 op, 740665532.00 ns, 45.2066 us/op
WorkloadActual   9: 16384 op, 741418547.00 ns, 45.2526 us/op
WorkloadActual  10: 16384 op, 741491759.00 ns, 45.2571 us/op
WorkloadActual  11: 16384 op, 745909202.00 ns, 45.5267 us/op
WorkloadActual  12: 16384 op, 744651514.00 ns, 45.4499 us/op
WorkloadActual  13: 16384 op, 741273155.00 ns, 45.2437 us/op
WorkloadActual  14: 16384 op, 741913062.00 ns, 45.2828 us/op
WorkloadActual  15: 16384 op, 743301444.00 ns, 45.3675 us/op

// AfterActualRun
WorkloadResult   1: 16384 op, 743739502.00 ns, 45.3943 us/op
WorkloadResult   2: 16384 op, 742661560.00 ns, 45.3285 us/op
WorkloadResult   3: 16384 op, 742324716.00 ns, 45.3079 us/op
WorkloadResult   4: 16384 op, 737424681.00 ns, 45.0088 us/op
WorkloadResult   5: 16384 op, 741329773.00 ns, 45.2472 us/op
WorkloadResult   6: 16384 op, 740633541.00 ns, 45.2047 us/op
WorkloadResult   7: 16384 op, 741386556.00 ns, 45.2506 us/op
WorkloadResult   8: 16384 op, 741459768.00 ns, 45.2551 us/op
WorkloadResult   9: 16384 op, 745877211.00 ns, 45.5247 us/op
WorkloadResult  10: 16384 op, 744619523.00 ns, 45.4480 us/op
WorkloadResult  11: 16384 op, 741241164.00 ns, 45.2418 us/op
WorkloadResult  12: 16384 op, 741881071.00 ns, 45.2808 us/op
WorkloadResult  13: 16384 op, 743269453.00 ns, 45.3656 us/op
// GC:  38 7 0 1935409152 16384
// Threading:  0 0 16384

// AfterAll
// Benchmark Process 1128253 has exited with code 0.

Mean = 45.297 μs, StdErr = 0.035 μs (0.08%), N = 13, StdDev = 0.126 μs
Min = 45.009 μs, Q1 = 45.247 μs, Median = 45.281 μs, Q3 = 45.366 μs, Max = 45.525 μs
IQR = 0.118 μs, LowerFence = 45.070 μs, UpperFence = 45.543 μs
ConfidenceInterval = [45.146 μs; 45.448 μs] (CI 99.9%), Margin = 0.151 μs (0.33% of Mean)
Skewness = -0.33, Kurtosis = 3.12, MValue = 2

// ** Remained 32 (64.0%) benchmark(s) to run. Estimated finish 2026-01-01 4:16 (0h 8m from now) **
// **************************
// Benchmark: Sorting.Sort_Original: DefaultJob [NumItems=1000, GraphType=Independent]
// *** Execute ***
// Launch: 1 / 1
// Execute: dotnet NexusMods.Benchmarks-DefaultJob-2.dll --anonymousPipes 122 144 --benchmarkName "NexusMods.Benchmarks.Benchmarks.Sorting.Sort_Original(NumItems: 1000, GraphType: Independent)" --job Default --benchmarkId 18 in /home/ryang/nexus-app/benchmarks/NexusMods.Benchmarks/bin/Release/net9.0/NexusMods.Benchmarks-DefaultJob-2/bin/Release/net9.0
// Failed to set up high priority (Permission denied). In order to run benchmarks with high priority, make sure you have the right permissions.
// BeforeAnythingElse

// Benchmark Process Environment Information:
// BenchmarkDotNet v0.15.2
// Runtime=.NET 9.0.11 (9.0.1125.51716), X64 RyuJIT AVX-512F+CD+BW+DQ+VL+VBMI
// GC=Concurrent Workstation
// HardwareIntrinsics=AVX-512F+CD+BW+DQ+VL+VBMI,AES,BMI1,BMI2,FMA,LZCNT,PCLMUL,POPCNT,AvxVnni VectorSize=256
// Job: DefaultJob

OverheadJitting  1: 1 op, 154977.00 ns, 154.9770 us/op
WorkloadJitting  1: 1 op, 13709480.00 ns, 13.7095 ms/op

OverheadJitting  2: 16 op, 491141.00 ns, 30.6963 us/op
WorkloadJitting  2: 16 op, 72764770.00 ns, 4.5478 ms/op

WorkloadPilot    1: 16 op, 68168857.00 ns, 4.2606 ms/op
WorkloadPilot    2: 32 op, 135895016.00 ns, 4.2467 ms/op
WorkloadPilot    3: 64 op, 121522625.00 ns, 1.8988 ms/op
WorkloadPilot    4: 128 op, 146567649.00 ns, 1.1451 ms/op
WorkloadPilot    5: 256 op, 293310073.00 ns, 1.1457 ms/op
WorkloadPilot    6: 512 op, 554412814.00 ns, 1.0828 ms/op

OverheadWarmup   1: 512 op, 3176.00 ns, 6.2031 ns/op
OverheadWarmup   2: 512 op, 1172.00 ns, 2.2891 ns/op
OverheadWarmup   3: 512 op, 1092.00 ns, 2.1328 ns/op
OverheadWarmup   4: 512 op, 1112.00 ns, 2.1719 ns/op
OverheadWarmup   5: 512 op, 1102.00 ns, 2.1523 ns/op
OverheadWarmup   6: 512 op, 1082.00 ns, 2.1133 ns/op
OverheadWarmup   7: 512 op, 1102.00 ns, 2.1523 ns/op
OverheadWarmup   8: 512 op, 1092.00 ns, 2.1328 ns/op

OverheadActual   1: 512 op, 1483.00 ns, 2.8965 ns/op
OverheadActual   2: 512 op, 1473.00 ns, 2.8770 ns/op
OverheadActual   3: 512 op, 1413.00 ns, 2.7598 ns/op
OverheadActual   4: 512 op, 1894.00 ns, 3.6992 ns/op
OverheadActual   5: 512 op, 1382.00 ns, 2.6992 ns/op
OverheadActual   6: 512 op, 1132.00 ns, 2.2109 ns/op
OverheadActual   7: 512 op, 1102.00 ns, 2.1523 ns/op
OverheadActual   8: 512 op, 1052.00 ns, 2.0547 ns/op
OverheadActual   9: 512 op, 1062.00 ns, 2.0742 ns/op
OverheadActual  10: 512 op, 1062.00 ns, 2.0742 ns/op
OverheadActual  11: 512 op, 1042.00 ns, 2.0352 ns/op
OverheadActual  12: 512 op, 1052.00 ns, 2.0547 ns/op
OverheadActual  13: 512 op, 1072.00 ns, 2.0938 ns/op
OverheadActual  14: 512 op, 1052.00 ns, 2.0547 ns/op
OverheadActual  15: 512 op, 1042.00 ns, 2.0352 ns/op
OverheadActual  16: 512 op, 1102.00 ns, 2.1523 ns/op
OverheadActual  17: 512 op, 1072.00 ns, 2.0938 ns/op
OverheadActual  18: 512 op, 1352.00 ns, 2.6406 ns/op
OverheadActual  19: 512 op, 1183.00 ns, 2.3105 ns/op
OverheadActual  20: 512 op, 1112.00 ns, 2.1719 ns/op

OverheadWarmup   1: 512 op, 1423.00 ns, 2.7793 ns/op
OverheadWarmup   2: 512 op, 1162.00 ns, 2.2695 ns/op
OverheadWarmup   3: 512 op, 1072.00 ns, 2.0938 ns/op
OverheadWarmup   4: 512 op, 1112.00 ns, 2.1719 ns/op
OverheadWarmup   5: 512 op, 1082.00 ns, 2.1133 ns/op
OverheadWarmup   6: 512 op, 1062.00 ns, 2.0742 ns/op
OverheadWarmup   7: 512 op, 1072.00 ns, 2.0938 ns/op
OverheadWarmup   8: 512 op, 1052.00 ns, 2.0547 ns/op

// BeforeActualRun
WorkloadActual   1: 512 op, 562606860.00 ns, 1.0988 ms/op
WorkloadActual   2: 512 op, 557664895.00 ns, 1.0892 ms/op
WorkloadActual   3: 512 op, 556342022.00 ns, 1.0866 ms/op
WorkloadActual   4: 512 op, 555708059.00 ns, 1.0854 ms/op
WorkloadActual   5: 512 op, 560635739.00 ns, 1.0950 ms/op
WorkloadActual   6: 512 op, 566032377.00 ns, 1.1055 ms/op
WorkloadActual   7: 512 op, 561585349.00 ns, 1.0968 ms/op
WorkloadActual   8: 512 op, 556479801.00 ns, 1.0869 ms/op
WorkloadActual   9: 512 op, 558087330.00 ns, 1.0900 ms/op
WorkloadActual  10: 512 op, 562998610.00 ns, 1.0996 ms/op
WorkloadActual  11: 512 op, 562784441.00 ns, 1.0992 ms/op
WorkloadActual  12: 512 op, 560164923.00 ns, 1.0941 ms/op
WorkloadActual  13: 512 op, 563511786.00 ns, 1.1006 ms/op
WorkloadActual  14: 512 op, 553714660.00 ns, 1.0815 ms/op
WorkloadActual  15: 512 op, 559332031.00 ns, 1.0924 ms/op

// AfterActualRun
WorkloadResult   1: 512 op, 562605758.00 ns, 1.0988 ms/op
WorkloadResult   2: 512 op, 557663793.00 ns, 1.0892 ms/op
WorkloadResult   3: 512 op, 556340920.00 ns, 1.0866 ms/op
WorkloadResult   4: 512 op, 555706957.00 ns, 1.0854 ms/op
WorkloadResult   5: 512 op, 560634637.00 ns, 1.0950 ms/op
WorkloadResult   6: 512 op, 566031275.00 ns, 1.1055 ms/op
WorkloadResult   7: 512 op, 561584247.00 ns, 1.0968 ms/op
WorkloadResult   8: 512 op, 556478699.00 ns, 1.0869 ms/op
WorkloadResult   9: 512 op, 558086228.00 ns, 1.0900 ms/op
WorkloadResult  10: 512 op, 562997508.00 ns, 1.0996 ms/op
WorkloadResult  11: 512 op, 562783339.00 ns, 1.0992 ms/op
WorkloadResult  12: 512 op, 560163821.00 ns, 1.0941 ms/op
WorkloadResult  13: 512 op, 563510684.00 ns, 1.1006 ms/op
WorkloadResult  14: 512 op, 553713558.00 ns, 1.0815 ms/op
WorkloadResult  15: 512 op, 559330929.00 ns, 1.0924 ms/op
// GC:  2 0 0 100311608 512
// Threading:  7102 0 512

// AfterAll
// Benchmark Process 1128321 has exited with code 0.

Mean = 1.093 ms, StdErr = 0.002 ms (0.16%), N = 15, StdDev = 0.007 ms
Min = 1.081 ms, Q1 = 1.088 ms, Median = 1.094 ms, Q3 = 1.099 ms, Max = 1.106 ms
IQR = 0.011 ms, LowerFence = 1.072 ms, UpperFence = 1.115 ms
ConfidenceInterval = [1.086 ms; 1.101 ms] (CI 99.9%), Margin = 0.007 ms (0.66% of Mean)
Skewness = -0.04, Kurtosis = 1.81, MValue = 2

// ** Remained 31 (62.0%) benchmark(s) to run. Estimated finish 2026-01-01 4:15 (0h 8m from now) **
// **************************
// Benchmark: Sorting.Sort_Kahn: DefaultJob [NumItems=1000, GraphType=Independent]
// *** Execute ***
// Launch: 1 / 1
// Execute: dotnet NexusMods.Benchmarks-DefaultJob-2.dll --anonymousPipes 122 144 --benchmarkName "NexusMods.Benchmarks.Benchmarks.Sorting.Sort_Kahn(NumItems: 1000, GraphType: Independent)" --job Default --benchmarkId 19 in /home/ryang/nexus-app/benchmarks/NexusMods.Benchmarks/bin/Release/net9.0/NexusMods.Benchmarks-DefaultJob-2/bin/Release/net9.0
// Failed to set up high priority (Permission denied). In order to run benchmarks with high priority, make sure you have the right permissions.
// BeforeAnythingElse

// Benchmark Process Environment Information:
// BenchmarkDotNet v0.15.2
// Runtime=.NET 9.0.11 (9.0.1125.51716), X64 RyuJIT AVX-512F+CD+BW+DQ+VL+VBMI
// GC=Concurrent Workstation
// HardwareIntrinsics=AVX-512F+CD+BW+DQ+VL+VBMI,AES,BMI1,BMI2,FMA,LZCNT,PCLMUL,POPCNT,AvxVnni VectorSize=256
// Job: DefaultJob

OverheadJitting  1: 1 op, 158263.00 ns, 158.2630 us/op
WorkloadJitting  1: 1 op, 1539258.00 ns, 1.5393 ms/op

OverheadJitting  2: 16 op, 343287.00 ns, 21.4554 us/op
WorkloadJitting  2: 16 op, 5867629.00 ns, 366.7268 us/op

WorkloadPilot    1: 16 op, 802908.00 ns, 50.1818 us/op
WorkloadPilot    2: 32 op, 1251628.00 ns, 39.1134 us/op
WorkloadPilot    3: 64 op, 2551678.00 ns, 39.8700 us/op
WorkloadPilot    4: 128 op, 5031939.00 ns, 39.3120 us/op
WorkloadPilot    5: 256 op, 10013191.00 ns, 39.1140 us/op
WorkloadPilot    6: 512 op, 19192463.00 ns, 37.4853 us/op
WorkloadPilot    7: 1024 op, 32322514.00 ns, 31.5650 us/op
WorkloadPilot    8: 2048 op, 71193142.00 ns, 34.7623 us/op
WorkloadPilot    9: 4096 op, 109003308.00 ns, 26.6121 us/op
WorkloadPilot   10: 8192 op, 187418715.00 ns, 22.8783 us/op
WorkloadPilot   11: 16384 op, 372997095.00 ns, 22.7659 us/op
WorkloadPilot   12: 32768 op, 749922255.00 ns, 22.8858 us/op

OverheadWarmup   1: 32768 op, 64654.00 ns, 1.9731 ns/op
OverheadWarmup   2: 32768 op, 63391.00 ns, 1.9345 ns/op
OverheadWarmup   3: 32768 op, 63662.00 ns, 1.9428 ns/op
OverheadWarmup   4: 32768 op, 63331.00 ns, 1.9327 ns/op
OverheadWarmup   5: 32768 op, 63622.00 ns, 1.9416 ns/op
OverheadWarmup   6: 32768 op, 63302.00 ns, 1.9318 ns/op

OverheadActual   1: 32768 op, 64012.00 ns, 1.9535 ns/op
OverheadActual   2: 32768 op, 63321.00 ns, 1.9324 ns/op
OverheadActual   3: 32768 op, 63933.00 ns, 1.9511 ns/op
OverheadActual   4: 32768 op, 63392.00 ns, 1.9346 ns/op
OverheadActual   5: 32768 op, 64023.00 ns, 1.9538 ns/op
OverheadActual   6: 32768 op, 63392.00 ns, 1.9346 ns/op
OverheadActual   7: 32768 op, 63481.00 ns, 1.9373 ns/op
OverheadActual   8: 32768 op, 65475.00 ns, 1.9981 ns/op
OverheadActual   9: 32768 op, 63401.00 ns, 1.9348 ns/op
OverheadActual  10: 32768 op, 63291.00 ns, 1.9315 ns/op
OverheadActual  11: 32768 op, 63401.00 ns, 1.9348 ns/op
OverheadActual  12: 32768 op, 63341.00 ns, 1.9330 ns/op
OverheadActual  13: 32768 op, 63442.00 ns, 1.9361 ns/op
OverheadActual  14: 32768 op, 63291.00 ns, 1.9315 ns/op
OverheadActual  15: 32768 op, 63391.00 ns, 1.9345 ns/op

OverheadWarmup   1: 32768 op, 63191.00 ns, 1.9284 ns/op
OverheadWarmup   2: 32768 op, 63592.00 ns, 1.9407 ns/op
OverheadWarmup   3: 32768 op, 63321.00 ns, 1.9324 ns/op
OverheadWarmup   4: 32768 op, 63502.00 ns, 1.9379 ns/op
OverheadWarmup   5: 32768 op, 63312.00 ns, 1.9321 ns/op
OverheadWarmup   6: 32768 op, 65225.00 ns, 1.9905 ns/op

// BeforeActualRun
WorkloadActual   1: 32768 op, 752976798.00 ns, 22.9790 us/op
WorkloadActual   2: 32768 op, 740251985.00 ns, 22.5907 us/op
WorkloadActual   3: 32768 op, 754382884.00 ns, 23.0219 us/op
WorkloadActual   4: 32768 op, 735272600.00 ns, 22.4387 us/op
WorkloadActual   5: 32768 op, 741925926.00 ns, 22.6418 us/op
WorkloadActual   6: 32768 op, 739983698.00 ns, 22.5825 us/op
WorkloadActual   7: 32768 op, 745045155.00 ns, 22.7370 us/op
WorkloadActual   8: 32768 op, 742001125.00 ns, 22.6441 us/op
WorkloadActual   9: 32768 op, 728958332.00 ns, 22.2460 us/op
WorkloadActual  10: 32768 op, 729683333.00 ns, 22.2682 us/op
WorkloadActual  11: 32768 op, 732411470.00 ns, 22.3514 us/op
WorkloadActual  12: 32768 op, 754273470.00 ns, 23.0186 us/op
WorkloadActual  13: 32768 op, 753995409.00 ns, 23.0101 us/op
WorkloadActual  14: 32768 op, 749088091.00 ns, 22.8604 us/op
WorkloadActual  15: 32768 op, 742204426.00 ns, 22.6503 us/op

// AfterActualRun
WorkloadResult   1: 32768 op, 752913397.00 ns, 22.9771 us/op
WorkloadResult   2: 32768 op, 740188584.00 ns, 22.5888 us/op
WorkloadResult   3: 32768 op, 754319483.00 ns, 23.0200 us/op
WorkloadResult   4: 32768 op, 735209199.00 ns, 22.4368 us/op
WorkloadResult   5: 32768 op, 741862525.00 ns, 22.6398 us/op
WorkloadResult   6: 32768 op, 739920297.00 ns, 22.5806 us/op
WorkloadResult   7: 32768 op, 744981754.00 ns, 22.7350 us/op
WorkloadResult   8: 32768 op, 741937724.00 ns, 22.6421 us/op
WorkloadResult   9: 32768 op, 728894931.00 ns, 22.2441 us/op
WorkloadResult  10: 32768 op, 729619932.00 ns, 22.2662 us/op
WorkloadResult  11: 32768 op, 732348069.00 ns, 22.3495 us/op
WorkloadResult  12: 32768 op, 754210069.00 ns, 23.0167 us/op
WorkloadResult  13: 32768 op, 753932008.00 ns, 23.0082 us/op
WorkloadResult  14: 32768 op, 749024690.00 ns, 22.8584 us/op
WorkloadResult  15: 32768 op, 742141025.00 ns, 22.6483 us/op
// GC:  71 14 0 3595829248 32768
// Threading:  0 0 32768

// AfterAll
// Benchmark Process 1128392 has exited with code 0.

Mean = 22.667 μs, StdErr = 0.069 μs (0.31%), N = 15, StdDev = 0.268 μs
Min = 22.244 μs, Q1 = 22.509 μs, Median = 22.642 μs, Q3 = 22.918 μs, Max = 23.020 μs
IQR = 0.409 μs, LowerFence = 21.895 μs, UpperFence = 23.531 μs
ConfidenceInterval = [22.380 μs; 22.954 μs] (CI 99.9%), Margin = 0.287 μs (1.27% of Mean)
Skewness = -0.08, Kurtosis = 1.61, MValue = 2

// ** Remained 30 (60.0%) benchmark(s) to run. Estimated finish 2026-01-01 4:15 (0h 7m from now) **
// **************************
// Benchmark: Sorting.Sort_Original: DefaultJob [NumItems=2000, GraphType=Complex]
// *** Execute ***
// Launch: 1 / 1
// Execute: dotnet NexusMods.Benchmarks-DefaultJob-2.dll --anonymousPipes 122 144 --benchmarkName "NexusMods.Benchmarks.Benchmarks.Sorting.Sort_Original(NumItems: 2000, GraphType: Complex)" --job Default --benchmarkId 20 in /home/ryang/nexus-app/benchmarks/NexusMods.Benchmarks/bin/Release/net9.0/NexusMods.Benchmarks-DefaultJob-2/bin/Release/net9.0
// Failed to set up high priority (Permission denied). In order to run benchmarks with high priority, make sure you have the right permissions.
// BeforeAnythingElse

// Benchmark Process Environment Information:
// BenchmarkDotNet v0.15.2
// Runtime=.NET 9.0.11 (9.0.1125.51716), X64 RyuJIT AVX-512F+CD+BW+DQ+VL+VBMI
// GC=Concurrent Workstation
// HardwareIntrinsics=AVX-512F+CD+BW+DQ+VL+VBMI,AES,BMI1,BMI2,FMA,LZCNT,PCLMUL,POPCNT,AvxVnni VectorSize=256
// Job: DefaultJob

OverheadJitting  1: 1 op, 149236.00 ns, 149.2360 us/op
WorkloadJitting  1: 1 op, 47851473.00 ns, 47.8515 ms/op

WorkloadPilot    1: 2 op, 69489121.00 ns, 34.7446 ms/op
WorkloadPilot    2: 3 op, 102605157.00 ns, 34.2017 ms/op
WorkloadPilot    3: 4 op, 135088120.00 ns, 33.7720 ms/op
WorkloadPilot    4: 5 op, 149532710.00 ns, 29.9065 ms/op
WorkloadPilot    5: 6 op, 174007572.00 ns, 29.0013 ms/op
WorkloadPilot    6: 7 op, 197724724.00 ns, 28.2464 ms/op
WorkloadPilot    7: 8 op, 222902454.00 ns, 27.8628 ms/op
WorkloadPilot    8: 9 op, 250961754.00 ns, 27.8846 ms/op
WorkloadPilot    9: 10 op, 273849076.00 ns, 27.3849 ms/op
WorkloadPilot   10: 11 op, 300586013.00 ns, 27.3260 ms/op
WorkloadPilot   11: 12 op, 340146593.00 ns, 28.3455 ms/op
WorkloadPilot   12: 13 op, 372057933.00 ns, 28.6198 ms/op
WorkloadPilot   13: 14 op, 402203499.00 ns, 28.7288 ms/op
WorkloadPilot   14: 15 op, 429795835.00 ns, 28.6531 ms/op
WorkloadPilot   15: 16 op, 459000590.00 ns, 28.6875 ms/op
WorkloadPilot   16: 32 op, 919006736.00 ns, 28.7190 ms/op

OverheadWarmup   1: 32 op, 1303.00 ns, 40.7188 ns/op
OverheadWarmup   2: 32 op, 210.00 ns, 6.5625 ns/op
OverheadWarmup   3: 32 op, 180.00 ns, 5.6250 ns/op
OverheadWarmup   4: 32 op, 150.00 ns, 4.6875 ns/op
OverheadWarmup   5: 32 op, 140.00 ns, 4.3750 ns/op
OverheadWarmup   6: 32 op, 151.00 ns, 4.7188 ns/op
OverheadWarmup   7: 32 op, 141.00 ns, 4.4063 ns/op
OverheadWarmup   8: 32 op, 151.00 ns, 4.7188 ns/op
OverheadWarmup   9: 32 op, 141.00 ns, 4.4063 ns/op

// BeforeActualRun
WorkloadActual   1: 32 op, 913545217.00 ns, 28.5483 ms/op
WorkloadActual   2: 32 op, 916886821.00 ns, 28.6527 ms/op
WorkloadActual   3: 32 op, 917961251.00 ns, 28.6863 ms/op
WorkloadActual   4: 32 op, 914887285.00 ns, 28.5902 ms/op
WorkloadActual   5: 32 op, 914645805.00 ns, 28.5827 ms/op
WorkloadActual   6: 32 op, 914959869.00 ns, 28.5925 ms/op
WorkloadActual   7: 32 op, 915130729.00 ns, 28.5978 ms/op
WorkloadActual   8: 32 op, 913188521.00 ns, 28.5371 ms/op
WorkloadActual   9: 32 op, 914730036.00 ns, 28.5853 ms/op
WorkloadActual  10: 32 op, 915350728.00 ns, 28.6047 ms/op
WorkloadActual  11: 32 op, 915492942.00 ns, 28.6092 ms/op
WorkloadActual  12: 32 op, 915583889.00 ns, 28.6120 ms/op
WorkloadActual  13: 32 op, 915758035.00 ns, 28.6174 ms/op
WorkloadActual  14: 32 op, 915150112.00 ns, 28.5984 ms/op
WorkloadActual  15: 32 op, 915898348.00 ns, 28.6218 ms/op

// AfterActualRun
WorkloadResult   1: 32 op, 913545217.00 ns, 28.5483 ms/op
WorkloadResult   2: 32 op, 916886821.00 ns, 28.6527 ms/op
WorkloadResult   3: 32 op, 914887285.00 ns, 28.5902 ms/op
WorkloadResult   4: 32 op, 914645805.00 ns, 28.5827 ms/op
WorkloadResult   5: 32 op, 914959869.00 ns, 28.5925 ms/op
WorkloadResult   6: 32 op, 915130729.00 ns, 28.5978 ms/op
WorkloadResult   7: 32 op, 913188521.00 ns, 28.5371 ms/op
WorkloadResult   8: 32 op, 914730036.00 ns, 28.5853 ms/op
WorkloadResult   9: 32 op, 915350728.00 ns, 28.6047 ms/op
WorkloadResult  10: 32 op, 915492942.00 ns, 28.6092 ms/op
WorkloadResult  11: 32 op, 915583889.00 ns, 28.6120 ms/op
WorkloadResult  12: 32 op, 915758035.00 ns, 28.6174 ms/op
WorkloadResult  13: 32 op, 915150112.00 ns, 28.5984 ms/op
WorkloadResult  14: 32 op, 915898348.00 ns, 28.6218 ms/op
// GC:  0 0 0 44202256 32
// Threading:  2231 1 32

// AfterAll
// Benchmark Process 1128462 has exited with code 0.

Mean = 28.596 ms, StdErr = 0.008 ms (0.03%), N = 14, StdDev = 0.029 ms
Min = 28.537 ms, Q1 = 28.587 ms, Median = 28.598 ms, Q3 = 28.611 ms, Max = 28.653 ms
IQR = 0.025 ms, LowerFence = 28.549 ms, UpperFence = 28.648 ms
ConfidenceInterval = [28.564 ms; 28.629 ms] (CI 99.9%), Margin = 0.033 ms (0.11% of Mean)
Skewness = -0.34, Kurtosis = 2.88, MValue = 2

// ** Remained 29 (58.0%) benchmark(s) to run. Estimated finish 2026-01-01 4:16 (0h 7m from now) **
// **************************
// Benchmark: Sorting.Sort_Kahn: DefaultJob [NumItems=2000, GraphType=Complex]
// *** Execute ***
// Launch: 1 / 1
// Execute: dotnet NexusMods.Benchmarks-DefaultJob-2.dll --anonymousPipes 122 144 --benchmarkName "NexusMods.Benchmarks.Benchmarks.Sorting.Sort_Kahn(NumItems: 2000, GraphType: Complex)" --job Default --benchmarkId 21 in /home/ryang/nexus-app/benchmarks/NexusMods.Benchmarks/bin/Release/net9.0/NexusMods.Benchmarks-DefaultJob-2/bin/Release/net9.0
// Failed to set up high priority (Permission denied). In order to run benchmarks with high priority, make sure you have the right permissions.
// BeforeAnythingElse

// Benchmark Process Environment Information:
// BenchmarkDotNet v0.15.2
// Runtime=.NET 9.0.11 (9.0.1125.51716), X64 RyuJIT AVX-512F+CD+BW+DQ+VL+VBMI
// GC=Concurrent Workstation
// HardwareIntrinsics=AVX-512F+CD+BW+DQ+VL+VBMI,AES,BMI1,BMI2,FMA,LZCNT,PCLMUL,POPCNT,AvxVnni VectorSize=256
// Job: DefaultJob

OverheadJitting  1: 1 op, 151290.00 ns, 151.2900 us/op
WorkloadJitting  1: 1 op, 1925028.00 ns, 1.9250 ms/op

OverheadJitting  2: 16 op, 352755.00 ns, 22.0472 us/op
WorkloadJitting  2: 16 op, 9183703.00 ns, 573.9814 us/op

WorkloadPilot    1: 16 op, 3381217.00 ns, 211.3261 us/op
WorkloadPilot    2: 32 op, 5985726.00 ns, 187.0539 us/op
WorkloadPilot    3: 64 op, 12055394.00 ns, 188.3655 us/op
WorkloadPilot    4: 128 op, 23987130.00 ns, 187.3995 us/op
WorkloadPilot    5: 256 op, 44310602.00 ns, 173.0883 us/op
WorkloadPilot    6: 512 op, 88547753.00 ns, 172.9448 us/op
WorkloadPilot    7: 1024 op, 149281206.00 ns, 145.7824 us/op
WorkloadPilot    8: 2048 op, 294472507.00 ns, 143.7854 us/op
WorkloadPilot    9: 4096 op, 588512297.00 ns, 143.6798 us/op

OverheadWarmup   1: 4096 op, 13245.00 ns, 3.2336 ns/op
OverheadWarmup   2: 4096 op, 11492.00 ns, 2.8057 ns/op
OverheadWarmup   3: 4096 op, 10099.00 ns, 2.4656 ns/op
OverheadWarmup   4: 4096 op, 10099.00 ns, 2.4656 ns/op
OverheadWarmup   5: 4096 op, 10239.00 ns, 2.4998 ns/op
OverheadWarmup   6: 4096 op, 10030.00 ns, 2.4487 ns/op
OverheadWarmup   7: 4096 op, 9979.00 ns, 2.4363 ns/op
OverheadWarmup   8: 4096 op, 10009.00 ns, 2.4436 ns/op

OverheadActual   1: 4096 op, 10691.00 ns, 2.6101 ns/op
OverheadActual   2: 4096 op, 11712.00 ns, 2.8594 ns/op
OverheadActual   3: 4096 op, 11722.00 ns, 2.8618 ns/op
OverheadActual   4: 4096 op, 10490.00 ns, 2.5610 ns/op
OverheadActual   5: 4096 op, 10600.00 ns, 2.5879 ns/op
OverheadActual   6: 4096 op, 9859.00 ns, 2.4070 ns/op
OverheadActual   7: 4096 op, 10080.00 ns, 2.4609 ns/op
OverheadActual   8: 4096 op, 9909.00 ns, 2.4192 ns/op
OverheadActual   9: 4096 op, 10620.00 ns, 2.5928 ns/op
OverheadActual  10: 4096 op, 9898.00 ns, 2.4165 ns/op
OverheadActual  11: 4096 op, 9949.00 ns, 2.4290 ns/op
OverheadActual  12: 4096 op, 9919.00 ns, 2.4216 ns/op
OverheadActual  13: 4096 op, 9889.00 ns, 2.4143 ns/op
OverheadActual  14: 4096 op, 10029.00 ns, 2.4485 ns/op
OverheadActual  15: 4096 op, 9889.00 ns, 2.4143 ns/op

OverheadWarmup   1: 4096 op, 12013.00 ns, 2.9329 ns/op
OverheadWarmup   2: 4096 op, 10460.00 ns, 2.5537 ns/op
OverheadWarmup   3: 4096 op, 9979.00 ns, 2.4363 ns/op
OverheadWarmup   4: 4096 op, 9919.00 ns, 2.4216 ns/op
OverheadWarmup   5: 4096 op, 10720.00 ns, 2.6172 ns/op
OverheadWarmup   6: 4096 op, 10791.00 ns, 2.6345 ns/op
OverheadWarmup   7: 4096 op, 9959.00 ns, 2.4314 ns/op
OverheadWarmup   8: 4096 op, 9929.00 ns, 2.4241 ns/op
OverheadWarmup   9: 4096 op, 9929.00 ns, 2.4241 ns/op
OverheadWarmup  10: 4096 op, 10460.00 ns, 2.5537 ns/op

// BeforeActualRun
WorkloadActual   1: 4096 op, 595258911.00 ns, 145.3269 us/op
WorkloadActual   2: 4096 op, 583114068.00 ns, 142.3618 us/op
WorkloadActual   3: 4096 op, 584121839.00 ns, 142.6079 us/op
WorkloadActual   4: 4096 op, 584574387.00 ns, 142.7184 us/op
WorkloadActual   5: 4096 op, 586049184.00 ns, 143.0784 us/op
WorkloadActual   6: 4096 op, 582523230.00 ns, 142.2176 us/op
WorkloadActual   7: 4096 op, 585769340.00 ns, 143.0101 us/op
WorkloadActual   8: 4096 op, 594539932.00 ns, 145.1514 us/op
WorkloadActual   9: 4096 op, 592037428.00 ns, 144.5404 us/op
WorkloadActual  10: 4096 op, 592927805.00 ns, 144.7578 us/op
WorkloadActual  11: 4096 op, 601683108.00 ns, 146.8953 us/op
WorkloadActual  12: 4096 op, 597638341.00 ns, 145.9078 us/op
WorkloadActual  13: 4096 op, 599041309.00 ns, 146.2503 us/op
WorkloadActual  14: 4096 op, 596319416.00 ns, 145.5858 us/op
WorkloadActual  15: 4096 op, 596616977.00 ns, 145.6584 us/op

// AfterActualRun
WorkloadResult   1: 4096 op, 595248882.00 ns, 145.3244 us/op
WorkloadResult   2: 4096 op, 583104039.00 ns, 142.3594 us/op
WorkloadResult   3: 4096 op, 584111810.00 ns, 142.6054 us/op
WorkloadResult   4: 4096 op, 584564358.00 ns, 142.7159 us/op
WorkloadResult   5: 4096 op, 586039155.00 ns, 143.0760 us/op
WorkloadResult   6: 4096 op, 582513201.00 ns, 142.2151 us/op
WorkloadResult   7: 4096 op, 585759311.00 ns, 143.0076 us/op
WorkloadResult   8: 4096 op, 594529903.00 ns, 145.1489 us/op
WorkloadResult   9: 4096 op, 592027399.00 ns, 144.5379 us/op
WorkloadResult  10: 4096 op, 592917776.00 ns, 144.7553 us/op
WorkloadResult  11: 4096 op, 601673079.00 ns, 146.8928 us/op
WorkloadResult  12: 4096 op, 597628312.00 ns, 145.9053 us/op
WorkloadResult  13: 4096 op, 599031280.00 ns, 146.2479 us/op
WorkloadResult  14: 4096 op, 596309387.00 ns, 145.5833 us/op
WorkloadResult  15: 4096 op, 596606948.00 ns, 145.6560 us/op
// GC:  24 11 0 1250361344 4096
// Threading:  0 0 4096

// AfterAll
// Benchmark Process 1128572 has exited with code 0.

Mean = 144.402 μs, StdErr = 0.409 μs (0.28%), N = 15, StdDev = 1.584 μs
Min = 142.215 μs, Q1 = 142.862 μs, Median = 144.755 μs, Q3 = 145.620 μs, Max = 146.893 μs
IQR = 2.758 μs, LowerFence = 138.725 μs, UpperFence = 149.757 μs
ConfidenceInterval = [142.709 μs; 146.095 μs] (CI 99.9%), Margin = 1.693 μs (1.17% of Mean)
Skewness = -0.08, Kurtosis = 1.34, MValue = 2

// ** Remained 28 (56.0%) benchmark(s) to run. Estimated finish 2026-01-01 4:15 (0h 7m from now) **
// **************************
// Benchmark: Sorting.Sort_Original: DefaultJob [NumItems=2000, GraphType=Random]
// *** Execute ***
// Launch: 1 / 1
// Execute: dotnet NexusMods.Benchmarks-DefaultJob-2.dll --anonymousPipes 122 144 --benchmarkName "NexusMods.Benchmarks.Benchmarks.Sorting.Sort_Original(NumItems: 2000, GraphType: Random)" --job Default --benchmarkId 22 in /home/ryang/nexus-app/benchmarks/NexusMods.Benchmarks/bin/Release/net9.0/NexusMods.Benchmarks-DefaultJob-2/bin/Release/net9.0
// Failed to set up high priority (Permission denied). In order to run benchmarks with high priority, make sure you have the right permissions.
// BeforeAnythingElse

// Benchmark Process Environment Information:
// BenchmarkDotNet v0.15.2
// Runtime=.NET 9.0.11 (9.0.1125.51716), X64 RyuJIT AVX-512F+CD+BW+DQ+VL+VBMI
// GC=Concurrent Workstation
// HardwareIntrinsics=AVX-512F+CD+BW+DQ+VL+VBMI,AES,BMI1,BMI2,FMA,LZCNT,PCLMUL,POPCNT,AvxVnni VectorSize=256
// Job: DefaultJob

OverheadJitting  1: 1 op, 152261.00 ns, 152.2610 us/op
WorkloadJitting  1: 1 op, 25369459.00 ns, 25.3695 ms/op

OverheadJitting  2: 16 op, 341444.00 ns, 21.3403 us/op
WorkloadJitting  2: 16 op, 187655062.00 ns, 11.7284 ms/op

WorkloadPilot    1: 16 op, 134761085.00 ns, 8.4226 ms/op
WorkloadPilot    2: 32 op, 276180946.00 ns, 8.6307 ms/op
WorkloadPilot    3: 64 op, 539357341.00 ns, 8.4275 ms/op

OverheadWarmup   1: 64 op, 1613.00 ns, 25.2031 ns/op
OverheadWarmup   2: 64 op, 281.00 ns, 4.3906 ns/op
OverheadWarmup   3: 64 op, 191.00 ns, 2.9844 ns/op
OverheadWarmup   4: 64 op, 190.00 ns, 2.9688 ns/op
OverheadWarmup   5: 64 op, 210.00 ns, 3.2813 ns/op
OverheadWarmup   6: 64 op, 190.00 ns, 2.9688 ns/op
OverheadWarmup   7: 64 op, 261.00 ns, 4.0781 ns/op
OverheadWarmup   8: 64 op, 221.00 ns, 3.4531 ns/op

OverheadActual   1: 64 op, 772.00 ns, 12.0625 ns/op
OverheadActual   2: 64 op, 611.00 ns, 9.5469 ns/op
OverheadActual   3: 64 op, 601.00 ns, 9.3906 ns/op
OverheadActual   4: 64 op, 311.00 ns, 4.8594 ns/op
OverheadActual   5: 64 op, 501.00 ns, 7.8281 ns/op
OverheadActual   6: 64 op, 662.00 ns, 10.3438 ns/op
OverheadActual   7: 64 op, 321.00 ns, 5.0156 ns/op
OverheadActual   8: 64 op, 310.00 ns, 4.8438 ns/op
OverheadActual   9: 64 op, 301.00 ns, 4.7031 ns/op
OverheadActual  10: 64 op, 300.00 ns, 4.6875 ns/op
OverheadActual  11: 64 op, 662.00 ns, 10.3438 ns/op
OverheadActual  12: 64 op, 321.00 ns, 5.0156 ns/op
OverheadActual  13: 64 op, 310.00 ns, 4.8438 ns/op
OverheadActual  14: 64 op, 290.00 ns, 4.5313 ns/op
OverheadActual  15: 64 op, 320.00 ns, 5.0000 ns/op
OverheadActual  16: 64 op, 311.00 ns, 4.8594 ns/op
OverheadActual  17: 64 op, 301.00 ns, 4.7031 ns/op
OverheadActual  18: 64 op, 481.00 ns, 7.5156 ns/op
OverheadActual  19: 64 op, 682.00 ns, 10.6563 ns/op
OverheadActual  20: 64 op, 662.00 ns, 10.3438 ns/op

OverheadWarmup   1: 64 op, 651.00 ns, 10.1719 ns/op
OverheadWarmup   2: 64 op, 370.00 ns, 5.7813 ns/op
OverheadWarmup   3: 64 op, 341.00 ns, 5.3281 ns/op
OverheadWarmup   4: 64 op, 320.00 ns, 5.0000 ns/op
OverheadWarmup   5: 64 op, 321.00 ns, 5.0156 ns/op
OverheadWarmup   6: 64 op, 320.00 ns, 5.0000 ns/op
OverheadWarmup   7: 64 op, 300.00 ns, 4.6875 ns/op
OverheadWarmup   8: 64 op, 561.00 ns, 8.7656 ns/op
OverheadWarmup   9: 64 op, 230.00 ns, 3.5938 ns/op

// BeforeActualRun
WorkloadActual   1: 64 op, 530464796.00 ns, 8.2885 ms/op
WorkloadActual   2: 64 op, 528430570.00 ns, 8.2567 ms/op
WorkloadActual   3: 64 op, 534362585.00 ns, 8.3494 ms/op
WorkloadActual   4: 64 op, 536516442.00 ns, 8.3831 ms/op
WorkloadActual   5: 64 op, 528783769.00 ns, 8.2622 ms/op
WorkloadActual   6: 64 op, 534357618.00 ns, 8.3493 ms/op
WorkloadActual   7: 64 op, 532277243.00 ns, 8.3168 ms/op
WorkloadActual   8: 64 op, 526646818.00 ns, 8.2289 ms/op
WorkloadActual   9: 64 op, 527484173.00 ns, 8.2419 ms/op
WorkloadActual  10: 64 op, 528892462.00 ns, 8.2639 ms/op
WorkloadActual  11: 64 op, 527784420.00 ns, 8.2466 ms/op
WorkloadActual  12: 64 op, 531021131.00 ns, 8.2972 ms/op
WorkloadActual  13: 64 op, 530291354.00 ns, 8.2858 ms/op
WorkloadActual  14: 64 op, 534644223.00 ns, 8.3538 ms/op
WorkloadActual  15: 64 op, 531856984.00 ns, 8.3103 ms/op

// AfterActualRun
WorkloadResult   1: 64 op, 530464475.00 ns, 8.2885 ms/op
WorkloadResult   2: 64 op, 528430249.00 ns, 8.2567 ms/op
WorkloadResult   3: 64 op, 534362264.00 ns, 8.3494 ms/op
WorkloadResult   4: 64 op, 536516121.00 ns, 8.3831 ms/op
WorkloadResult   5: 64 op, 528783448.00 ns, 8.2622 ms/op
WorkloadResult   6: 64 op, 534357297.00 ns, 8.3493 ms/op
WorkloadResult   7: 64 op, 532276922.00 ns, 8.3168 ms/op
WorkloadResult   8: 64 op, 526646497.00 ns, 8.2289 ms/op
WorkloadResult   9: 64 op, 527483852.00 ns, 8.2419 ms/op
WorkloadResult  10: 64 op, 528892141.00 ns, 8.2639 ms/op
WorkloadResult  11: 64 op, 527784099.00 ns, 8.2466 ms/op
WorkloadResult  12: 64 op, 531020810.00 ns, 8.2972 ms/op
WorkloadResult  13: 64 op, 530291033.00 ns, 8.2858 ms/op
WorkloadResult  14: 64 op, 534643902.00 ns, 8.3538 ms/op
WorkloadResult  15: 64 op, 531856663.00 ns, 8.3103 ms/op
// GC:  1 0 0 53263152 64
// Threading:  1081 9 64

// AfterAll
// Benchmark Process 1128629 has exited with code 0.

Mean = 8.296 ms, StdErr = 0.012 ms (0.15%), N = 15, StdDev = 0.047 ms
Min = 8.229 ms, Q1 = 8.259 ms, Median = 8.289 ms, Q3 = 8.333 ms, Max = 8.383 ms
IQR = 0.074 ms, LowerFence = 8.149 ms, UpperFence = 8.443 ms
ConfidenceInterval = [8.245 ms; 8.346 ms] (CI 99.9%), Margin = 0.050 ms (0.61% of Mean)
Skewness = 0.31, Kurtosis = 1.7, MValue = 2

// ** Remained 27 (54.0%) benchmark(s) to run. Estimated finish 2026-01-01 4:15 (0h 7m from now) **
// **************************
// Benchmark: Sorting.Sort_Kahn: DefaultJob [NumItems=2000, GraphType=Random]
// *** Execute ***
// Launch: 1 / 1
// Execute: dotnet NexusMods.Benchmarks-DefaultJob-2.dll --anonymousPipes 122 144 --benchmarkName "NexusMods.Benchmarks.Benchmarks.Sorting.Sort_Kahn(NumItems: 2000, GraphType: Random)" --job Default --benchmarkId 23 in /home/ryang/nexus-app/benchmarks/NexusMods.Benchmarks/bin/Release/net9.0/NexusMods.Benchmarks-DefaultJob-2/bin/Release/net9.0
// Failed to set up high priority (Permission denied). In order to run benchmarks with high priority, make sure you have the right permissions.
// BeforeAnythingElse

// Benchmark Process Environment Information:
// BenchmarkDotNet v0.15.2
// Runtime=.NET 9.0.11 (9.0.1125.51716), X64 RyuJIT AVX-512F+CD+BW+DQ+VL+VBMI
// GC=Concurrent Workstation
// HardwareIntrinsics=AVX-512F+CD+BW+DQ+VL+VBMI,AES,BMI1,BMI2,FMA,LZCNT,PCLMUL,POPCNT,AvxVnni VectorSize=256
// Job: DefaultJob

OverheadJitting  1: 1 op, 154646.00 ns, 154.6460 us/op
WorkloadJitting  1: 1 op, 1823753.00 ns, 1.8238 ms/op

OverheadJitting  2: 16 op, 338198.00 ns, 21.1374 us/op
WorkloadJitting  2: 16 op, 7817597.00 ns, 488.5998 us/op

WorkloadPilot    1: 16 op, 3139795.00 ns, 196.2372 us/op
WorkloadPilot    2: 32 op, 5272561.00 ns, 164.7675 us/op
WorkloadPilot    3: 64 op, 10627669.00 ns, 166.0573 us/op
WorkloadPilot    4: 128 op, 21309592.00 ns, 166.4812 us/op
WorkloadPilot    5: 256 op, 40376298.00 ns, 157.7199 us/op
WorkloadPilot    6: 512 op, 80106829.00 ns, 156.4587 us/op
WorkloadPilot    7: 1024 op, 130957703.00 ns, 127.8884 us/op
WorkloadPilot    8: 2048 op, 261872293.00 ns, 127.8673 us/op
WorkloadPilot    9: 4096 op, 524626144.00 ns, 128.0826 us/op

OverheadWarmup   1: 4096 op, 9518.00 ns, 2.3237 ns/op
OverheadWarmup   2: 4096 op, 8597.00 ns, 2.0989 ns/op
OverheadWarmup   3: 4096 op, 8115.00 ns, 1.9812 ns/op
OverheadWarmup   4: 4096 op, 8126.00 ns, 1.9839 ns/op
OverheadWarmup   5: 4096 op, 8146.00 ns, 1.9888 ns/op
OverheadWarmup   6: 4096 op, 8126.00 ns, 1.9839 ns/op
OverheadWarmup   7: 4096 op, 8096.00 ns, 1.9766 ns/op
OverheadWarmup   8: 4096 op, 8105.00 ns, 1.9788 ns/op
OverheadWarmup   9: 4096 op, 8035.00 ns, 1.9617 ns/op

OverheadActual   1: 4096 op, 8407.00 ns, 2.0525 ns/op
OverheadActual   2: 4096 op, 8416.00 ns, 2.0547 ns/op
OverheadActual   3: 4096 op, 8516.00 ns, 2.0791 ns/op
OverheadActual   4: 4096 op, 8196.00 ns, 2.0010 ns/op
OverheadActual   5: 4096 op, 8336.00 ns, 2.0352 ns/op
OverheadActual   6: 4096 op, 8105.00 ns, 1.9788 ns/op
OverheadActual   7: 4096 op, 8005.00 ns, 1.9543 ns/op
OverheadActual   8: 4096 op, 8607.00 ns, 2.1013 ns/op
OverheadActual   9: 4096 op, 8125.00 ns, 1.9836 ns/op
OverheadActual  10: 4096 op, 8095.00 ns, 1.9763 ns/op
OverheadActual  11: 4096 op, 8136.00 ns, 1.9863 ns/op
OverheadActual  12: 4096 op, 8116.00 ns, 1.9814 ns/op
OverheadActual  13: 4096 op, 8096.00 ns, 1.9766 ns/op
OverheadActual  14: 4096 op, 8186.00 ns, 1.9985 ns/op
OverheadActual  15: 4096 op, 8105.00 ns, 1.9788 ns/op

OverheadWarmup   1: 4096 op, 8336.00 ns, 2.0352 ns/op
OverheadWarmup   2: 4096 op, 8126.00 ns, 1.9839 ns/op
OverheadWarmup   3: 4096 op, 8076.00 ns, 1.9717 ns/op
OverheadWarmup   4: 4096 op, 8096.00 ns, 1.9766 ns/op
OverheadWarmup   5: 4096 op, 8055.00 ns, 1.9666 ns/op
OverheadWarmup   6: 4096 op, 8035.00 ns, 1.9617 ns/op
OverheadWarmup   7: 4096 op, 8056.00 ns, 1.9668 ns/op
OverheadWarmup   8: 4096 op, 8076.00 ns, 1.9717 ns/op
OverheadWarmup   9: 4096 op, 8867.00 ns, 2.1648 ns/op
OverheadWarmup  10: 4096 op, 8126.00 ns, 1.9839 ns/op

// BeforeActualRun
WorkloadActual   1: 4096 op, 523578549.00 ns, 127.8268 us/op
WorkloadActual   2: 4096 op, 523617204.00 ns, 127.8362 us/op
WorkloadActual   3: 4096 op, 526233246.00 ns, 128.4749 us/op
WorkloadActual   4: 4096 op, 528301949.00 ns, 128.9800 us/op
WorkloadActual   5: 4096 op, 526024498.00 ns, 128.4239 us/op
WorkloadActual   6: 4096 op, 528636141.00 ns, 129.0616 us/op
WorkloadActual   7: 4096 op, 525925189.00 ns, 128.3997 us/op
WorkloadActual   8: 4096 op, 520716181.00 ns, 127.1280 us/op
WorkloadActual   9: 4096 op, 519892343.00 ns, 126.9268 us/op
WorkloadActual  10: 4096 op, 521138161.00 ns, 127.2310 us/op
WorkloadActual  11: 4096 op, 520517342.00 ns, 127.0794 us/op
WorkloadActual  12: 4096 op, 520586094.00 ns, 127.0962 us/op
WorkloadActual  13: 4096 op, 521627239.00 ns, 127.3504 us/op
WorkloadActual  14: 4096 op, 524380295.00 ns, 128.0225 us/op
WorkloadActual  15: 4096 op, 524439278.00 ns, 128.0369 us/op

// AfterActualRun
WorkloadResult   1: 4096 op, 523570413.00 ns, 127.8248 us/op
WorkloadResult   2: 4096 op, 523609068.00 ns, 127.8342 us/op
WorkloadResult   3: 4096 op, 526225110.00 ns, 128.4729 us/op
WorkloadResult   4: 4096 op, 528293813.00 ns, 128.9780 us/op
WorkloadResult   5: 4096 op, 526016362.00 ns, 128.4220 us/op
WorkloadResult   6: 4096 op, 528628005.00 ns, 129.0596 us/op
WorkloadResult   7: 4096 op, 525917053.00 ns, 128.3977 us/op
WorkloadResult   8: 4096 op, 520708045.00 ns, 127.1260 us/op
WorkloadResult   9: 4096 op, 519884207.00 ns, 126.9249 us/op
WorkloadResult  10: 4096 op, 521130025.00 ns, 127.2290 us/op
WorkloadResult  11: 4096 op, 520509206.00 ns, 127.0774 us/op
WorkloadResult  12: 4096 op, 520577958.00 ns, 127.0942 us/op
WorkloadResult  13: 4096 op, 521619103.00 ns, 127.3484 us/op
WorkloadResult  14: 4096 op, 524372159.00 ns, 128.0205 us/op
WorkloadResult  15: 4096 op, 524431142.00 ns, 128.0349 us/op
// GC:  22 7 0 1145995264 4096
// Threading:  0 0 4096

// AfterAll
// Benchmark Process 1128700 has exited with code 0.

Mean = 127.856 μs, StdErr = 0.183 μs (0.14%), N = 15, StdDev = 0.707 μs
Min = 126.925 μs, Q1 = 127.177 μs, Median = 127.834 μs, Q3 = 128.410 μs, Max = 129.060 μs
IQR = 1.232 μs, LowerFence = 125.329 μs, UpperFence = 130.258 μs
ConfidenceInterval = [127.100 μs; 128.612 μs] (CI 99.9%), Margin = 0.756 μs (0.59% of Mean)
Skewness = 0.24, Kurtosis = 1.59, MValue = 2

// ** Remained 26 (52.0%) benchmark(s) to run. Estimated finish 2026-01-01 4:15 (0h 6m from now) **
// **************************
// Benchmark: Sorting.Sort_Original: DefaultJob [NumItems=2000, GraphType=Chain]
// *** Execute ***
// Launch: 1 / 1
// Execute: dotnet NexusMods.Benchmarks-DefaultJob-2.dll --anonymousPipes 122 144 --benchmarkName "NexusMods.Benchmarks.Benchmarks.Sorting.Sort_Original(NumItems: 2000, GraphType: Chain)" --job Default --benchmarkId 24 in /home/ryang/nexus-app/benchmarks/NexusMods.Benchmarks/bin/Release/net9.0/NexusMods.Benchmarks-DefaultJob-2/bin/Release/net9.0
// Failed to set up high priority (Permission denied). In order to run benchmarks with high priority, make sure you have the right permissions.
// BeforeAnythingElse

// Benchmark Process Environment Information:
// BenchmarkDotNet v0.15.2
// Runtime=.NET 9.0.11 (9.0.1125.51716), X64 RyuJIT AVX-512F+CD+BW+DQ+VL+VBMI
// GC=Concurrent Workstation
// HardwareIntrinsics=AVX-512F+CD+BW+DQ+VL+VBMI,AES,BMI1,BMI2,FMA,LZCNT,PCLMUL,POPCNT,AvxVnni VectorSize=256
// Job: DefaultJob

OverheadJitting  1: 1 op, 160117.00 ns, 160.1170 us/op
WorkloadJitting  1: 1 op, 45573556.00 ns, 45.5736 ms/op

WorkloadPilot    1: 2 op, 66979332.00 ns, 33.4897 ms/op
WorkloadPilot    2: 3 op, 100702566.00 ns, 33.5675 ms/op
WorkloadPilot    3: 4 op, 125484822.00 ns, 31.3712 ms/op
WorkloadPilot    4: 5 op, 143831358.00 ns, 28.7663 ms/op
WorkloadPilot    5: 6 op, 167300278.00 ns, 27.8834 ms/op
WorkloadPilot    6: 7 op, 195337660.00 ns, 27.9054 ms/op
WorkloadPilot    7: 8 op, 221568991.00 ns, 27.6961 ms/op
WorkloadPilot    8: 9 op, 247461613.00 ns, 27.4957 ms/op
WorkloadPilot    9: 10 op, 268694861.00 ns, 26.8695 ms/op
WorkloadPilot   10: 11 op, 295916920.00 ns, 26.9015 ms/op
WorkloadPilot   11: 12 op, 330154439.00 ns, 27.5129 ms/op
WorkloadPilot   12: 13 op, 358574444.00 ns, 27.5826 ms/op
WorkloadPilot   13: 14 op, 389502855.00 ns, 27.8216 ms/op
WorkloadPilot   14: 15 op, 413948114.00 ns, 27.5965 ms/op
WorkloadPilot   15: 16 op, 441736239.00 ns, 27.6085 ms/op
WorkloadPilot   16: 32 op, 884694391.00 ns, 27.6467 ms/op

OverheadWarmup   1: 32 op, 921.00 ns, 28.7813 ns/op
OverheadWarmup   2: 32 op, 151.00 ns, 4.7188 ns/op
OverheadWarmup   3: 32 op, 100.00 ns, 3.1250 ns/op
OverheadWarmup   4: 32 op, 100.00 ns, 3.1250 ns/op
OverheadWarmup   5: 32 op, 110.00 ns, 3.4375 ns/op
OverheadWarmup   6: 32 op, 100.00 ns, 3.1250 ns/op
OverheadWarmup   7: 32 op, 100.00 ns, 3.1250 ns/op

// BeforeActualRun
WorkloadActual   1: 32 op, 883864644.00 ns, 27.6208 ms/op
WorkloadActual   2: 32 op, 886499483.00 ns, 27.7031 ms/op
WorkloadActual   3: 32 op, 885066510.00 ns, 27.6583 ms/op
WorkloadActual   4: 32 op, 884929790.00 ns, 27.6541 ms/op
WorkloadActual   5: 32 op, 885007391.00 ns, 27.6565 ms/op
WorkloadActual   6: 32 op, 882310606.00 ns, 27.5722 ms/op
WorkloadActual   7: 32 op, 882006747.00 ns, 27.5627 ms/op
WorkloadActual   8: 32 op, 885151923.00 ns, 27.6610 ms/op
WorkloadActual   9: 32 op, 882845057.00 ns, 27.5889 ms/op
WorkloadActual  10: 32 op, 885903397.00 ns, 27.6845 ms/op
WorkloadActual  11: 32 op, 883169612.00 ns, 27.5991 ms/op
WorkloadActual  12: 32 op, 886949225.00 ns, 27.7172 ms/op
WorkloadActual  13: 32 op, 882859112.00 ns, 27.5893 ms/op
WorkloadActual  14: 32 op, 881399948.00 ns, 27.5437 ms/op
WorkloadActual  15: 32 op, 880747169.00 ns, 27.5233 ms/op

// AfterActualRun
WorkloadResult   1: 32 op, 883864644.00 ns, 27.6208 ms/op
WorkloadResult   2: 32 op, 886499483.00 ns, 27.7031 ms/op
WorkloadResult   3: 32 op, 885066510.00 ns, 27.6583 ms/op
WorkloadResult   4: 32 op, 884929790.00 ns, 27.6541 ms/op
WorkloadResult   5: 32 op, 885007391.00 ns, 27.6565 ms/op
WorkloadResult   6: 32 op, 882310606.00 ns, 27.5722 ms/op
WorkloadResult   7: 32 op, 882006747.00 ns, 27.5627 ms/op
WorkloadResult   8: 32 op, 885151923.00 ns, 27.6610 ms/op
WorkloadResult   9: 32 op, 882845057.00 ns, 27.5889 ms/op
WorkloadResult  10: 32 op, 885903397.00 ns, 27.6845 ms/op
WorkloadResult  11: 32 op, 883169612.00 ns, 27.5991 ms/op
WorkloadResult  12: 32 op, 886949225.00 ns, 27.7172 ms/op
WorkloadResult  13: 32 op, 882859112.00 ns, 27.5893 ms/op
WorkloadResult  14: 32 op, 881399948.00 ns, 27.5437 ms/op
WorkloadResult  15: 32 op, 880747169.00 ns, 27.5233 ms/op
// GC:  0 0 0 26831456 32
// Threading:  590 0 32

// AfterAll
// Benchmark Process 1128748 has exited with code 0.

Mean = 27.622 ms, StdErr = 0.015 ms (0.06%), N = 15, StdDev = 0.059 ms
Min = 27.523 ms, Q1 = 27.581 ms, Median = 27.621 ms, Q3 = 27.660 ms, Max = 27.717 ms
IQR = 0.079 ms, LowerFence = 27.462 ms, UpperFence = 27.778 ms
ConfidenceInterval = [27.559 ms; 27.686 ms] (CI 99.9%), Margin = 0.063 ms (0.23% of Mean)
Skewness = -0.03, Kurtosis = 1.63, MValue = 2

// ** Remained 25 (50.0%) benchmark(s) to run. Estimated finish 2026-01-01 4:15 (0h 6m from now) **
// **************************
// Benchmark: Sorting.Sort_Kahn: DefaultJob [NumItems=2000, GraphType=Chain]
// *** Execute ***
// Launch: 1 / 1
// Execute: dotnet NexusMods.Benchmarks-DefaultJob-2.dll --anonymousPipes 122 144 --benchmarkName "NexusMods.Benchmarks.Benchmarks.Sorting.Sort_Kahn(NumItems: 2000, GraphType: Chain)" --job Default --benchmarkId 25 in /home/ryang/nexus-app/benchmarks/NexusMods.Benchmarks/bin/Release/net9.0/NexusMods.Benchmarks-DefaultJob-2/bin/Release/net9.0
// Failed to set up high priority (Permission denied). In order to run benchmarks with high priority, make sure you have the right permissions.
// BeforeAnythingElse

// Benchmark Process Environment Information:
// BenchmarkDotNet v0.15.2
// Runtime=.NET 9.0.11 (9.0.1125.51716), X64 RyuJIT AVX-512F+CD+BW+DQ+VL+VBMI
// GC=Concurrent Workstation
// HardwareIntrinsics=AVX-512F+CD+BW+DQ+VL+VBMI,AES,BMI1,BMI2,FMA,LZCNT,PCLMUL,POPCNT,AvxVnni VectorSize=256
// Job: DefaultJob

OverheadJitting  1: 1 op, 156399.00 ns, 156.3990 us/op
WorkloadJitting  1: 1 op, 1831448.00 ns, 1.8314 ms/op

OverheadJitting  2: 16 op, 341754.00 ns, 21.3596 us/op
WorkloadJitting  2: 16 op, 9284377.00 ns, 580.2736 us/op

WorkloadPilot    1: 16 op, 3267149.00 ns, 204.1968 us/op
WorkloadPilot    2: 32 op, 5454760.00 ns, 170.4613 us/op
WorkloadPilot    3: 64 op, 10922675.00 ns, 170.6668 us/op
WorkloadPilot    4: 128 op, 22108194.00 ns, 172.7203 us/op
WorkloadPilot    5: 256 op, 41057486.00 ns, 160.3808 us/op
WorkloadPilot    6: 512 op, 86319547.00 ns, 168.5929 us/op
WorkloadPilot    7: 1024 op, 139023224.00 ns, 135.7649 us/op
WorkloadPilot    8: 2048 op, 276113675.00 ns, 134.8211 us/op
WorkloadPilot    9: 4096 op, 554839617.00 ns, 135.4589 us/op

OverheadWarmup   1: 4096 op, 9548.00 ns, 2.3311 ns/op
OverheadWarmup   2: 4096 op, 8266.00 ns, 2.0181 ns/op
OverheadWarmup   3: 4096 op, 8225.00 ns, 2.0081 ns/op
OverheadWarmup   4: 4096 op, 8185.00 ns, 1.9983 ns/op
OverheadWarmup   5: 4096 op, 8206.00 ns, 2.0034 ns/op
OverheadWarmup   6: 4096 op, 8125.00 ns, 1.9836 ns/op
OverheadWarmup   7: 4096 op, 8156.00 ns, 1.9912 ns/op
OverheadWarmup   8: 4096 op, 8146.00 ns, 1.9888 ns/op

OverheadActual   1: 4096 op, 8376.00 ns, 2.0449 ns/op
OverheadActual   2: 4096 op, 9688.00 ns, 2.3652 ns/op
OverheadActual   3: 4096 op, 8757.00 ns, 2.1379 ns/op
OverheadActual   4: 4096 op, 8456.00 ns, 2.0645 ns/op
OverheadActual   5: 4096 op, 8346.00 ns, 2.0376 ns/op
OverheadActual   6: 4096 op, 8055.00 ns, 1.9666 ns/op
OverheadActual   7: 4096 op, 8036.00 ns, 1.9619 ns/op
OverheadActual   8: 4096 op, 8025.00 ns, 1.9592 ns/op
OverheadActual   9: 4096 op, 8517.00 ns, 2.0793 ns/op
OverheadActual  10: 4096 op, 8086.00 ns, 1.9741 ns/op
OverheadActual  11: 4096 op, 8066.00 ns, 1.9692 ns/op
OverheadActual  12: 4096 op, 8065.00 ns, 1.9690 ns/op
OverheadActual  13: 4096 op, 8086.00 ns, 1.9741 ns/op
OverheadActual  14: 4096 op, 8105.00 ns, 1.9788 ns/op
OverheadActual  15: 4096 op, 8076.00 ns, 1.9717 ns/op

OverheadWarmup   1: 4096 op, 8276.00 ns, 2.0205 ns/op
OverheadWarmup   2: 4096 op, 8046.00 ns, 1.9644 ns/op
OverheadWarmup   3: 4096 op, 7975.00 ns, 1.9470 ns/op
OverheadWarmup   4: 4096 op, 8035.00 ns, 1.9617 ns/op
OverheadWarmup   5: 4096 op, 7966.00 ns, 1.9448 ns/op
OverheadWarmup   6: 4096 op, 8025.00 ns, 1.9592 ns/op
OverheadWarmup   7: 4096 op, 8035.00 ns, 1.9617 ns/op
OverheadWarmup   8: 4096 op, 8025.00 ns, 1.9592 ns/op

// BeforeActualRun
WorkloadActual   1: 4096 op, 560520901.00 ns, 136.8459 us/op
WorkloadActual   2: 4096 op, 557779319.00 ns, 136.1766 us/op
WorkloadActual   3: 4096 op, 554102216.00 ns, 135.2789 us/op
WorkloadActual   4: 4096 op, 554342818.00 ns, 135.3376 us/op
WorkloadActual   5: 4096 op, 554601304.00 ns, 135.4007 us/op
WorkloadActual   6: 4096 op, 555091814.00 ns, 135.5205 us/op
WorkloadActual   7: 4096 op, 555553479.00 ns, 135.6332 us/op
WorkloadActual   8: 4096 op, 556093846.00 ns, 135.7651 us/op
WorkloadActual   9: 4096 op, 554463442.00 ns, 135.3671 us/op
WorkloadActual  10: 4096 op, 556571822.00 ns, 135.8818 us/op
WorkloadActual  11: 4096 op, 558351302.00 ns, 136.3162 us/op
WorkloadActual  12: 4096 op, 557133691.00 ns, 136.0190 us/op
WorkloadActual  13: 4096 op, 558614558.00 ns, 136.3805 us/op
WorkloadActual  14: 4096 op, 555414920.00 ns, 135.5993 us/op
WorkloadActual  15: 4096 op, 551963438.00 ns, 134.7567 us/op

// AfterActualRun
WorkloadResult   1: 4096 op, 560512815.00 ns, 136.8439 us/op
WorkloadResult   2: 4096 op, 557771233.00 ns, 136.1746 us/op
WorkloadResult   3: 4096 op, 554094130.00 ns, 135.2769 us/op
WorkloadResult   4: 4096 op, 554334732.00 ns, 135.3356 us/op
WorkloadResult   5: 4096 op, 554593218.00 ns, 135.3987 us/op
WorkloadResult   6: 4096 op, 555083728.00 ns, 135.5185 us/op
WorkloadResult   7: 4096 op, 555545393.00 ns, 135.6312 us/op
WorkloadResult   8: 4096 op, 556085760.00 ns, 135.7631 us/op
WorkloadResult   9: 4096 op, 554455356.00 ns, 135.3651 us/op
WorkloadResult  10: 4096 op, 556563736.00 ns, 135.8798 us/op
WorkloadResult  11: 4096 op, 558343216.00 ns, 136.3143 us/op
WorkloadResult  12: 4096 op, 557125605.00 ns, 136.0170 us/op
WorkloadResult  13: 4096 op, 558606472.00 ns, 136.3785 us/op
WorkloadResult  14: 4096 op, 555406834.00 ns, 135.5974 us/op
WorkloadResult  15: 4096 op, 551955352.00 ns, 134.7547 us/op
// GC:  23 7 0 1170571264 4096
// Threading:  0 0 4096

// AfterAll
// Benchmark Process 1128851 has exited with code 0.

Mean = 135.750 μs, StdErr = 0.137 μs (0.10%), N = 15, StdDev = 0.530 μs
Min = 134.755 μs, Q1 = 135.382 μs, Median = 135.631 μs, Q3 = 136.096 μs, Max = 136.844 μs
IQR = 0.714 μs, LowerFence = 134.311 μs, UpperFence = 137.167 μs
ConfidenceInterval = [135.184 μs; 136.316 μs] (CI 99.9%), Margin = 0.566 μs (0.42% of Mean)
Skewness = 0.25, Kurtosis = 2.4, MValue = 2

// ** Remained 24 (48.0%) benchmark(s) to run. Estimated finish 2026-01-01 4:15 (0h 6m from now) **
// **************************
// Benchmark: Sorting.Sort_Original: DefaultJob [NumItems=2000, GraphType=Star]
// *** Execute ***
// Launch: 1 / 1
// Execute: dotnet NexusMods.Benchmarks-DefaultJob-2.dll --anonymousPipes 122 144 --benchmarkName "NexusMods.Benchmarks.Benchmarks.Sorting.Sort_Original(NumItems: 2000, GraphType: Star)" --job Default --benchmarkId 26 in /home/ryang/nexus-app/benchmarks/NexusMods.Benchmarks/bin/Release/net9.0/NexusMods.Benchmarks-DefaultJob-2/bin/Release/net9.0
// Failed to set up high priority (Permission denied). In order to run benchmarks with high priority, make sure you have the right permissions.
// BeforeAnythingElse

// Benchmark Process Environment Information:
// BenchmarkDotNet v0.15.2
// Runtime=.NET 9.0.11 (9.0.1125.51716), X64 RyuJIT AVX-512F+CD+BW+DQ+VL+VBMI
// GC=Concurrent Workstation
// HardwareIntrinsics=AVX-512F+CD+BW+DQ+VL+VBMI,AES,BMI1,BMI2,FMA,LZCNT,PCLMUL,POPCNT,AvxVnni VectorSize=256
// Job: DefaultJob

OverheadJitting  1: 1 op, 150398.00 ns, 150.3980 us/op
WorkloadJitting  1: 1 op, 21858867.00 ns, 21.8589 ms/op

OverheadJitting  2: 16 op, 341414.00 ns, 21.3384 us/op
WorkloadJitting  2: 16 op, 202716951.00 ns, 12.6698 ms/op

WorkloadPilot    1: 16 op, 214239976.00 ns, 13.3900 ms/op
WorkloadPilot    2: 32 op, 404765281.00 ns, 12.6489 ms/op
WorkloadPilot    3: 64 op, 586812013.00 ns, 9.1689 ms/op

OverheadWarmup   1: 64 op, 1513.00 ns, 23.6406 ns/op
OverheadWarmup   2: 64 op, 221.00 ns, 3.4531 ns/op
OverheadWarmup   3: 64 op, 201.00 ns, 3.1406 ns/op
OverheadWarmup   4: 64 op, 171.00 ns, 2.6719 ns/op
OverheadWarmup   5: 64 op, 181.00 ns, 2.8281 ns/op
OverheadWarmup   6: 64 op, 171.00 ns, 2.6719 ns/op
OverheadWarmup   7: 64 op, 331.00 ns, 5.1719 ns/op
OverheadWarmup   8: 64 op, 181.00 ns, 2.8281 ns/op

OverheadActual   1: 64 op, 641.00 ns, 10.0156 ns/op
OverheadActual   2: 64 op, 581.00 ns, 9.0781 ns/op
OverheadActual   3: 64 op, 561.00 ns, 8.7656 ns/op
OverheadActual   4: 64 op, 280.00 ns, 4.3750 ns/op
OverheadActual   5: 64 op, 491.00 ns, 7.6719 ns/op
OverheadActual   6: 64 op, 230.00 ns, 3.5938 ns/op
OverheadActual   7: 64 op, 191.00 ns, 2.9844 ns/op
OverheadActual   8: 64 op, 180.00 ns, 2.8125 ns/op
OverheadActual   9: 64 op, 190.00 ns, 2.9688 ns/op
OverheadActual  10: 64 op, 180.00 ns, 2.8125 ns/op
OverheadActual  11: 64 op, 170.00 ns, 2.6563 ns/op
OverheadActual  12: 64 op, 181.00 ns, 2.8281 ns/op
OverheadActual  13: 64 op, 170.00 ns, 2.6563 ns/op
OverheadActual  14: 64 op, 181.00 ns, 2.8281 ns/op
OverheadActual  15: 64 op, 181.00 ns, 2.8281 ns/op
OverheadActual  16: 64 op, 171.00 ns, 2.6719 ns/op
OverheadActual  17: 64 op, 171.00 ns, 2.6719 ns/op
OverheadActual  18: 64 op, 441.00 ns, 6.8906 ns/op
OverheadActual  19: 64 op, 190.00 ns, 2.9688 ns/op
OverheadActual  20: 64 op, 180.00 ns, 2.8125 ns/op

OverheadWarmup   1: 64 op, 541.00 ns, 8.4531 ns/op
OverheadWarmup   2: 64 op, 260.00 ns, 4.0625 ns/op
OverheadWarmup   3: 64 op, 180.00 ns, 2.8125 ns/op
OverheadWarmup   4: 64 op, 190.00 ns, 2.9688 ns/op
OverheadWarmup   5: 64 op, 170.00 ns, 2.6563 ns/op
OverheadWarmup   6: 64 op, 180.00 ns, 2.8125 ns/op
OverheadWarmup   7: 64 op, 181.00 ns, 2.8281 ns/op
OverheadWarmup   8: 64 op, 171.00 ns, 2.6719 ns/op

// BeforeActualRun
WorkloadActual   1: 64 op, 529427748.00 ns, 8.2723 ms/op
WorkloadActual   2: 64 op, 528314285.00 ns, 8.2549 ms/op
WorkloadActual   3: 64 op, 525992909.00 ns, 8.2186 ms/op
WorkloadActual   4: 64 op, 530782747.00 ns, 8.2935 ms/op
WorkloadActual   5: 64 op, 527836342.00 ns, 8.2474 ms/op
WorkloadActual   6: 64 op, 526401304.00 ns, 8.2250 ms/op
WorkloadActual   7: 64 op, 525834278.00 ns, 8.2162 ms/op
WorkloadActual   8: 64 op, 524499472.00 ns, 8.1953 ms/op
WorkloadActual   9: 64 op, 532924623.00 ns, 8.3269 ms/op
WorkloadActual  10: 64 op, 528450533.00 ns, 8.2570 ms/op
WorkloadActual  11: 64 op, 530954761.00 ns, 8.2962 ms/op
WorkloadActual  12: 64 op, 532038828.00 ns, 8.3131 ms/op
WorkloadActual  13: 64 op, 530423604.00 ns, 8.2879 ms/op
WorkloadActual  14: 64 op, 533244209.00 ns, 8.3319 ms/op
WorkloadActual  15: 64 op, 534523701.00 ns, 8.3519 ms/op

// AfterActualRun
WorkloadResult   1: 64 op, 529427562.50 ns, 8.2723 ms/op
WorkloadResult   2: 64 op, 528314099.50 ns, 8.2549 ms/op
WorkloadResult   3: 64 op, 525992723.50 ns, 8.2186 ms/op
WorkloadResult   4: 64 op, 530782561.50 ns, 8.2935 ms/op
WorkloadResult   5: 64 op, 527836156.50 ns, 8.2474 ms/op
WorkloadResult   6: 64 op, 526401118.50 ns, 8.2250 ms/op
WorkloadResult   7: 64 op, 525834092.50 ns, 8.2162 ms/op
WorkloadResult   8: 64 op, 524499286.50 ns, 8.1953 ms/op
WorkloadResult   9: 64 op, 532924437.50 ns, 8.3269 ms/op
WorkloadResult  10: 64 op, 528450347.50 ns, 8.2570 ms/op
WorkloadResult  11: 64 op, 530954575.50 ns, 8.2962 ms/op
WorkloadResult  12: 64 op, 532038642.50 ns, 8.3131 ms/op
WorkloadResult  13: 64 op, 530423418.50 ns, 8.2879 ms/op
WorkloadResult  14: 64 op, 533244023.50 ns, 8.3319 ms/op
WorkloadResult  15: 64 op, 534523515.50 ns, 8.3519 ms/op
// GC:  0 0 0 28829240 64
// Threading:  1118 0 64

// AfterAll
// Benchmark Process 1128908 has exited with code 0.

Mean = 8.273 ms, StdErr = 0.012 ms (0.15%), N = 15, StdDev = 0.047 ms
Min = 8.195 ms, Q1 = 8.236 ms, Median = 8.272 ms, Q3 = 8.305 ms, Max = 8.352 ms
IQR = 0.068 ms, LowerFence = 8.134 ms, UpperFence = 8.407 ms
ConfidenceInterval = [8.222 ms; 8.323 ms] (CI 99.9%), Margin = 0.050 ms (0.61% of Mean)
Skewness = 0.02, Kurtosis = 1.67, MValue = 2

// ** Remained 23 (46.0%) benchmark(s) to run. Estimated finish 2026-01-01 4:15 (0h 5m from now) **
// **************************
// Benchmark: Sorting.Sort_Kahn: DefaultJob [NumItems=2000, GraphType=Star]
// *** Execute ***
// Launch: 1 / 1
// Execute: dotnet NexusMods.Benchmarks-DefaultJob-2.dll --anonymousPipes 122 144 --benchmarkName "NexusMods.Benchmarks.Benchmarks.Sorting.Sort_Kahn(NumItems: 2000, GraphType: Star)" --job Default --benchmarkId 27 in /home/ryang/nexus-app/benchmarks/NexusMods.Benchmarks/bin/Release/net9.0/NexusMods.Benchmarks-DefaultJob-2/bin/Release/net9.0
// Failed to set up high priority (Permission denied). In order to run benchmarks with high priority, make sure you have the right permissions.
// BeforeAnythingElse

// Benchmark Process Environment Information:
// BenchmarkDotNet v0.15.2
// Runtime=.NET 9.0.11 (9.0.1125.51716), X64 RyuJIT AVX-512F+CD+BW+DQ+VL+VBMI
// GC=Concurrent Workstation
// HardwareIntrinsics=AVX-512F+CD+BW+DQ+VL+VBMI,AES,BMI1,BMI2,FMA,LZCNT,PCLMUL,POPCNT,AvxVnni VectorSize=256
// Job: DefaultJob

OverheadJitting  1: 1 op, 152242.00 ns, 152.2420 us/op
WorkloadJitting  1: 1 op, 1840416.00 ns, 1.8404 ms/op

OverheadJitting  2: 16 op, 337677.00 ns, 21.1048 us/op
WorkloadJitting  2: 16 op, 8593875.00 ns, 537.1172 us/op

WorkloadPilot    1: 16 op, 2289176.00 ns, 143.0735 us/op
WorkloadPilot    2: 32 op, 3726850.00 ns, 116.4641 us/op
WorkloadPilot    3: 64 op, 7546538.00 ns, 117.9147 us/op
WorkloadPilot    4: 128 op, 15206773.00 ns, 118.8029 us/op
WorkloadPilot    5: 256 op, 28472348.00 ns, 111.2201 us/op
WorkloadPilot    6: 512 op, 52912209.00 ns, 103.3442 us/op
WorkloadPilot    7: 1024 op, 105293331.00 ns, 102.8255 us/op
WorkloadPilot    8: 2048 op, 190951395.00 ns, 93.2380 us/op
WorkloadPilot    9: 4096 op, 364465154.00 ns, 88.9808 us/op
WorkloadPilot   10: 8192 op, 735895713.00 ns, 89.8310 us/op

OverheadWarmup   1: 8192 op, 17764.00 ns, 2.1685 ns/op
OverheadWarmup   2: 8192 op, 16292.00 ns, 1.9888 ns/op
OverheadWarmup   3: 8192 op, 16291.00 ns, 1.9886 ns/op
OverheadWarmup   4: 8192 op, 16221.00 ns, 1.9801 ns/op
OverheadWarmup   5: 8192 op, 16371.00 ns, 1.9984 ns/op
OverheadWarmup   6: 8192 op, 16281.00 ns, 1.9874 ns/op
OverheadWarmup   7: 8192 op, 16282.00 ns, 1.9875 ns/op
OverheadWarmup   8: 8192 op, 16301.00 ns, 1.9899 ns/op
OverheadWarmup   9: 8192 op, 16642.00 ns, 2.0315 ns/op
OverheadWarmup  10: 8192 op, 16311.00 ns, 1.9911 ns/op

OverheadActual   1: 8192 op, 16542.00 ns, 2.0193 ns/op
OverheadActual   2: 8192 op, 16993.00 ns, 2.0743 ns/op
OverheadActual   3: 8192 op, 16331.00 ns, 1.9935 ns/op
OverheadActual   4: 8192 op, 16231.00 ns, 1.9813 ns/op
OverheadActual   5: 8192 op, 16251.00 ns, 1.9838 ns/op
OverheadActual   6: 8192 op, 16031.00 ns, 1.9569 ns/op
OverheadActual   7: 8192 op, 16542.00 ns, 2.0193 ns/op
OverheadActual   8: 8192 op, 16101.00 ns, 1.9655 ns/op
OverheadActual   9: 8192 op, 16101.00 ns, 1.9655 ns/op
OverheadActual  10: 8192 op, 16021.00 ns, 1.9557 ns/op
OverheadActual  11: 8192 op, 16081.00 ns, 1.9630 ns/op
OverheadActual  12: 8192 op, 16061.00 ns, 1.9606 ns/op
OverheadActual  13: 8192 op, 16081.00 ns, 1.9630 ns/op
OverheadActual  14: 8192 op, 16061.00 ns, 1.9606 ns/op
OverheadActual  15: 8192 op, 17003.00 ns, 2.0756 ns/op

OverheadWarmup   1: 8192 op, 16151.00 ns, 1.9716 ns/op
OverheadWarmup   2: 8192 op, 16131.00 ns, 1.9691 ns/op
OverheadWarmup   3: 8192 op, 16181.00 ns, 1.9752 ns/op
OverheadWarmup   4: 8192 op, 16111.00 ns, 1.9667 ns/op
OverheadWarmup   5: 8192 op, 16130.00 ns, 1.9690 ns/op
OverheadWarmup   6: 8192 op, 16020.00 ns, 1.9556 ns/op

// BeforeActualRun
WorkloadActual   1: 8192 op, 738865644.00 ns, 90.1936 us/op
WorkloadActual   2: 8192 op, 738674910.00 ns, 90.1703 us/op
WorkloadActual   3: 8192 op, 743532418.00 ns, 90.7632 us/op
WorkloadActual   4: 8192 op, 740921787.00 ns, 90.4446 us/op
WorkloadActual   5: 8192 op, 739817913.00 ns, 90.3098 us/op
WorkloadActual   6: 8192 op, 737542315.00 ns, 90.0320 us/op
WorkloadActual   7: 8192 op, 742453436.00 ns, 90.6315 us/op
WorkloadActual   8: 8192 op, 731962679.00 ns, 89.3509 us/op
WorkloadActual   9: 8192 op, 732211236.00 ns, 89.3813 us/op
WorkloadActual  10: 8192 op, 732082231.00 ns, 89.3655 us/op
WorkloadActual  11: 8192 op, 733787509.00 ns, 89.5737 us/op
WorkloadActual  12: 8192 op, 732126728.00 ns, 89.3709 us/op
WorkloadActual  13: 8192 op, 731091907.00 ns, 89.2446 us/op
WorkloadActual  14: 8192 op, 740304188.00 ns, 90.3692 us/op
WorkloadActual  15: 8192 op, 741302762.00 ns, 90.4911 us/op

// AfterActualRun
WorkloadResult   1: 8192 op, 738849543.00 ns, 90.1916 us/op
WorkloadResult   2: 8192 op, 738658809.00 ns, 90.1683 us/op
WorkloadResult   3: 8192 op, 743516317.00 ns, 90.7613 us/op
WorkloadResult   4: 8192 op, 740905686.00 ns, 90.4426 us/op
WorkloadResult   5: 8192 op, 739801812.00 ns, 90.3078 us/op
WorkloadResult   6: 8192 op, 737526214.00 ns, 90.0301 us/op
WorkloadResult   7: 8192 op, 742437335.00 ns, 90.6296 us/op
WorkloadResult   8: 8192 op, 731946578.00 ns, 89.3489 us/op
WorkloadResult   9: 8192 op, 732195135.00 ns, 89.3793 us/op
WorkloadResult  10: 8192 op, 732066130.00 ns, 89.3635 us/op
WorkloadResult  11: 8192 op, 733771408.00 ns, 89.5717 us/op
WorkloadResult  12: 8192 op, 732110627.00 ns, 89.3690 us/op
WorkloadResult  13: 8192 op, 731075806.00 ns, 89.2427 us/op
WorkloadResult  14: 8192 op, 740288087.00 ns, 90.3672 us/op
WorkloadResult  15: 8192 op, 741286661.00 ns, 90.4891 us/op
// GC:  39 7 0 1957888000 8192
// Threading:  0 0 8192

// AfterAll
// Benchmark Process 1128979 has exited with code 0.

Mean = 89.978 μs, StdErr = 0.139 μs (0.15%), N = 15, StdDev = 0.539 μs
Min = 89.243 μs, Q1 = 89.374 μs, Median = 90.168 μs, Q3 = 90.405 μs, Max = 90.761 μs
IQR = 1.031 μs, LowerFence = 87.828 μs, UpperFence = 91.951 μs
ConfidenceInterval = [89.401 μs; 90.554 μs] (CI 99.9%), Margin = 0.576 μs (0.64% of Mean)
Skewness = -0.12, Kurtosis = 1.26, MValue = 2

// ** Remained 22 (44.0%) benchmark(s) to run. Estimated finish 2026-01-01 4:15 (0h 5m from now) **
// **************************
// Benchmark: Sorting.Sort_Original: DefaultJob [NumItems=2000, GraphType=Independent]
// *** Execute ***
// Launch: 1 / 1
// Execute: dotnet NexusMods.Benchmarks-DefaultJob-2.dll --anonymousPipes 122 144 --benchmarkName "NexusMods.Benchmarks.Benchmarks.Sorting.Sort_Original(NumItems: 2000, GraphType: Independent)" --job Default --benchmarkId 28 in /home/ryang/nexus-app/benchmarks/NexusMods.Benchmarks/bin/Release/net9.0/NexusMods.Benchmarks-DefaultJob-2/bin/Release/net9.0
// Failed to set up high priority (Permission denied). In order to run benchmarks with high priority, make sure you have the right permissions.
// BeforeAnythingElse

// Benchmark Process Environment Information:
// BenchmarkDotNet v0.15.2
// Runtime=.NET 9.0.11 (9.0.1125.51716), X64 RyuJIT AVX-512F+CD+BW+DQ+VL+VBMI
// GC=Concurrent Workstation
// HardwareIntrinsics=AVX-512F+CD+BW+DQ+VL+VBMI,AES,BMI1,BMI2,FMA,LZCNT,PCLMUL,POPCNT,AvxVnni VectorSize=256
// Job: DefaultJob

OverheadJitting  1: 1 op, 160388.00 ns, 160.3880 us/op
WorkloadJitting  1: 1 op, 19975239.00 ns, 19.9752 ms/op

OverheadJitting  2: 16 op, 386320.00 ns, 24.1450 us/op
WorkloadJitting  2: 16 op, 156491843.00 ns, 9.7807 ms/op

WorkloadPilot    1: 16 op, 82347324.00 ns, 5.1467 ms/op
WorkloadPilot    2: 32 op, 159736819.00 ns, 4.9918 ms/op
WorkloadPilot    3: 64 op, 325157248.00 ns, 5.0806 ms/op
WorkloadPilot    4: 128 op, 623231321.00 ns, 4.8690 ms/op

OverheadWarmup   1: 128 op, 1763.00 ns, 13.7734 ns/op
OverheadWarmup   2: 128 op, 421.00 ns, 3.2891 ns/op
OverheadWarmup   3: 128 op, 320.00 ns, 2.5000 ns/op
OverheadWarmup   4: 128 op, 311.00 ns, 2.4297 ns/op
OverheadWarmup   5: 128 op, 331.00 ns, 2.5859 ns/op
OverheadWarmup   6: 128 op, 321.00 ns, 2.5078 ns/op
OverheadWarmup   7: 128 op, 300.00 ns, 2.3438 ns/op
OverheadWarmup   8: 128 op, 301.00 ns, 2.3516 ns/op
OverheadWarmup   9: 128 op, 301.00 ns, 2.3516 ns/op

OverheadActual   1: 128 op, 701.00 ns, 5.4766 ns/op
OverheadActual   2: 128 op, 702.00 ns, 5.4844 ns/op
OverheadActual   3: 128 op, 711.00 ns, 5.5547 ns/op
OverheadActual   4: 128 op, 461.00 ns, 3.6016 ns/op
OverheadActual   5: 128 op, 581.00 ns, 4.5391 ns/op
OverheadActual   6: 128 op, 321.00 ns, 2.5078 ns/op
OverheadActual   7: 128 op, 331.00 ns, 2.5859 ns/op
OverheadActual   8: 128 op, 321.00 ns, 2.5078 ns/op
OverheadActual   9: 128 op, 300.00 ns, 2.3438 ns/op
OverheadActual  10: 128 op, 320.00 ns, 2.5000 ns/op
OverheadActual  11: 128 op, 301.00 ns, 2.3516 ns/op
OverheadActual  12: 128 op, 321.00 ns, 2.5078 ns/op
OverheadActual  13: 128 op, 301.00 ns, 2.3516 ns/op
OverheadActual  14: 128 op, 301.00 ns, 2.3516 ns/op
OverheadActual  15: 128 op, 310.00 ns, 2.4219 ns/op
OverheadActual  16: 128 op, 311.00 ns, 2.4297 ns/op
OverheadActual  17: 128 op, 320.00 ns, 2.5000 ns/op
OverheadActual  18: 128 op, 621.00 ns, 4.8516 ns/op
OverheadActual  19: 128 op, 361.00 ns, 2.8203 ns/op
OverheadActual  20: 128 op, 361.00 ns, 2.8203 ns/op

OverheadWarmup   1: 128 op, 651.00 ns, 5.0859 ns/op
OverheadWarmup   2: 128 op, 380.00 ns, 2.9688 ns/op
OverheadWarmup   3: 128 op, 321.00 ns, 2.5078 ns/op
OverheadWarmup   4: 128 op, 310.00 ns, 2.4219 ns/op
OverheadWarmup   5: 128 op, 301.00 ns, 2.3516 ns/op
OverheadWarmup   6: 128 op, 300.00 ns, 2.3438 ns/op
OverheadWarmup   7: 128 op, 300.00 ns, 2.3438 ns/op
OverheadWarmup   8: 128 op, 321.00 ns, 2.5078 ns/op
OverheadWarmup   9: 128 op, 311.00 ns, 2.4297 ns/op
OverheadWarmup  10: 128 op, 321.00 ns, 2.5078 ns/op

// BeforeActualRun
WorkloadActual   1: 128 op, 629810065.00 ns, 4.9204 ms/op
WorkloadActual   2: 128 op, 622511233.00 ns, 4.8634 ms/op
WorkloadActual   3: 128 op, 623791095.00 ns, 4.8734 ms/op
WorkloadActual   4: 128 op, 625230915.00 ns, 4.8846 ms/op
WorkloadActual   5: 128 op, 642955433.00 ns, 5.0231 ms/op
WorkloadActual   6: 128 op, 617882288.00 ns, 4.8272 ms/op
WorkloadActual   7: 128 op, 630208835.00 ns, 4.9235 ms/op
WorkloadActual   8: 128 op, 628604142.00 ns, 4.9110 ms/op
WorkloadActual   9: 128 op, 628216460.00 ns, 4.9079 ms/op
WorkloadActual  10: 128 op, 628586409.00 ns, 4.9108 ms/op
WorkloadActual  11: 128 op, 629906610.00 ns, 4.9211 ms/op
WorkloadActual  12: 128 op, 630630678.00 ns, 4.9268 ms/op
WorkloadActual  13: 128 op, 624868188.00 ns, 4.8818 ms/op
WorkloadActual  14: 128 op, 628822295.00 ns, 4.9127 ms/op
WorkloadActual  15: 128 op, 630803161.00 ns, 4.9281 ms/op

// AfterActualRun
WorkloadResult   1: 128 op, 629809744.00 ns, 4.9204 ms/op
WorkloadResult   2: 128 op, 622510912.00 ns, 4.8634 ms/op
WorkloadResult   3: 128 op, 623790774.00 ns, 4.8734 ms/op
WorkloadResult   4: 128 op, 625230594.00 ns, 4.8846 ms/op
WorkloadResult   5: 128 op, 617881967.00 ns, 4.8272 ms/op
WorkloadResult   6: 128 op, 630208514.00 ns, 4.9235 ms/op
WorkloadResult   7: 128 op, 628603821.00 ns, 4.9110 ms/op
WorkloadResult   8: 128 op, 628216139.00 ns, 4.9079 ms/op
WorkloadResult   9: 128 op, 628586088.00 ns, 4.9108 ms/op
WorkloadResult  10: 128 op, 629906289.00 ns, 4.9211 ms/op
WorkloadResult  11: 128 op, 630630357.00 ns, 4.9268 ms/op
WorkloadResult  12: 128 op, 624867867.00 ns, 4.8818 ms/op
WorkloadResult  13: 128 op, 628821974.00 ns, 4.9127 ms/op
WorkloadResult  14: 128 op, 630802840.00 ns, 4.9281 ms/op
// GC:  0 0 0 49400952 128
// Threading:  2012 1 128

// AfterAll
// Benchmark Process 1129029 has exited with code 0.

Mean = 4.899 ms, StdErr = 0.008 ms (0.16%), N = 14, StdDev = 0.029 ms
Min = 4.827 ms, Q1 = 4.882 ms, Median = 4.911 ms, Q3 = 4.921 ms, Max = 4.928 ms
IQR = 0.038 ms, LowerFence = 4.825 ms, UpperFence = 4.979 ms
ConfidenceInterval = [4.866 ms; 4.933 ms] (CI 99.9%), Margin = 0.033 ms (0.68% of Mean)
Skewness = -1.03, Kurtosis = 2.99, MValue = 2

// ** Remained 21 (42.0%) benchmark(s) to run. Estimated finish 2026-01-01 4:15 (0h 5m from now) **
// **************************
// Benchmark: Sorting.Sort_Kahn: DefaultJob [NumItems=2000, GraphType=Independent]
// *** Execute ***
// Launch: 1 / 1
// Execute: dotnet NexusMods.Benchmarks-DefaultJob-2.dll --anonymousPipes 122 144 --benchmarkName "NexusMods.Benchmarks.Benchmarks.Sorting.Sort_Kahn(NumItems: 2000, GraphType: Independent)" --job Default --benchmarkId 29 in /home/ryang/nexus-app/benchmarks/NexusMods.Benchmarks/bin/Release/net9.0/NexusMods.Benchmarks-DefaultJob-2/bin/Release/net9.0
// Failed to set up high priority (Permission denied). In order to run benchmarks with high priority, make sure you have the right permissions.
// BeforeAnythingElse

// Benchmark Process Environment Information:
// BenchmarkDotNet v0.15.2
// Runtime=.NET 9.0.11 (9.0.1125.51716), X64 RyuJIT AVX-512F+CD+BW+DQ+VL+VBMI
// GC=Concurrent Workstation
// HardwareIntrinsics=AVX-512F+CD+BW+DQ+VL+VBMI,AES,BMI1,BMI2,FMA,LZCNT,PCLMUL,POPCNT,AvxVnni VectorSize=256
// Job: DefaultJob

OverheadJitting  1: 1 op, 150078.00 ns, 150.0780 us/op
WorkloadJitting  1: 1 op, 1668406.00 ns, 1.6684 ms/op

OverheadJitting  2: 16 op, 337827.00 ns, 21.1142 us/op
WorkloadJitting  2: 16 op, 6550590.00 ns, 409.4119 us/op

WorkloadPilot    1: 16 op, 1490275.00 ns, 93.1422 us/op
WorkloadPilot    2: 32 op, 2583159.00 ns, 80.7237 us/op
WorkloadPilot    3: 64 op, 4813412.00 ns, 75.2096 us/op
WorkloadPilot    4: 128 op, 9630591.00 ns, 75.2390 us/op
WorkloadPilot    5: 256 op, 18435910.00 ns, 72.0153 us/op
WorkloadPilot    6: 512 op, 31750229.00 ns, 62.0122 us/op
WorkloadPilot    7: 1024 op, 62525630.00 ns, 61.0602 us/op
WorkloadPilot    8: 2048 op, 119555081.00 ns, 58.3765 us/op
WorkloadPilot    9: 4096 op, 201252252.00 ns, 49.1339 us/op
WorkloadPilot   10: 8192 op, 398664678.00 ns, 48.6651 us/op
WorkloadPilot   11: 16384 op, 795721486.00 ns, 48.5670 us/op

OverheadWarmup   1: 16384 op, 33364.00 ns, 2.0364 ns/op
OverheadWarmup   2: 16384 op, 32161.00 ns, 1.9630 ns/op
OverheadWarmup   3: 16384 op, 32012.00 ns, 1.9539 ns/op
OverheadWarmup   4: 16384 op, 31981.00 ns, 1.9520 ns/op
OverheadWarmup   5: 16384 op, 32452.00 ns, 1.9807 ns/op
OverheadWarmup   6: 16384 op, 31992.00 ns, 1.9526 ns/op
OverheadWarmup   7: 16384 op, 31971.00 ns, 1.9514 ns/op
OverheadWarmup   8: 16384 op, 34747.00 ns, 2.1208 ns/op
OverheadWarmup   9: 16384 op, 32202.00 ns, 1.9655 ns/op

OverheadActual   1: 16384 op, 32122.00 ns, 1.9606 ns/op
OverheadActual   2: 16384 op, 32131.00 ns, 1.9611 ns/op
OverheadActual   3: 16384 op, 32121.00 ns, 1.9605 ns/op
OverheadActual   4: 16384 op, 32712.00 ns, 1.9966 ns/op
OverheadActual   5: 16384 op, 32291.00 ns, 1.9709 ns/op
OverheadActual   6: 16384 op, 32112.00 ns, 1.9600 ns/op
OverheadActual   7: 16384 op, 32052.00 ns, 1.9563 ns/op
OverheadActual   8: 16384 op, 32412.00 ns, 1.9783 ns/op
OverheadActual   9: 16384 op, 32001.00 ns, 1.9532 ns/op
OverheadActual  10: 16384 op, 32021.00 ns, 1.9544 ns/op
OverheadActual  11: 16384 op, 35288.00 ns, 2.1538 ns/op
OverheadActual  12: 16384 op, 32393.00 ns, 1.9771 ns/op
OverheadActual  13: 16384 op, 31951.00 ns, 1.9501 ns/op
OverheadActual  14: 16384 op, 34396.00 ns, 2.0994 ns/op
OverheadActual  15: 16384 op, 32042.00 ns, 1.9557 ns/op

OverheadWarmup   1: 16384 op, 32533.00 ns, 1.9857 ns/op
OverheadWarmup   2: 16384 op, 32121.00 ns, 1.9605 ns/op
OverheadWarmup   3: 16384 op, 32041.00 ns, 1.9556 ns/op
OverheadWarmup   4: 16384 op, 34316.00 ns, 2.0945 ns/op
OverheadWarmup   5: 16384 op, 32261.00 ns, 1.9691 ns/op
OverheadWarmup   6: 16384 op, 31992.00 ns, 1.9526 ns/op
OverheadWarmup   7: 16384 op, 31991.00 ns, 1.9526 ns/op
OverheadWarmup   8: 16384 op, 31991.00 ns, 1.9526 ns/op
OverheadWarmup   9: 16384 op, 32192.00 ns, 1.9648 ns/op

// BeforeActualRun
WorkloadActual   1: 16384 op, 797803396.00 ns, 48.6941 us/op
WorkloadActual   2: 16384 op, 803225746.00 ns, 49.0250 us/op
WorkloadActual   3: 16384 op, 798709885.00 ns, 48.7494 us/op
WorkloadActual   4: 16384 op, 799369540.00 ns, 48.7896 us/op
WorkloadActual   5: 16384 op, 788808188.00 ns, 48.1450 us/op
WorkloadActual   6: 16384 op, 791524213.00 ns, 48.3108 us/op
WorkloadActual   7: 16384 op, 796140499.00 ns, 48.5926 us/op
WorkloadActual   8: 16384 op, 804571113.00 ns, 49.1071 us/op
WorkloadActual   9: 16384 op, 788888498.00 ns, 48.1499 us/op
WorkloadActual  10: 16384 op, 788548639.00 ns, 48.1292 us/op
WorkloadActual  11: 16384 op, 784442212.00 ns, 47.8786 us/op
WorkloadActual  12: 16384 op, 788400307.00 ns, 48.1201 us/op
WorkloadActual  13: 16384 op, 790036623.00 ns, 48.2200 us/op
WorkloadActual  14: 16384 op, 790383018.00 ns, 48.2412 us/op
WorkloadActual  15: 16384 op, 793263779.00 ns, 48.4170 us/op

// AfterActualRun
WorkloadResult   1: 16384 op, 797771274.00 ns, 48.6921 us/op
WorkloadResult   2: 16384 op, 803193624.00 ns, 49.0230 us/op
WorkloadResult   3: 16384 op, 798677763.00 ns, 48.7474 us/op
WorkloadResult   4: 16384 op, 799337418.00 ns, 48.7877 us/op
WorkloadResult   5: 16384 op, 788776066.00 ns, 48.1431 us/op
WorkloadResult   6: 16384 op, 791492091.00 ns, 48.3088 us/op
WorkloadResult   7: 16384 op, 796108377.00 ns, 48.5906 us/op
WorkloadResult   8: 16384 op, 804538991.00 ns, 49.1052 us/op
WorkloadResult   9: 16384 op, 788856376.00 ns, 48.1480 us/op
WorkloadResult  10: 16384 op, 788516517.00 ns, 48.1272 us/op
WorkloadResult  11: 16384 op, 784410090.00 ns, 47.8766 us/op
WorkloadResult  12: 16384 op, 788368185.00 ns, 48.1182 us/op
WorkloadResult  13: 16384 op, 790004501.00 ns, 48.2180 us/op
WorkloadResult  14: 16384 op, 790350896.00 ns, 48.2392 us/op
WorkloadResult  15: 16384 op, 793231657.00 ns, 48.4150 us/op
// GC:  72 18 0 3643670528 16384
// Threading:  0 0 16384

// AfterAll
// Benchmark Process 1129127 has exited with code 0.

Mean = 48.436 μs, StdErr = 0.095 μs (0.20%), N = 15, StdDev = 0.367 μs
Min = 47.877 μs, Q1 = 48.146 μs, Median = 48.309 μs, Q3 = 48.720 μs, Max = 49.105 μs
IQR = 0.574 μs, LowerFence = 47.284 μs, UpperFence = 49.581 μs
ConfidenceInterval = [48.044 μs; 48.828 μs] (CI 99.9%), Margin = 0.392 μs (0.81% of Mean)
Skewness = 0.39, Kurtosis = 1.78, MValue = 2

// ** Remained 20 (40.0%) benchmark(s) to run. Estimated finish 2026-01-01 4:15 (0h 4m from now) **
// **************************
// Benchmark: Sorting.Sort_Original: DefaultJob [NumItems=5000, GraphType=Complex]
// *** Execute ***
// Launch: 1 / 1
// Execute: dotnet NexusMods.Benchmarks-DefaultJob-2.dll --anonymousPipes 122 144 --benchmarkName "NexusMods.Benchmarks.Benchmarks.Sorting.Sort_Original(NumItems: 5000, GraphType: Complex)" --job Default --benchmarkId 30 in /home/ryang/nexus-app/benchmarks/NexusMods.Benchmarks/bin/Release/net9.0/NexusMods.Benchmarks-DefaultJob-2/bin/Release/net9.0
// Failed to set up high priority (Permission denied). In order to run benchmarks with high priority, make sure you have the right permissions.
// BeforeAnythingElse

// Benchmark Process Environment Information:
// BenchmarkDotNet v0.15.2
// Runtime=.NET 9.0.11 (9.0.1125.51716), X64 RyuJIT AVX-512F+CD+BW+DQ+VL+VBMI
// GC=Concurrent Workstation
// HardwareIntrinsics=AVX-512F+CD+BW+DQ+VL+VBMI,AES,BMI1,BMI2,FMA,LZCNT,PCLMUL,POPCNT,AvxVnni VectorSize=256
// Job: DefaultJob

OverheadJitting  1: 1 op, 145629.00 ns, 145.6290 us/op
WorkloadJitting  1: 1 op, 204692109.00 ns, 204.6921 ms/op

WorkloadPilot    1: 2 op, 416211759.00 ns, 208.1059 ms/op
WorkloadPilot    2: 3 op, 399357729.00 ns, 133.1192 ms/op
WorkloadPilot    3: 4 op, 503725277.00 ns, 125.9313 ms/op

OverheadWarmup   1: 4 op, 380.00 ns, 95.0000 ns/op
OverheadWarmup   2: 4 op, 110.00 ns, 27.5000 ns/op
OverheadWarmup   3: 4 op, 50.00 ns, 12.5000 ns/op
OverheadWarmup   4: 4 op, 40.00 ns, 10.0000 ns/op
OverheadWarmup   5: 4 op, 60.00 ns, 15.0000 ns/op
OverheadWarmup   6: 4 op, 40.00 ns, 10.0000 ns/op
OverheadWarmup   7: 4 op, 81.00 ns, 20.2500 ns/op
OverheadWarmup   8: 4 op, 481.00 ns, 120.2500 ns/op
OverheadWarmup   9: 4 op, 80.00 ns, 20.0000 ns/op

// BeforeActualRun
WorkloadActual   1: 4 op, 492595093.00 ns, 123.1488 ms/op
WorkloadActual   2: 4 op, 487078234.00 ns, 121.7696 ms/op
WorkloadActual   3: 4 op, 491272942.00 ns, 122.8182 ms/op
WorkloadActual   4: 4 op, 491746720.00 ns, 122.9367 ms/op
WorkloadActual   5: 4 op, 485247519.00 ns, 121.3119 ms/op
WorkloadActual   6: 4 op, 492376798.00 ns, 123.0942 ms/op
WorkloadActual   7: 4 op, 489451534.00 ns, 122.3629 ms/op
WorkloadActual   8: 4 op, 493090667.00 ns, 123.2727 ms/op
WorkloadActual   9: 4 op, 482381319.00 ns, 120.5953 ms/op
WorkloadActual  10: 4 op, 497843474.00 ns, 124.4609 ms/op
WorkloadActual  11: 4 op, 496065628.00 ns, 124.0164 ms/op
WorkloadActual  12: 4 op, 490290794.00 ns, 122.5727 ms/op
WorkloadActual  13: 4 op, 498164941.00 ns, 124.5412 ms/op
WorkloadActual  14: 4 op, 512663580.00 ns, 128.1659 ms/op
WorkloadActual  15: 4 op, 511290540.00 ns, 127.8226 ms/op

// AfterActualRun
WorkloadResult   1: 4 op, 492595093.00 ns, 123.1488 ms/op
WorkloadResult   2: 4 op, 487078234.00 ns, 121.7696 ms/op
WorkloadResult   3: 4 op, 491272942.00 ns, 122.8182 ms/op
WorkloadResult   4: 4 op, 491746720.00 ns, 122.9367 ms/op
WorkloadResult   5: 4 op, 485247519.00 ns, 121.3119 ms/op
WorkloadResult   6: 4 op, 492376798.00 ns, 123.0942 ms/op
WorkloadResult   7: 4 op, 489451534.00 ns, 122.3629 ms/op
WorkloadResult   8: 4 op, 493090667.00 ns, 123.2727 ms/op
WorkloadResult   9: 4 op, 482381319.00 ns, 120.5953 ms/op
WorkloadResult  10: 4 op, 497843474.00 ns, 124.4609 ms/op
WorkloadResult  11: 4 op, 496065628.00 ns, 124.0164 ms/op
WorkloadResult  12: 4 op, 490290794.00 ns, 122.5727 ms/op
WorkloadResult  13: 4 op, 498164941.00 ns, 124.5412 ms/op
// GC:  1 0 0 61585512 4
// Threading:  46115 10 4

// AfterAll
// Benchmark Process 1129187 has exited with code 0.

Mean = 122.839 ms, StdErr = 0.321 ms (0.26%), N = 13, StdDev = 1.158 ms
Min = 120.595 ms, Q1 = 122.363 ms, Median = 122.937 ms, Q3 = 123.273 ms, Max = 124.541 ms
IQR = 0.910 ms, LowerFence = 120.998 ms, UpperFence = 124.637 ms
ConfidenceInterval = [121.452 ms; 124.225 ms] (CI 99.9%), Margin = 1.386 ms (1.13% of Mean)
Skewness = -0.26, Kurtosis = 2.12, MValue = 2

// ** Remained 19 (38.0%) benchmark(s) to run. Estimated finish 2026-01-01 4:14 (0h 4m from now) **
// **************************
// Benchmark: Sorting.Sort_Kahn: DefaultJob [NumItems=5000, GraphType=Complex]
// *** Execute ***
// Launch: 1 / 1
// Execute: dotnet NexusMods.Benchmarks-DefaultJob-2.dll --anonymousPipes 122 144 --benchmarkName "NexusMods.Benchmarks.Benchmarks.Sorting.Sort_Kahn(NumItems: 5000, GraphType: Complex)" --job Default --benchmarkId 31 in /home/ryang/nexus-app/benchmarks/NexusMods.Benchmarks/bin/Release/net9.0/NexusMods.Benchmarks-DefaultJob-2/bin/Release/net9.0
// Failed to set up high priority (Permission denied). In order to run benchmarks with high priority, make sure you have the right permissions.
// BeforeAnythingElse

// Benchmark Process Environment Information:
// BenchmarkDotNet v0.15.2
// Runtime=.NET 9.0.11 (9.0.1125.51716), X64 RyuJIT AVX-512F+CD+BW+DQ+VL+VBMI
// GC=Concurrent Workstation
// HardwareIntrinsics=AVX-512F+CD+BW+DQ+VL+VBMI,AES,BMI1,BMI2,FMA,LZCNT,PCLMUL,POPCNT,AvxVnni VectorSize=256
// Job: DefaultJob

OverheadJitting  1: 1 op, 151059.00 ns, 151.0590 us/op
WorkloadJitting  1: 1 op, 3406917.00 ns, 3.4069 ms/op

OverheadJitting  2: 16 op, 341564.00 ns, 21.3478 us/op
WorkloadJitting  2: 16 op, 12407973.00 ns, 775.4983 us/op

WorkloadPilot    1: 16 op, 9065759.00 ns, 566.6099 us/op
WorkloadPilot    2: 32 op, 18349496.00 ns, 573.4218 us/op
WorkloadPilot    3: 64 op, 33183817.00 ns, 518.4971 us/op
WorkloadPilot    4: 128 op, 69421326.00 ns, 542.3541 us/op
WorkloadPilot    5: 256 op, 127963688.00 ns, 499.8582 us/op
WorkloadPilot    6: 512 op, 254787011.00 ns, 497.6309 us/op
WorkloadPilot    7: 1024 op, 519984959.00 ns, 507.7978 us/op

OverheadWarmup   1: 1024 op, 3386.00 ns, 3.3066 ns/op
OverheadWarmup   2: 1024 op, 2244.00 ns, 2.1914 ns/op
OverheadWarmup   3: 1024 op, 2114.00 ns, 2.0645 ns/op
OverheadWarmup   4: 1024 op, 2114.00 ns, 2.0645 ns/op
OverheadWarmup   5: 1024 op, 2244.00 ns, 2.1914 ns/op
OverheadWarmup   6: 1024 op, 2154.00 ns, 2.1035 ns/op
OverheadWarmup   7: 1024 op, 2154.00 ns, 2.1035 ns/op

OverheadActual   1: 1024 op, 2425.00 ns, 2.3682 ns/op
OverheadActual   2: 1024 op, 2404.00 ns, 2.3477 ns/op
OverheadActual   3: 1024 op, 2385.00 ns, 2.3291 ns/op
OverheadActual   4: 1024 op, 2204.00 ns, 2.1523 ns/op
OverheadActual   5: 1024 op, 2334.00 ns, 2.2793 ns/op
OverheadActual   6: 1024 op, 2134.00 ns, 2.0840 ns/op
OverheadActual   7: 1024 op, 2114.00 ns, 2.0645 ns/op
OverheadActual   8: 1024 op, 2064.00 ns, 2.0156 ns/op
OverheadActual   9: 1024 op, 2074.00 ns, 2.0254 ns/op
OverheadActual  10: 1024 op, 2064.00 ns, 2.0156 ns/op
OverheadActual  11: 1024 op, 2054.00 ns, 2.0059 ns/op
OverheadActual  12: 1024 op, 2043.00 ns, 1.9951 ns/op
OverheadActual  13: 1024 op, 2044.00 ns, 1.9961 ns/op
OverheadActual  14: 1024 op, 2064.00 ns, 2.0156 ns/op
OverheadActual  15: 1024 op, 2054.00 ns, 2.0059 ns/op
OverheadActual  16: 1024 op, 2064.00 ns, 2.0156 ns/op
OverheadActual  17: 1024 op, 2034.00 ns, 1.9863 ns/op
OverheadActual  18: 1024 op, 2364.00 ns, 2.3086 ns/op
OverheadActual  19: 1024 op, 2164.00 ns, 2.1133 ns/op
OverheadActual  20: 1024 op, 2134.00 ns, 2.0840 ns/op

OverheadWarmup   1: 1024 op, 2355.00 ns, 2.2998 ns/op
OverheadWarmup   2: 1024 op, 2144.00 ns, 2.0938 ns/op
OverheadWarmup   3: 1024 op, 2054.00 ns, 2.0059 ns/op
OverheadWarmup   4: 1024 op, 2064.00 ns, 2.0156 ns/op
OverheadWarmup   5: 1024 op, 2064.00 ns, 2.0156 ns/op
OverheadWarmup   6: 1024 op, 2044.00 ns, 1.9961 ns/op
OverheadWarmup   7: 1024 op, 2054.00 ns, 2.0059 ns/op

// BeforeActualRun
WorkloadActual   1: 1024 op, 523113585.00 ns, 510.8531 us/op
WorkloadActual   2: 1024 op, 496282228.00 ns, 484.6506 us/op
WorkloadActual   3: 1024 op, 505023106.00 ns, 493.1866 us/op
WorkloadActual   4: 1024 op, 511086763.00 ns, 499.1082 us/op
WorkloadActual   5: 1024 op, 500099864.00 ns, 488.3788 us/op
WorkloadActual   6: 1024 op, 509054501.00 ns, 497.1235 us/op
WorkloadActual   7: 1024 op, 499675613.00 ns, 487.9645 us/op
WorkloadActual   8: 1024 op, 491233628.00 ns, 479.7203 us/op
WorkloadActual   9: 1024 op, 505789608.00 ns, 493.9352 us/op
WorkloadActual  10: 1024 op, 507392809.00 ns, 495.5008 us/op
WorkloadActual  11: 1024 op, 497806784.00 ns, 486.1394 us/op
WorkloadActual  12: 1024 op, 507438849.00 ns, 495.5458 us/op
WorkloadActual  13: 1024 op, 507360139.00 ns, 495.4689 us/op
WorkloadActual  14: 1024 op, 498730175.00 ns, 487.0412 us/op
WorkloadActual  15: 1024 op, 502277763.00 ns, 490.5056 us/op

// AfterActualRun
WorkloadResult   1: 1024 op, 496280134.00 ns, 484.6486 us/op
WorkloadResult   2: 1024 op, 505021012.00 ns, 493.1846 us/op
WorkloadResult   3: 1024 op, 511084669.00 ns, 499.1061 us/op
WorkloadResult   4: 1024 op, 500097770.00 ns, 488.3767 us/op
WorkloadResult   5: 1024 op, 509052407.00 ns, 497.1215 us/op
WorkloadResult   6: 1024 op, 499673519.00 ns, 487.9624 us/op
WorkloadResult   7: 1024 op, 491231534.00 ns, 479.7183 us/op
WorkloadResult   8: 1024 op, 505787514.00 ns, 493.9331 us/op
WorkloadResult   9: 1024 op, 507390715.00 ns, 495.4987 us/op
WorkloadResult  10: 1024 op, 497804690.00 ns, 486.1374 us/op
WorkloadResult  11: 1024 op, 507436755.00 ns, 495.5437 us/op
WorkloadResult  12: 1024 op, 507358045.00 ns, 495.4668 us/op
WorkloadResult  13: 1024 op, 498728081.00 ns, 487.0391 us/op
WorkloadResult  14: 1024 op, 502275669.00 ns, 490.5036 us/op
// GC:  44 44 44 801459520 1024
// Threading:  0 0 1024

// AfterAll
// Benchmark Process 1129270 has exited with code 0.

Mean = 491.017 μs, StdErr = 1.484 μs (0.30%), N = 14, StdDev = 5.552 μs
Min = 479.718 μs, Q1 = 487.270 μs, Median = 491.844 μs, Q3 = 495.491 μs, Max = 499.106 μs
IQR = 8.221 μs, LowerFence = 474.939 μs, UpperFence = 507.822 μs
ConfidenceInterval = [484.754 μs; 497.280 μs] (CI 99.9%), Margin = 6.263 μs (1.28% of Mean)
Skewness = -0.36, Kurtosis = 1.95, MValue = 2

// ** Remained 18 (36.0%) benchmark(s) to run. Estimated finish 2026-01-01 4:14 (0h 4m from now) **
// **************************
// Benchmark: Sorting.Sort_Original: DefaultJob [NumItems=5000, GraphType=Random]
// *** Execute ***
// Launch: 1 / 1
// Execute: dotnet NexusMods.Benchmarks-DefaultJob-2.dll --anonymousPipes 122 144 --benchmarkName "NexusMods.Benchmarks.Benchmarks.Sorting.Sort_Original(NumItems: 5000, GraphType: Random)" --job Default --benchmarkId 32 in /home/ryang/nexus-app/benchmarks/NexusMods.Benchmarks/bin/Release/net9.0/NexusMods.Benchmarks-DefaultJob-2/bin/Release/net9.0
// Failed to set up high priority (Permission denied). In order to run benchmarks with high priority, make sure you have the right permissions.
// BeforeAnythingElse

// Benchmark Process Environment Information:
// BenchmarkDotNet v0.15.2
// Runtime=.NET 9.0.11 (9.0.1125.51716), X64 RyuJIT AVX-512F+CD+BW+DQ+VL+VBMI
// GC=Concurrent Workstation
// HardwareIntrinsics=AVX-512F+CD+BW+DQ+VL+VBMI,AES,BMI1,BMI2,FMA,LZCNT,PCLMUL,POPCNT,AvxVnni VectorSize=256
// Job: DefaultJob

OverheadJitting  1: 1 op, 156430.00 ns, 156.4300 us/op
WorkloadJitting  1: 1 op, 77806652.00 ns, 77.8067 ms/op

WorkloadPilot    1: 2 op, 133039576.00 ns, 66.5198 ms/op
WorkloadPilot    2: 3 op, 196505533.00 ns, 65.5018 ms/op
WorkloadPilot    3: 4 op, 450947970.00 ns, 112.7370 ms/op
WorkloadPilot    4: 5 op, 255440459.00 ns, 51.0881 ms/op
WorkloadPilot    5: 6 op, 303154306.00 ns, 50.5257 ms/op
WorkloadPilot    6: 7 op, 350395027.00 ns, 50.0564 ms/op
WorkloadPilot    7: 8 op, 404834470.00 ns, 50.6043 ms/op
WorkloadPilot    8: 9 op, 448607337.00 ns, 49.8453 ms/op
WorkloadPilot    9: 10 op, 489614695.00 ns, 48.9615 ms/op
WorkloadPilot   10: 11 op, 544152146.00 ns, 49.4684 ms/op

OverheadWarmup   1: 11 op, 701.00 ns, 63.7273 ns/op
OverheadWarmup   2: 11 op, 150.00 ns, 13.6364 ns/op
OverheadWarmup   3: 11 op, 401.00 ns, 36.4545 ns/op
OverheadWarmup   4: 11 op, 110.00 ns, 10.0000 ns/op
OverheadWarmup   5: 11 op, 111.00 ns, 10.0909 ns/op
OverheadWarmup   6: 11 op, 70.00 ns, 6.3636 ns/op

// BeforeActualRun
WorkloadActual   1: 11 op, 541992028.00 ns, 49.2720 ms/op
WorkloadActual   2: 11 op, 536413330.00 ns, 48.7648 ms/op
WorkloadActual   3: 11 op, 558495981.00 ns, 50.7724 ms/op
WorkloadActual   4: 11 op, 545681539.00 ns, 49.6074 ms/op
WorkloadActual   5: 11 op, 548930264.00 ns, 49.9028 ms/op
WorkloadActual   6: 11 op, 553566548.00 ns, 50.3242 ms/op
WorkloadActual   7: 11 op, 548675117.00 ns, 49.8796 ms/op
WorkloadActual   8: 11 op, 549102336.00 ns, 49.9184 ms/op
WorkloadActual   9: 11 op, 548845274.00 ns, 49.8950 ms/op
WorkloadActual  10: 11 op, 545561954.00 ns, 49.5965 ms/op
WorkloadActual  11: 11 op, 548787123.00 ns, 49.8897 ms/op
WorkloadActual  12: 11 op, 543316743.00 ns, 49.3924 ms/op
WorkloadActual  13: 11 op, 551912232.00 ns, 50.1738 ms/op
WorkloadActual  14: 11 op, 551774850.00 ns, 50.1614 ms/op
WorkloadActual  15: 11 op, 557803802.00 ns, 50.7094 ms/op

// AfterActualRun
WorkloadResult   1: 11 op, 541992028.00 ns, 49.2720 ms/op
WorkloadResult   2: 11 op, 536413330.00 ns, 48.7648 ms/op
WorkloadResult   3: 11 op, 558495981.00 ns, 50.7724 ms/op
WorkloadResult   4: 11 op, 545681539.00 ns, 49.6074 ms/op
WorkloadResult   5: 11 op, 548930264.00 ns, 49.9028 ms/op
WorkloadResult   6: 11 op, 553566548.00 ns, 50.3242 ms/op
WorkloadResult   7: 11 op, 548675117.00 ns, 49.8796 ms/op
WorkloadResult   8: 11 op, 549102336.00 ns, 49.9184 ms/op
WorkloadResult   9: 11 op, 548845274.00 ns, 49.8950 ms/op
WorkloadResult  10: 11 op, 545561954.00 ns, 49.5965 ms/op
WorkloadResult  11: 11 op, 548787123.00 ns, 49.8897 ms/op
WorkloadResult  12: 11 op, 543316743.00 ns, 49.3924 ms/op
WorkloadResult  13: 11 op, 551912232.00 ns, 50.1738 ms/op
WorkloadResult  14: 11 op, 551774850.00 ns, 50.1614 ms/op
WorkloadResult  15: 11 op, 557803802.00 ns, 50.7094 ms/op
// GC:  2 2 2 24392272 11
// Threading:  655 0 11

// AfterAll
// Benchmark Process 1129306 has exited with code 0.

Mean = 49.884 ms, StdErr = 0.135 ms (0.27%), N = 15, StdDev = 0.525 ms
Min = 48.765 ms, Q1 = 49.602 ms, Median = 49.895 ms, Q3 = 50.168 ms, Max = 50.772 ms
IQR = 0.566 ms, LowerFence = 48.754 ms, UpperFence = 51.016 ms
ConfidenceInterval = [49.323 ms; 50.445 ms] (CI 99.9%), Margin = 0.561 ms (1.12% of Mean)
Skewness = -0.18, Kurtosis = 2.57, MValue = 2

// ** Remained 17 (34.0%) benchmark(s) to run. Estimated finish 2026-01-01 4:14 (0h 4m from now) **
// **************************
// Benchmark: Sorting.Sort_Kahn: DefaultJob [NumItems=5000, GraphType=Random]
// *** Execute ***
// Launch: 1 / 1
// Execute: dotnet NexusMods.Benchmarks-DefaultJob-2.dll --anonymousPipes 122 144 --benchmarkName "NexusMods.Benchmarks.Benchmarks.Sorting.Sort_Kahn(NumItems: 5000, GraphType: Random)" --job Default --benchmarkId 33 in /home/ryang/nexus-app/benchmarks/NexusMods.Benchmarks/bin/Release/net9.0/NexusMods.Benchmarks-DefaultJob-2/bin/Release/net9.0
// Failed to set up high priority (Permission denied). In order to run benchmarks with high priority, make sure you have the right permissions.
// BeforeAnythingElse

// Benchmark Process Environment Information:
// BenchmarkDotNet v0.15.2
// Runtime=.NET 9.0.11 (9.0.1125.51716), X64 RyuJIT AVX-512F+CD+BW+DQ+VL+VBMI
// GC=Concurrent Workstation
// HardwareIntrinsics=AVX-512F+CD+BW+DQ+VL+VBMI,AES,BMI1,BMI2,FMA,LZCNT,PCLMUL,POPCNT,AvxVnni VectorSize=256
// Job: DefaultJob

OverheadJitting  1: 1 op, 154296.00 ns, 154.2960 us/op
WorkloadJitting  1: 1 op, 4076170.00 ns, 4.0762 ms/op

OverheadJitting  2: 16 op, 343408.00 ns, 21.4630 us/op
WorkloadJitting  2: 16 op, 11158419.00 ns, 697.4012 us/op

WorkloadPilot    1: 16 op, 7846413.00 ns, 490.4008 us/op
WorkloadPilot    2: 32 op, 16275523.00 ns, 508.6101 us/op
WorkloadPilot    3: 64 op, 30185654.00 ns, 471.6508 us/op
WorkloadPilot    4: 128 op, 61970313.00 ns, 484.1431 us/op
WorkloadPilot    5: 256 op, 123083264.00 ns, 480.7940 us/op
WorkloadPilot    6: 512 op, 231744044.00 ns, 452.6251 us/op
WorkloadPilot    7: 1024 op, 445738030.00 ns, 435.2910 us/op
WorkloadPilot    8: 2048 op, 910004019.00 ns, 444.3379 us/op

OverheadWarmup   1: 2048 op, 5371.00 ns, 2.6226 ns/op
OverheadWarmup   2: 2048 op, 4459.00 ns, 2.1772 ns/op
OverheadWarmup   3: 2048 op, 4178.00 ns, 2.0400 ns/op
OverheadWarmup   4: 2048 op, 4118.00 ns, 2.0107 ns/op
OverheadWarmup   5: 2048 op, 4168.00 ns, 2.0352 ns/op
OverheadWarmup   6: 2048 op, 4068.00 ns, 1.9863 ns/op
OverheadWarmup   7: 2048 op, 4118.00 ns, 2.0107 ns/op
OverheadWarmup   8: 2048 op, 4219.00 ns, 2.0601 ns/op
OverheadWarmup   9: 2048 op, 4208.00 ns, 2.0547 ns/op

OverheadActual   1: 2048 op, 4409.00 ns, 2.1528 ns/op
OverheadActual   2: 2048 op, 4528.00 ns, 2.2109 ns/op
OverheadActual   3: 2048 op, 4389.00 ns, 2.1431 ns/op
OverheadActual   4: 2048 op, 4268.00 ns, 2.0840 ns/op
OverheadActual   5: 2048 op, 4458.00 ns, 2.1768 ns/op
OverheadActual   6: 2048 op, 4067.00 ns, 1.9858 ns/op
OverheadActual   7: 2048 op, 4098.00 ns, 2.0010 ns/op
OverheadActual   8: 2048 op, 4057.00 ns, 1.9810 ns/op
OverheadActual   9: 2048 op, 4028.00 ns, 1.9668 ns/op
OverheadActual  10: 2048 op, 4038.00 ns, 1.9717 ns/op
OverheadActual  11: 2048 op, 4038.00 ns, 1.9717 ns/op
OverheadActual  12: 2048 op, 4068.00 ns, 1.9863 ns/op
OverheadActual  13: 2048 op, 4058.00 ns, 1.9814 ns/op
OverheadActual  14: 2048 op, 4087.00 ns, 1.9956 ns/op
OverheadActual  15: 2048 op, 4048.00 ns, 1.9766 ns/op

OverheadWarmup   1: 2048 op, 4358.00 ns, 2.1279 ns/op
OverheadWarmup   2: 2048 op, 4198.00 ns, 2.0498 ns/op
OverheadWarmup   3: 2048 op, 4058.00 ns, 1.9814 ns/op
OverheadWarmup   4: 2048 op, 4158.00 ns, 2.0303 ns/op
OverheadWarmup   5: 2048 op, 4048.00 ns, 1.9766 ns/op
OverheadWarmup   6: 2048 op, 4148.00 ns, 2.0254 ns/op
OverheadWarmup   7: 2048 op, 4058.00 ns, 1.9814 ns/op

// BeforeActualRun
WorkloadActual   1: 2048 op, 899742100.00 ns, 439.3272 us/op
WorkloadActual   2: 2048 op, 909682978.00 ns, 444.1811 us/op
WorkloadActual   3: 2048 op, 905719446.00 ns, 442.2458 us/op
WorkloadActual   4: 2048 op, 906271565.00 ns, 442.5154 us/op
WorkloadActual   5: 2048 op, 896878600.00 ns, 437.9290 us/op
WorkloadActual   6: 2048 op, 898396120.00 ns, 438.6700 us/op
WorkloadActual   7: 2048 op, 898511583.00 ns, 438.7264 us/op
WorkloadActual   8: 2048 op, 893157035.00 ns, 436.1118 us/op
WorkloadActual   9: 2048 op, 893852009.00 ns, 436.4512 us/op
WorkloadActual  10: 2048 op, 894883416.00 ns, 436.9548 us/op
WorkloadActual  11: 2048 op, 893072259.00 ns, 436.0704 us/op
WorkloadActual  12: 2048 op, 890099464.00 ns, 434.6189 us/op
WorkloadActual  13: 2048 op, 895955105.00 ns, 437.4781 us/op
WorkloadActual  14: 2048 op, 894817196.00 ns, 436.9225 us/op
WorkloadActual  15: 2048 op, 895852692.00 ns, 437.4281 us/op

// AfterActualRun
WorkloadResult   1: 2048 op, 899738032.00 ns, 439.3252 us/op
WorkloadResult   2: 2048 op, 905715378.00 ns, 442.2438 us/op
WorkloadResult   3: 2048 op, 906267497.00 ns, 442.5134 us/op
WorkloadResult   4: 2048 op, 896874532.00 ns, 437.9270 us/op
WorkloadResult   5: 2048 op, 898392052.00 ns, 438.6680 us/op
WorkloadResult   6: 2048 op, 898507515.00 ns, 438.7244 us/op
WorkloadResult   7: 2048 op, 893152967.00 ns, 436.1098 us/op
WorkloadResult   8: 2048 op, 893847941.00 ns, 436.4492 us/op
WorkloadResult   9: 2048 op, 894879348.00 ns, 436.9528 us/op
WorkloadResult  10: 2048 op, 893068191.00 ns, 436.0685 us/op
WorkloadResult  11: 2048 op, 890095396.00 ns, 434.6169 us/op
WorkloadResult  12: 2048 op, 895951037.00 ns, 437.4761 us/op
WorkloadResult  13: 2048 op, 894813128.00 ns, 436.9205 us/op
WorkloadResult  14: 2048 op, 895848624.00 ns, 437.4261 us/op
// GC:  89 89 89 1437723040 2048
// Threading:  0 0 2048

// AfterAll
// Benchmark Process 1129408 has exited with code 0.

Mean = 437.959 μs, StdErr = 0.598 μs (0.14%), N = 14, StdDev = 2.238 μs
Min = 434.617 μs, Q1 = 436.567 μs, Median = 437.451 μs, Q3 = 438.710 μs, Max = 442.513 μs
IQR = 2.143 μs, LowerFence = 433.352 μs, UpperFence = 441.925 μs
ConfidenceInterval = [435.434 μs; 440.483 μs] (CI 99.9%), Margin = 2.525 μs (0.58% of Mean)
Skewness = 0.77, Kurtosis = 2.64, MValue = 2

// ** Remained 16 (32.0%) benchmark(s) to run. Estimated finish 2026-01-01 4:14 (0h 3m from now) **
// **************************
// Benchmark: Sorting.Sort_Original: DefaultJob [NumItems=5000, GraphType=Chain]
// *** Execute ***
// Launch: 1 / 1
// Execute: dotnet NexusMods.Benchmarks-DefaultJob-2.dll --anonymousPipes 122 144 --benchmarkName "NexusMods.Benchmarks.Benchmarks.Sorting.Sort_Original(NumItems: 5000, GraphType: Chain)" --job Default --benchmarkId 34 in /home/ryang/nexus-app/benchmarks/NexusMods.Benchmarks/bin/Release/net9.0/NexusMods.Benchmarks-DefaultJob-2/bin/Release/net9.0
// Failed to set up high priority (Permission denied). In order to run benchmarks with high priority, make sure you have the right permissions.
// BeforeAnythingElse

// Benchmark Process Environment Information:
// BenchmarkDotNet v0.15.2
// Runtime=.NET 9.0.11 (9.0.1125.51716), X64 RyuJIT AVX-512F+CD+BW+DQ+VL+VBMI
// GC=Concurrent Workstation
// HardwareIntrinsics=AVX-512F+CD+BW+DQ+VL+VBMI,AES,BMI1,BMI2,FMA,LZCNT,PCLMUL,POPCNT,AvxVnni VectorSize=256
// Job: DefaultJob

OverheadJitting  1: 1 op, 168513.00 ns, 168.5130 us/op
WorkloadJitting  1: 1 op, 205169706.00 ns, 205.1697 ms/op

WorkloadPilot    1: 2 op, 544255284.00 ns, 272.1276 ms/op

OverheadWarmup   1: 2 op, 952.00 ns, 476.0000 ns/op
OverheadWarmup   2: 2 op, 50.00 ns, 25.0000 ns/op
OverheadWarmup   3: 2 op, 30.00 ns, 15.0000 ns/op
OverheadWarmup   4: 2 op, 40.00 ns, 20.0000 ns/op
OverheadWarmup   5: 2 op, 30.00 ns, 15.0000 ns/op
OverheadWarmup   6: 2 op, 40.00 ns, 20.0000 ns/op
OverheadWarmup   7: 2 op, 40.00 ns, 20.0000 ns/op

// BeforeActualRun
WorkloadActual   1: 2 op, 380606173.00 ns, 190.3031 ms/op
WorkloadActual   2: 2 op, 302302402.00 ns, 151.1512 ms/op
WorkloadActual   3: 2 op, 246373954.00 ns, 123.1870 ms/op
WorkloadActual   4: 2 op, 242549917.00 ns, 121.2750 ms/op
WorkloadActual   5: 2 op, 236936462.00 ns, 118.4682 ms/op
WorkloadActual   6: 2 op, 243114820.00 ns, 121.5574 ms/op
WorkloadActual   7: 2 op, 239649851.00 ns, 119.8249 ms/op
WorkloadActual   8: 2 op, 246494064.00 ns, 123.2470 ms/op
WorkloadActual   9: 2 op, 242043878.00 ns, 121.0219 ms/op
WorkloadActual  10: 2 op, 236408170.00 ns, 118.2041 ms/op
WorkloadActual  11: 2 op, 247761453.00 ns, 123.8807 ms/op
WorkloadActual  12: 2 op, 253824400.00 ns, 126.9122 ms/op
WorkloadActual  13: 2 op, 245510100.00 ns, 122.7551 ms/op
WorkloadActual  14: 2 op, 240086728.00 ns, 120.0434 ms/op
WorkloadActual  15: 2 op, 238208380.00 ns, 119.1042 ms/op
WorkloadActual  16: 2 op, 253030559.00 ns, 126.5153 ms/op
WorkloadActual  17: 2 op, 246677988.00 ns, 123.3390 ms/op
WorkloadActual  18: 2 op, 242696199.00 ns, 121.3481 ms/op
WorkloadActual  19: 2 op, 247153338.00 ns, 123.5767 ms/op
WorkloadActual  20: 2 op, 241544582.00 ns, 120.7723 ms/op

// AfterActualRun
WorkloadResult   1: 2 op, 246373954.00 ns, 123.1870 ms/op
WorkloadResult   2: 2 op, 242549917.00 ns, 121.2750 ms/op
WorkloadResult   3: 2 op, 236936462.00 ns, 118.4682 ms/op
WorkloadResult   4: 2 op, 243114820.00 ns, 121.5574 ms/op
WorkloadResult   5: 2 op, 239649851.00 ns, 119.8249 ms/op
WorkloadResult   6: 2 op, 246494064.00 ns, 123.2470 ms/op
WorkloadResult   7: 2 op, 242043878.00 ns, 121.0219 ms/op
WorkloadResult   8: 2 op, 236408170.00 ns, 118.2041 ms/op
WorkloadResult   9: 2 op, 247761453.00 ns, 123.8807 ms/op
WorkloadResult  10: 2 op, 253824400.00 ns, 126.9122 ms/op
WorkloadResult  11: 2 op, 245510100.00 ns, 122.7551 ms/op
WorkloadResult  12: 2 op, 240086728.00 ns, 120.0434 ms/op
WorkloadResult  13: 2 op, 238208380.00 ns, 119.1042 ms/op
WorkloadResult  14: 2 op, 253030559.00 ns, 126.5153 ms/op
WorkloadResult  15: 2 op, 246677988.00 ns, 123.3390 ms/op
WorkloadResult  16: 2 op, 242696199.00 ns, 121.3481 ms/op
WorkloadResult  17: 2 op, 247153338.00 ns, 123.5767 ms/op
WorkloadResult  18: 2 op, 241544582.00 ns, 120.7723 ms/op
// GC:  0 0 0 28458080 2
// Threading:  22736 1 2

// AfterAll
// Benchmark Process 1129479 has exited with code 0.

Mean = 121.946 ms, StdErr = 0.581 ms (0.48%), N = 18, StdDev = 2.464 ms
Min = 118.204 ms, Q1 = 120.226 ms, Median = 121.453 ms, Q3 = 123.316 ms, Max = 126.912 ms
IQR = 3.090 ms, LowerFence = 115.590 ms, UpperFence = 127.952 ms
ConfidenceInterval = [119.643 ms; 124.250 ms] (CI 99.9%), Margin = 2.303 ms (1.89% of Mean)
Skewness = 0.37, Kurtosis = 2.29, MValue = 2

// ** Remained 15 (30.0%) benchmark(s) to run. Estimated finish 2026-01-01 4:14 (0h 3m from now) **
// **************************
// Benchmark: Sorting.Sort_Kahn: DefaultJob [NumItems=5000, GraphType=Chain]
// *** Execute ***
// Launch: 1 / 1
// Execute: dotnet NexusMods.Benchmarks-DefaultJob-2.dll --anonymousPipes 122 144 --benchmarkName "NexusMods.Benchmarks.Benchmarks.Sorting.Sort_Kahn(NumItems: 5000, GraphType: Chain)" --job Default --benchmarkId 35 in /home/ryang/nexus-app/benchmarks/NexusMods.Benchmarks/bin/Release/net9.0/NexusMods.Benchmarks-DefaultJob-2/bin/Release/net9.0
// Failed to set up high priority (Permission denied). In order to run benchmarks with high priority, make sure you have the right permissions.
// BeforeAnythingElse

// Benchmark Process Environment Information:
// BenchmarkDotNet v0.15.2
// Runtime=.NET 9.0.11 (9.0.1125.51716), X64 RyuJIT AVX-512F+CD+BW+DQ+VL+VBMI
// GC=Concurrent Workstation
// HardwareIntrinsics=AVX-512F+CD+BW+DQ+VL+VBMI,AES,BMI1,BMI2,FMA,LZCNT,PCLMUL,POPCNT,AvxVnni VectorSize=256
// Job: DefaultJob

OverheadJitting  1: 1 op, 157772.00 ns, 157.7720 us/op
WorkloadJitting  1: 1 op, 3377832.00 ns, 3.3778 ms/op

OverheadJitting  2: 16 op, 338117.00 ns, 21.1323 us/op
WorkloadJitting  2: 16 op, 11785752.00 ns, 736.6095 us/op

WorkloadPilot    1: 16 op, 8360659.00 ns, 522.5412 us/op
WorkloadPilot    2: 32 op, 17380000.00 ns, 543.1250 us/op
WorkloadPilot    3: 64 op, 32221317.00 ns, 503.4581 us/op
WorkloadPilot    4: 128 op, 68647600.00 ns, 536.3094 us/op
WorkloadPilot    5: 256 op, 125616763.00 ns, 490.6905 us/op
WorkloadPilot    6: 512 op, 246209652.00 ns, 480.8782 us/op
WorkloadPilot    7: 1024 op, 473288458.00 ns, 462.1958 us/op
WorkloadPilot    8: 2048 op, 957331964.00 ns, 467.4472 us/op

OverheadWarmup   1: 2048 op, 6061.00 ns, 2.9595 ns/op
OverheadWarmup   2: 2048 op, 4328.00 ns, 2.1133 ns/op
OverheadWarmup   3: 2048 op, 4238.00 ns, 2.0693 ns/op
OverheadWarmup   4: 2048 op, 4208.00 ns, 2.0547 ns/op
OverheadWarmup   5: 2048 op, 4358.00 ns, 2.1279 ns/op
OverheadWarmup   6: 2048 op, 4108.00 ns, 2.0059 ns/op
OverheadWarmup   7: 2048 op, 4178.00 ns, 2.0400 ns/op
OverheadWarmup   8: 2048 op, 4098.00 ns, 2.0010 ns/op

OverheadActual   1: 2048 op, 4379.00 ns, 2.1382 ns/op
OverheadActual   2: 2048 op, 4448.00 ns, 2.1719 ns/op
OverheadActual   3: 2048 op, 4429.00 ns, 2.1626 ns/op
OverheadActual   4: 2048 op, 4379.00 ns, 2.1382 ns/op
OverheadActual   5: 2048 op, 4388.00 ns, 2.1426 ns/op
OverheadActual   6: 2048 op, 4238.00 ns, 2.0693 ns/op
OverheadActual   7: 2048 op, 5751.00 ns, 2.8081 ns/op
OverheadActual   8: 2048 op, 4178.00 ns, 2.0400 ns/op
OverheadActual   9: 2048 op, 4158.00 ns, 2.0303 ns/op
OverheadActual  10: 2048 op, 4198.00 ns, 2.0498 ns/op
OverheadActual  11: 2048 op, 4148.00 ns, 2.0254 ns/op
OverheadActual  12: 2048 op, 4198.00 ns, 2.0498 ns/op
OverheadActual  13: 2048 op, 4188.00 ns, 2.0449 ns/op
OverheadActual  14: 2048 op, 4228.00 ns, 2.0645 ns/op
OverheadActual  15: 2048 op, 4118.00 ns, 2.0107 ns/op

OverheadWarmup   1: 2048 op, 4348.00 ns, 2.1230 ns/op
OverheadWarmup   2: 2048 op, 4259.00 ns, 2.0796 ns/op
OverheadWarmup   3: 2048 op, 4158.00 ns, 2.0303 ns/op
OverheadWarmup   4: 2048 op, 4108.00 ns, 2.0059 ns/op
OverheadWarmup   5: 2048 op, 4489.00 ns, 2.1919 ns/op
OverheadWarmup   6: 2048 op, 4158.00 ns, 2.0303 ns/op
OverheadWarmup   7: 2048 op, 4258.00 ns, 2.0791 ns/op
OverheadWarmup   8: 2048 op, 4218.00 ns, 2.0596 ns/op

// BeforeActualRun
WorkloadActual   1: 2048 op, 934026092.00 ns, 456.0674 us/op
WorkloadActual   2: 2048 op, 946749692.00 ns, 462.2801 us/op
WorkloadActual   3: 2048 op, 945695193.00 ns, 461.7652 us/op
WorkloadActual   4: 2048 op, 943664504.00 ns, 460.7737 us/op
WorkloadActual   5: 2048 op, 946051911.00 ns, 461.9394 us/op
WorkloadActual   6: 2048 op, 944115572.00 ns, 460.9939 us/op
WorkloadActual   7: 2048 op, 944795276.00 ns, 461.3258 us/op
WorkloadActual   8: 2048 op, 950298122.00 ns, 464.0128 us/op
WorkloadActual   9: 2048 op, 958730030.00 ns, 468.1299 us/op
WorkloadActual  10: 2048 op, 956913371.00 ns, 467.2429 us/op
WorkloadActual  11: 2048 op, 951487927.00 ns, 464.5937 us/op
WorkloadActual  12: 2048 op, 945305253.00 ns, 461.5748 us/op
WorkloadActual  13: 2048 op, 1012329235.00 ns, 494.3014 us/op
WorkloadActual  14: 2048 op, 1016336475.00 ns, 496.2580 us/op
WorkloadActual  15: 2048 op, 1011301901.00 ns, 493.7998 us/op

// AfterActualRun
WorkloadResult   1: 2048 op, 934021864.00 ns, 456.0654 us/op
WorkloadResult   2: 2048 op, 946745464.00 ns, 462.2781 us/op
WorkloadResult   3: 2048 op, 945690965.00 ns, 461.7632 us/op
WorkloadResult   4: 2048 op, 943660276.00 ns, 460.7716 us/op
WorkloadResult   5: 2048 op, 946047683.00 ns, 461.9373 us/op
WorkloadResult   6: 2048 op, 944111344.00 ns, 460.9919 us/op
WorkloadResult   7: 2048 op, 944791048.00 ns, 461.3238 us/op
WorkloadResult   8: 2048 op, 950293894.00 ns, 464.0107 us/op
WorkloadResult   9: 2048 op, 958725802.00 ns, 468.1278 us/op
WorkloadResult  10: 2048 op, 956909143.00 ns, 467.2408 us/op
WorkloadResult  11: 2048 op, 951483699.00 ns, 464.5916 us/op
WorkloadResult  12: 2048 op, 945301025.00 ns, 461.5728 us/op
// GC:  89 89 89 1462233504 2048
// Threading:  0 0 2048

// AfterAll
// Benchmark Process 1129544 has exited with code 0.

Mean = 462.556 μs, StdErr = 0.915 μs (0.20%), N = 12, StdDev = 3.171 μs
Min = 456.065 μs, Q1 = 461.241 μs, Median = 461.850 μs, Q3 = 464.156 μs, Max = 468.128 μs
IQR = 2.915 μs, LowerFence = 456.868 μs, UpperFence = 468.529 μs
ConfidenceInterval = [458.495 μs; 466.617 μs] (CI 99.9%), Margin = 4.061 μs (0.88% of Mean)
Skewness = 0, Kurtosis = 2.69, MValue = 2

// ** Remained 14 (28.0%) benchmark(s) to run. Estimated finish 2026-01-01 4:14 (0h 3m from now) **
// **************************
// Benchmark: Sorting.Sort_Original: DefaultJob [NumItems=5000, GraphType=Star]
// *** Execute ***
// Launch: 1 / 1
// Execute: dotnet NexusMods.Benchmarks-DefaultJob-2.dll --anonymousPipes 122 144 --benchmarkName "NexusMods.Benchmarks.Benchmarks.Sorting.Sort_Original(NumItems: 5000, GraphType: Star)" --job Default --benchmarkId 36 in /home/ryang/nexus-app/benchmarks/NexusMods.Benchmarks/bin/Release/net9.0/NexusMods.Benchmarks-DefaultJob-2/bin/Release/net9.0
// Failed to set up high priority (Permission denied). In order to run benchmarks with high priority, make sure you have the right permissions.
// BeforeAnythingElse

// Benchmark Process Environment Information:
// BenchmarkDotNet v0.15.2
// Runtime=.NET 9.0.11 (9.0.1125.51716), X64 RyuJIT AVX-512F+CD+BW+DQ+VL+VBMI
// GC=Concurrent Workstation
// HardwareIntrinsics=AVX-512F+CD+BW+DQ+VL+VBMI,AES,BMI1,BMI2,FMA,LZCNT,PCLMUL,POPCNT,AvxVnni VectorSize=256
// Job: DefaultJob

OverheadJitting  1: 1 op, 161680.00 ns, 161.6800 us/op
WorkloadJitting  1: 1 op, 72961047.00 ns, 72.9610 ms/op

WorkloadPilot    1: 2 op, 127400966.00 ns, 63.7005 ms/op
WorkloadPilot    2: 3 op, 186995252.00 ns, 62.3318 ms/op
WorkloadPilot    3: 4 op, 198119056.00 ns, 49.5298 ms/op
WorkloadPilot    4: 5 op, 246971279.00 ns, 49.3943 ms/op
WorkloadPilot    5: 6 op, 293679275.00 ns, 48.9465 ms/op
WorkloadPilot    6: 7 op, 341046413.00 ns, 48.7209 ms/op
WorkloadPilot    7: 8 op, 384397697.00 ns, 48.0497 ms/op
WorkloadPilot    8: 9 op, 423471223.00 ns, 47.0524 ms/op
WorkloadPilot    9: 10 op, 478662243.00 ns, 47.8662 ms/op
WorkloadPilot   10: 11 op, 527788893.00 ns, 47.9808 ms/op

OverheadWarmup   1: 11 op, 681.00 ns, 61.9091 ns/op
OverheadWarmup   2: 11 op, 240.00 ns, 21.8182 ns/op
OverheadWarmup   3: 11 op, 571.00 ns, 51.9091 ns/op
OverheadWarmup   4: 11 op, 120.00 ns, 10.9091 ns/op
OverheadWarmup   5: 11 op, 120.00 ns, 10.9091 ns/op
OverheadWarmup   6: 11 op, 60.00 ns, 5.4545 ns/op

// BeforeActualRun
WorkloadActual   1: 11 op, 516875563.00 ns, 46.9887 ms/op
WorkloadActual   2: 11 op, 516092673.00 ns, 46.9175 ms/op
WorkloadActual   3: 11 op, 508410314.00 ns, 46.2191 ms/op
WorkloadActual   4: 11 op, 520908271.00 ns, 47.3553 ms/op
WorkloadActual   5: 11 op, 529726287.00 ns, 48.1569 ms/op
WorkloadActual   6: 11 op, 523218349.00 ns, 47.5653 ms/op
WorkloadActual   7: 11 op, 522238752.00 ns, 47.4763 ms/op
WorkloadActual   8: 11 op, 526837454.00 ns, 47.8943 ms/op
WorkloadActual   9: 11 op, 515076660.00 ns, 46.8252 ms/op
WorkloadActual  10: 11 op, 518552451.00 ns, 47.1411 ms/op
WorkloadActual  11: 11 op, 526605330.00 ns, 47.8732 ms/op
WorkloadActual  12: 11 op, 518009892.00 ns, 47.0918 ms/op
WorkloadActual  13: 11 op, 515873759.00 ns, 46.8976 ms/op
WorkloadActual  14: 11 op, 526822819.00 ns, 47.8930 ms/op
WorkloadActual  15: 11 op, 511857926.00 ns, 46.5325 ms/op

// AfterActualRun
WorkloadResult   1: 11 op, 516875563.00 ns, 46.9887 ms/op
WorkloadResult   2: 11 op, 516092673.00 ns, 46.9175 ms/op
WorkloadResult   3: 11 op, 508410314.00 ns, 46.2191 ms/op
WorkloadResult   4: 11 op, 520908271.00 ns, 47.3553 ms/op
WorkloadResult   5: 11 op, 529726287.00 ns, 48.1569 ms/op
WorkloadResult   6: 11 op, 523218349.00 ns, 47.5653 ms/op
WorkloadResult   7: 11 op, 522238752.00 ns, 47.4763 ms/op
WorkloadResult   8: 11 op, 526837454.00 ns, 47.8943 ms/op
WorkloadResult   9: 11 op, 515076660.00 ns, 46.8252 ms/op
WorkloadResult  10: 11 op, 518552451.00 ns, 47.1411 ms/op
WorkloadResult  11: 11 op, 526605330.00 ns, 47.8732 ms/op
WorkloadResult  12: 11 op, 518009892.00 ns, 47.0918 ms/op
WorkloadResult  13: 11 op, 515873759.00 ns, 46.8976 ms/op
WorkloadResult  14: 11 op, 526822819.00 ns, 47.8930 ms/op
WorkloadResult  15: 11 op, 511857926.00 ns, 46.5325 ms/op
// GC:  0 0 0 13002440 11
// Threading:  345 5 11

// AfterAll
// Benchmark Process 1129630 has exited with code 0.

Mean = 47.255 ms, StdErr = 0.143 ms (0.30%), N = 15, StdDev = 0.554 ms
Min = 46.219 ms, Q1 = 46.908 ms, Median = 47.141 ms, Q3 = 47.719 ms, Max = 48.157 ms
IQR = 0.812 ms, LowerFence = 45.690 ms, UpperFence = 48.937 ms
ConfidenceInterval = [46.663 ms; 47.848 ms] (CI 99.9%), Margin = 0.592 ms (1.25% of Mean)
Skewness = -0.06, Kurtosis = 1.87, MValue = 2

// ** Remained 13 (26.0%) benchmark(s) to run. Estimated finish 2026-01-01 4:14 (0h 3m from now) **
// **************************
// Benchmark: Sorting.Sort_Kahn: DefaultJob [NumItems=5000, GraphType=Star]
// *** Execute ***
// Launch: 1 / 1
// Execute: dotnet NexusMods.Benchmarks-DefaultJob-2.dll --anonymousPipes 122 144 --benchmarkName "NexusMods.Benchmarks.Benchmarks.Sorting.Sort_Kahn(NumItems: 5000, GraphType: Star)" --job Default --benchmarkId 37 in /home/ryang/nexus-app/benchmarks/NexusMods.Benchmarks/bin/Release/net9.0/NexusMods.Benchmarks-DefaultJob-2/bin/Release/net9.0
// Failed to set up high priority (Permission denied). In order to run benchmarks with high priority, make sure you have the right permissions.
// BeforeAnythingElse

// Benchmark Process Environment Information:
// BenchmarkDotNet v0.15.2
// Runtime=.NET 9.0.11 (9.0.1125.51716), X64 RyuJIT AVX-512F+CD+BW+DQ+VL+VBMI
// GC=Concurrent Workstation
// HardwareIntrinsics=AVX-512F+CD+BW+DQ+VL+VBMI,AES,BMI1,BMI2,FMA,LZCNT,PCLMUL,POPCNT,AvxVnni VectorSize=256
// Job: DefaultJob

OverheadJitting  1: 1 op, 153605.00 ns, 153.6050 us/op
WorkloadJitting  1: 1 op, 3299012.00 ns, 3.2990 ms/op

OverheadJitting  2: 16 op, 347075.00 ns, 21.6922 us/op
WorkloadJitting  2: 16 op, 8710400.00 ns, 544.4000 us/op

WorkloadPilot    1: 16 op, 5558571.00 ns, 347.4107 us/op
WorkloadPilot    2: 32 op, 11897626.00 ns, 371.8008 us/op
WorkloadPilot    3: 64 op, 20822908.00 ns, 325.3579 us/op
WorkloadPilot    4: 128 op, 42466759.00 ns, 331.7716 us/op
WorkloadPilot    5: 256 op, 86866623.00 ns, 339.3227 us/op
WorkloadPilot    6: 512 op, 164460858.00 ns, 321.2126 us/op
WorkloadPilot    7: 1024 op, 319027280.00 ns, 311.5501 us/op
WorkloadPilot    8: 2048 op, 635755645.00 ns, 310.4276 us/op

OverheadWarmup   1: 2048 op, 8487.00 ns, 4.1440 ns/op
OverheadWarmup   2: 2048 op, 6843.00 ns, 3.3413 ns/op
OverheadWarmup   3: 2048 op, 4168.00 ns, 2.0352 ns/op
OverheadWarmup   4: 2048 op, 4168.00 ns, 2.0352 ns/op
OverheadWarmup   5: 2048 op, 4147.00 ns, 2.0249 ns/op
OverheadWarmup   6: 2048 op, 4128.00 ns, 2.0156 ns/op
OverheadWarmup   7: 2048 op, 4128.00 ns, 2.0156 ns/op
OverheadWarmup   8: 2048 op, 4218.00 ns, 2.0596 ns/op

OverheadActual   1: 2048 op, 4419.00 ns, 2.1577 ns/op
OverheadActual   2: 2048 op, 4448.00 ns, 2.1719 ns/op
OverheadActual   3: 2048 op, 4378.00 ns, 2.1377 ns/op
OverheadActual   4: 2048 op, 4990.00 ns, 2.4365 ns/op
OverheadActual   5: 2048 op, 4379.00 ns, 2.1382 ns/op
OverheadActual   6: 2048 op, 4097.00 ns, 2.0005 ns/op
OverheadActual   7: 2048 op, 4038.00 ns, 1.9717 ns/op
OverheadActual   8: 2048 op, 4128.00 ns, 2.0156 ns/op
OverheadActual   9: 2048 op, 4649.00 ns, 2.2700 ns/op
OverheadActual  10: 2048 op, 4108.00 ns, 2.0059 ns/op
OverheadActual  11: 2048 op, 4138.00 ns, 2.0205 ns/op
OverheadActual  12: 2048 op, 4108.00 ns, 2.0059 ns/op
OverheadActual  13: 2048 op, 4038.00 ns, 1.9717 ns/op
OverheadActual  14: 2048 op, 4108.00 ns, 2.0059 ns/op
OverheadActual  15: 2048 op, 4058.00 ns, 1.9814 ns/op
OverheadActual  16: 2048 op, 4058.00 ns, 1.9814 ns/op

OverheadWarmup   1: 2048 op, 4348.00 ns, 2.1230 ns/op
OverheadWarmup   2: 2048 op, 4118.00 ns, 2.0107 ns/op
OverheadWarmup   3: 2048 op, 4248.00 ns, 2.0742 ns/op
OverheadWarmup   4: 2048 op, 4028.00 ns, 1.9668 ns/op
OverheadWarmup   5: 2048 op, 4138.00 ns, 2.0205 ns/op
OverheadWarmup   6: 2048 op, 4038.00 ns, 1.9717 ns/op

// BeforeActualRun
WorkloadActual   1: 2048 op, 637968276.00 ns, 311.5079 us/op
WorkloadActual   2: 2048 op, 613668216.00 ns, 299.6427 us/op
WorkloadActual   3: 2048 op, 611735092.00 ns, 298.6988 us/op
WorkloadActual   4: 2048 op, 611077233.00 ns, 298.3776 us/op
WorkloadActual   5: 2048 op, 612190556.00 ns, 298.9212 us/op
WorkloadActual   6: 2048 op, 612985190.00 ns, 299.3092 us/op
WorkloadActual   7: 2048 op, 612685275.00 ns, 299.1627 us/op
WorkloadActual   8: 2048 op, 615506252.00 ns, 300.5402 us/op
WorkloadActual   9: 2048 op, 614787114.00 ns, 300.1890 us/op
WorkloadActual  10: 2048 op, 614734133.00 ns, 300.1632 us/op
WorkloadActual  11: 2048 op, 614586071.00 ns, 300.0909 us/op
WorkloadActual  12: 2048 op, 614015869.00 ns, 299.8124 us/op
WorkloadActual  13: 2048 op, 613917291.00 ns, 299.7643 us/op
WorkloadActual  14: 2048 op, 615100328.00 ns, 300.3420 us/op
WorkloadActual  15: 2048 op, 614706895.00 ns, 300.1499 us/op

// AfterActualRun
WorkloadResult   1: 2048 op, 613664098.00 ns, 299.6407 us/op
WorkloadResult   2: 2048 op, 611730974.00 ns, 298.6968 us/op
WorkloadResult   3: 2048 op, 611073115.00 ns, 298.3755 us/op
WorkloadResult   4: 2048 op, 612186438.00 ns, 298.9192 us/op
WorkloadResult   5: 2048 op, 612981072.00 ns, 299.3072 us/op
WorkloadResult   6: 2048 op, 612681157.00 ns, 299.1607 us/op
WorkloadResult   7: 2048 op, 615502134.00 ns, 300.5382 us/op
WorkloadResult   8: 2048 op, 614782996.00 ns, 300.1870 us/op
WorkloadResult   9: 2048 op, 614730015.00 ns, 300.1611 us/op
WorkloadResult  10: 2048 op, 614581953.00 ns, 300.0888 us/op
WorkloadResult  11: 2048 op, 614011751.00 ns, 299.8104 us/op
WorkloadResult  12: 2048 op, 613913173.00 ns, 299.7623 us/op
WorkloadResult  13: 2048 op, 615096210.00 ns, 300.3399 us/op
WorkloadResult  14: 2048 op, 614702777.00 ns, 300.1478 us/op
// GC:  89 89 89 1322183072 2048
// Threading:  0 0 2048

// AfterAll
// Benchmark Process 1129717 has exited with code 0.

Mean = 299.653 μs, StdErr = 0.177 μs (0.06%), N = 14, StdDev = 0.663 μs
Min = 298.376 μs, Q1 = 299.197 μs, Median = 299.786 μs, Q3 = 300.158 μs, Max = 300.538 μs
IQR = 0.960 μs, LowerFence = 297.757 μs, UpperFence = 301.599 μs
ConfidenceInterval = [298.904 μs; 300.401 μs] (CI 99.9%), Margin = 0.748 μs (0.25% of Mean)
Skewness = -0.49, Kurtosis = 1.82, MValue = 2

// ** Remained 12 (24.0%) benchmark(s) to run. Estimated finish 2026-01-01 4:14 (0h 2m from now) **
// **************************
// Benchmark: Sorting.Sort_Original: DefaultJob [NumItems=5000, GraphType=Independent]
// *** Execute ***
// Launch: 1 / 1
// Execute: dotnet NexusMods.Benchmarks-DefaultJob-2.dll --anonymousPipes 122 144 --benchmarkName "NexusMods.Benchmarks.Benchmarks.Sorting.Sort_Original(NumItems: 5000, GraphType: Independent)" --job Default --benchmarkId 38 in /home/ryang/nexus-app/benchmarks/NexusMods.Benchmarks/bin/Release/net9.0/NexusMods.Benchmarks-DefaultJob-2/bin/Release/net9.0
// Failed to set up high priority (Permission denied). In order to run benchmarks with high priority, make sure you have the right permissions.
// BeforeAnythingElse

// Benchmark Process Environment Information:
// BenchmarkDotNet v0.15.2
// Runtime=.NET 9.0.11 (9.0.1125.51716), X64 RyuJIT AVX-512F+CD+BW+DQ+VL+VBMI
// GC=Concurrent Workstation
// HardwareIntrinsics=AVX-512F+CD+BW+DQ+VL+VBMI,AES,BMI1,BMI2,FMA,LZCNT,PCLMUL,POPCNT,AvxVnni VectorSize=256
// Job: DefaultJob

OverheadJitting  1: 1 op, 147433.00 ns, 147.4330 us/op
WorkloadJitting  1: 1 op, 48060829.00 ns, 48.0608 ms/op

WorkloadPilot    1: 2 op, 79142054.00 ns, 39.5710 ms/op
WorkloadPilot    2: 3 op, 115573129.00 ns, 38.5244 ms/op
WorkloadPilot    3: 4 op, 208050745.00 ns, 52.0127 ms/op
WorkloadPilot    4: 5 op, 157256719.00 ns, 31.4513 ms/op
WorkloadPilot    5: 6 op, 164245349.00 ns, 27.3742 ms/op
WorkloadPilot    6: 7 op, 190027841.00 ns, 27.1468 ms/op
WorkloadPilot    7: 8 op, 218616571.00 ns, 27.3271 ms/op
WorkloadPilot    8: 9 op, 253108801.00 ns, 28.1232 ms/op
WorkloadPilot    9: 10 op, 266298694.00 ns, 26.6299 ms/op
WorkloadPilot   10: 11 op, 295548409.00 ns, 26.8680 ms/op
WorkloadPilot   11: 12 op, 321531346.00 ns, 26.7943 ms/op
WorkloadPilot   12: 13 op, 353955624.00 ns, 27.2274 ms/op
WorkloadPilot   13: 14 op, 374669974.00 ns, 26.7621 ms/op
WorkloadPilot   14: 15 op, 407590574.00 ns, 27.1727 ms/op
WorkloadPilot   15: 16 op, 428031401.00 ns, 26.7520 ms/op
WorkloadPilot   16: 32 op, 863748240.00 ns, 26.9921 ms/op

OverheadWarmup   1: 32 op, 1162.00 ns, 36.3125 ns/op
OverheadWarmup   2: 32 op, 110.00 ns, 3.4375 ns/op
OverheadWarmup   3: 32 op, 110.00 ns, 3.4375 ns/op
OverheadWarmup   4: 32 op, 100.00 ns, 3.1250 ns/op
OverheadWarmup   5: 32 op, 100.00 ns, 3.1250 ns/op
OverheadWarmup   6: 32 op, 100.00 ns, 3.1250 ns/op

// BeforeActualRun
WorkloadActual   1: 32 op, 853868732.00 ns, 26.6834 ms/op
WorkloadActual   2: 32 op, 869275754.00 ns, 27.1649 ms/op
WorkloadActual   3: 32 op, 858377784.00 ns, 26.8243 ms/op
WorkloadActual   4: 32 op, 861840350.00 ns, 26.9325 ms/op
WorkloadActual   5: 32 op, 862003354.00 ns, 26.9376 ms/op
WorkloadActual   6: 32 op, 859011202.00 ns, 26.8441 ms/op
WorkloadActual   7: 32 op, 858888528.00 ns, 26.8403 ms/op
WorkloadActual   8: 32 op, 858438137.00 ns, 26.8262 ms/op
WorkloadActual   9: 32 op, 856788818.00 ns, 26.7747 ms/op
WorkloadActual  10: 32 op, 851931232.00 ns, 26.6229 ms/op
WorkloadActual  11: 32 op, 860092129.00 ns, 26.8779 ms/op
WorkloadActual  12: 32 op, 861450293.00 ns, 26.9203 ms/op
WorkloadActual  13: 32 op, 861162223.00 ns, 26.9113 ms/op
WorkloadActual  14: 32 op, 854091937.00 ns, 26.6904 ms/op
WorkloadActual  15: 32 op, 857687788.00 ns, 26.8027 ms/op

// AfterActualRun
WorkloadResult   1: 32 op, 853868732.00 ns, 26.6834 ms/op
WorkloadResult   2: 32 op, 858377784.00 ns, 26.8243 ms/op
WorkloadResult   3: 32 op, 861840350.00 ns, 26.9325 ms/op
WorkloadResult   4: 32 op, 862003354.00 ns, 26.9376 ms/op
WorkloadResult   5: 32 op, 859011202.00 ns, 26.8441 ms/op
WorkloadResult   6: 32 op, 858888528.00 ns, 26.8403 ms/op
WorkloadResult   7: 32 op, 858438137.00 ns, 26.8262 ms/op
WorkloadResult   8: 32 op, 856788818.00 ns, 26.7747 ms/op
WorkloadResult   9: 32 op, 851931232.00 ns, 26.6229 ms/op
WorkloadResult  10: 32 op, 860092129.00 ns, 26.8779 ms/op
WorkloadResult  11: 32 op, 861450293.00 ns, 26.9203 ms/op
WorkloadResult  12: 32 op, 861162223.00 ns, 26.9113 ms/op
WorkloadResult  13: 32 op, 854091937.00 ns, 26.6904 ms/op
WorkloadResult  14: 32 op, 857687788.00 ns, 26.8027 ms/op
// GC:  2 2 2 32599056 32
// Threading:  938 7 32

// AfterAll
// Benchmark Process 1129775 has exited with code 0.

Mean = 26.821 ms, StdErr = 0.026 ms (0.10%), N = 14, StdDev = 0.098 ms
Min = 26.623 ms, Q1 = 26.782 ms, Median = 26.833 ms, Q3 = 26.903 ms, Max = 26.938 ms
IQR = 0.121 ms, LowerFence = 26.600 ms, UpperFence = 27.085 ms
ConfidenceInterval = [26.710 ms; 26.932 ms] (CI 99.9%), Margin = 0.111 ms (0.41% of Mean)
Skewness = -0.58, Kurtosis = 2.05, MValue = 2

// ** Remained 11 (22.0%) benchmark(s) to run. Estimated finish 2026-01-01 4:14 (0h 2m from now) **
// **************************
// Benchmark: Sorting.Sort_Kahn: DefaultJob [NumItems=5000, GraphType=Independent]
// *** Execute ***
// Launch: 1 / 1
// Execute: dotnet NexusMods.Benchmarks-DefaultJob-2.dll --anonymousPipes 122 144 --benchmarkName "NexusMods.Benchmarks.Benchmarks.Sorting.Sort_Kahn(NumItems: 5000, GraphType: Independent)" --job Default --benchmarkId 39 in /home/ryang/nexus-app/benchmarks/NexusMods.Benchmarks/bin/Release/net9.0/NexusMods.Benchmarks-DefaultJob-2/bin/Release/net9.0
// Failed to set up high priority (Permission denied). In order to run benchmarks with high priority, make sure you have the right permissions.
// BeforeAnythingElse

// Benchmark Process Environment Information:
// BenchmarkDotNet v0.15.2
// Runtime=.NET 9.0.11 (9.0.1125.51716), X64 RyuJIT AVX-512F+CD+BW+DQ+VL+VBMI
// GC=Concurrent Workstation
// HardwareIntrinsics=AVX-512F+CD+BW+DQ+VL+VBMI,AES,BMI1,BMI2,FMA,LZCNT,PCLMUL,POPCNT,AvxVnni VectorSize=256
// Job: DefaultJob

OverheadJitting  1: 1 op, 150438.00 ns, 150.4380 us/op
WorkloadJitting  1: 1 op, 4656402.00 ns, 4.6564 ms/op

OverheadJitting  2: 16 op, 338348.00 ns, 21.1468 us/op
WorkloadJitting  2: 16 op, 6742970.00 ns, 421.4356 us/op

WorkloadPilot    1: 16 op, 3462375.00 ns, 216.3984 us/op
WorkloadPilot    2: 32 op, 7366234.00 ns, 230.1948 us/op
WorkloadPilot    3: 64 op, 12225585.00 ns, 191.0248 us/op
WorkloadPilot    4: 128 op, 23764216.00 ns, 185.6579 us/op
WorkloadPilot    5: 256 op, 47917606.00 ns, 187.1781 us/op
WorkloadPilot    6: 512 op, 95485443.00 ns, 186.4950 us/op
WorkloadPilot    7: 1024 op, 183070637.00 ns, 178.7799 us/op
WorkloadPilot    8: 2048 op, 345874801.00 ns, 168.8842 us/op
WorkloadPilot    9: 4096 op, 694462651.00 ns, 169.5465 us/op

OverheadWarmup   1: 4096 op, 9708.00 ns, 2.3701 ns/op
OverheadWarmup   2: 4096 op, 8126.00 ns, 1.9839 ns/op
OverheadWarmup   3: 4096 op, 8035.00 ns, 1.9617 ns/op
OverheadWarmup   4: 4096 op, 8026.00 ns, 1.9595 ns/op
OverheadWarmup   5: 4096 op, 8086.00 ns, 1.9741 ns/op
OverheadWarmup   6: 4096 op, 8075.00 ns, 1.9714 ns/op
OverheadWarmup   7: 4096 op, 8046.00 ns, 1.9644 ns/op
OverheadWarmup   8: 4096 op, 8066.00 ns, 1.9692 ns/op
OverheadWarmup   9: 4096 op, 8035.00 ns, 1.9617 ns/op

OverheadActual   1: 4096 op, 8396.00 ns, 2.0498 ns/op
OverheadActual   2: 4096 op, 8406.00 ns, 2.0522 ns/op
OverheadActual   3: 4096 op, 8305.00 ns, 2.0276 ns/op
OverheadActual   4: 4096 op, 8246.00 ns, 2.0132 ns/op
OverheadActual   5: 4096 op, 8326.00 ns, 2.0327 ns/op
OverheadActual   6: 4096 op, 8146.00 ns, 1.9888 ns/op
OverheadActual   7: 4096 op, 8076.00 ns, 1.9717 ns/op
OverheadActual   8: 4096 op, 8346.00 ns, 2.0376 ns/op
OverheadActual   9: 4096 op, 8045.00 ns, 1.9641 ns/op
OverheadActual  10: 4096 op, 8045.00 ns, 1.9641 ns/op
OverheadActual  11: 4096 op, 8025.00 ns, 1.9592 ns/op
OverheadActual  12: 4096 op, 8025.00 ns, 1.9592 ns/op
OverheadActual  13: 4096 op, 8036.00 ns, 1.9619 ns/op
OverheadActual  14: 4096 op, 8046.00 ns, 1.9644 ns/op
OverheadActual  15: 4096 op, 8025.00 ns, 1.9592 ns/op

OverheadWarmup   1: 4096 op, 8366.00 ns, 2.0425 ns/op
OverheadWarmup   2: 4096 op, 8006.00 ns, 1.9546 ns/op
OverheadWarmup   3: 4096 op, 8125.00 ns, 1.9836 ns/op
OverheadWarmup   4: 4096 op, 10349.00 ns, 2.5266 ns/op
OverheadWarmup   5: 4096 op, 13757.00 ns, 3.3586 ns/op
OverheadWarmup   6: 4096 op, 13456.00 ns, 3.2852 ns/op
OverheadWarmup   7: 4096 op, 13656.00 ns, 3.3340 ns/op
OverheadWarmup   8: 4096 op, 13546.00 ns, 3.3071 ns/op

// BeforeActualRun
WorkloadActual   1: 4096 op, 703087278.00 ns, 171.6522 us/op
WorkloadActual   2: 4096 op, 644092166.00 ns, 157.2491 us/op
WorkloadActual   3: 4096 op, 645671683.00 ns, 157.6347 us/op
WorkloadActual   4: 4096 op, 648701550.00 ns, 158.3744 us/op
WorkloadActual   5: 4096 op, 640529954.00 ns, 156.3794 us/op
WorkloadActual   6: 4096 op, 644571348.00 ns, 157.3661 us/op
WorkloadActual   7: 4096 op, 645813348.00 ns, 157.6693 us/op
WorkloadActual   8: 4096 op, 641931201.00 ns, 156.7215 us/op
WorkloadActual   9: 4096 op, 644851397.00 ns, 157.4344 us/op
WorkloadActual  10: 4096 op, 647500444.00 ns, 158.0812 us/op
WorkloadActual  11: 4096 op, 649034173.00 ns, 158.4556 us/op
WorkloadActual  12: 4096 op, 643195847.00 ns, 157.0302 us/op
WorkloadActual  13: 4096 op, 643253849.00 ns, 157.0444 us/op
WorkloadActual  14: 4096 op, 645492969.00 ns, 157.5911 us/op
WorkloadActual  15: 4096 op, 642010668.00 ns, 156.7409 us/op

// AfterActualRun
WorkloadResult   1: 4096 op, 644084090.00 ns, 157.2471 us/op
WorkloadResult   2: 4096 op, 645663607.00 ns, 157.6327 us/op
WorkloadResult   3: 4096 op, 648693474.00 ns, 158.3724 us/op
WorkloadResult   4: 4096 op, 640521878.00 ns, 156.3774 us/op
WorkloadResult   5: 4096 op, 644563272.00 ns, 157.3641 us/op
WorkloadResult   6: 4096 op, 645805272.00 ns, 157.6673 us/op
WorkloadResult   7: 4096 op, 641923125.00 ns, 156.7195 us/op
WorkloadResult   8: 4096 op, 644843321.00 ns, 157.4325 us/op
WorkloadResult   9: 4096 op, 647492368.00 ns, 158.0792 us/op
WorkloadResult  10: 4096 op, 649026097.00 ns, 158.4536 us/op
WorkloadResult  11: 4096 op, 643187771.00 ns, 157.0283 us/op
WorkloadResult  12: 4096 op, 643245773.00 ns, 157.0424 us/op
WorkloadResult  13: 4096 op, 645484893.00 ns, 157.5891 us/op
WorkloadResult  14: 4096 op, 642002592.00 ns, 156.7389 us/op
// GC:  178 178 178 2374816576 4096
// Threading:  0 0 4096

// AfterAll
// Benchmark Process 1129884 has exited with code 0.

Mean = 157.410 μs, StdErr = 0.164 μs (0.10%), N = 14, StdDev = 0.615 μs
Min = 156.377 μs, Q1 = 157.032 μs, Median = 157.398 μs, Q3 = 157.659 μs, Max = 158.454 μs
IQR = 0.627 μs, LowerFence = 156.092 μs, UpperFence = 158.599 μs
ConfidenceInterval = [156.717 μs; 158.104 μs] (CI 99.9%), Margin = 0.694 μs (0.44% of Mean)
Skewness = 0.16, Kurtosis = 1.93, MValue = 2

// ** Remained 10 (20.0%) benchmark(s) to run. Estimated finish 2026-01-01 4:14 (0h 2m from now) **
// **************************
// Benchmark: Sorting.Sort_Original: DefaultJob [NumItems=10000, GraphType=Complex]
// *** Execute ***
// Launch: 1 / 1
// Execute: dotnet NexusMods.Benchmarks-DefaultJob-2.dll --anonymousPipes 122 144 --benchmarkName "NexusMods.Benchmarks.Benchmarks.Sorting.Sort_Original(NumItems: 10000, GraphType: Complex)" --job Default --benchmarkId 40 in /home/ryang/nexus-app/benchmarks/NexusMods.Benchmarks/bin/Release/net9.0/NexusMods.Benchmarks-DefaultJob-2/bin/Release/net9.0
// Failed to set up high priority (Permission denied). In order to run benchmarks with high priority, make sure you have the right permissions.
// BeforeAnythingElse

// Benchmark Process Environment Information:
// BenchmarkDotNet v0.15.2
// Runtime=.NET 9.0.11 (9.0.1125.51716), X64 RyuJIT AVX-512F+CD+BW+DQ+VL+VBMI
// GC=Concurrent Workstation
// HardwareIntrinsics=AVX-512F+CD+BW+DQ+VL+VBMI,AES,BMI1,BMI2,FMA,LZCNT,PCLMUL,POPCNT,AvxVnni VectorSize=256
// Job: DefaultJob

OverheadJitting  1: 1 op, 153554.00 ns, 153.5540 us/op
WorkloadJitting  1: 1 op, 818108129.00 ns, 818.1081 ms/op

OverheadJitting  2: 1 op, 251.00 ns, 251.0000 ns/op
WorkloadJitting  2: 1 op, 736149264.00 ns, 736.1493 ms/op

OverheadWarmup   1: 1 op, 451.00 ns, 451.0000 ns/op
OverheadWarmup   2: 1 op, 201.00 ns, 201.0000 ns/op
OverheadWarmup   3: 1 op, 90.00 ns, 90.0000 ns/op
OverheadWarmup   4: 1 op, 90.00 ns, 90.0000 ns/op
OverheadWarmup   5: 1 op, 50.00 ns, 50.0000 ns/op
OverheadWarmup   6: 1 op, 80.00 ns, 80.0000 ns/op
OverheadWarmup   7: 1 op, 140.00 ns, 140.0000 ns/op
OverheadWarmup   8: 1 op, 120.00 ns, 120.0000 ns/op

// BeforeActualRun
WorkloadActual   1: 1 op, 577533032.00 ns, 577.5330 ms/op
WorkloadActual   2: 1 op, 586182918.00 ns, 586.1829 ms/op
WorkloadActual   3: 1 op, 555097213.00 ns, 555.0972 ms/op
WorkloadActual   4: 1 op, 571977709.00 ns, 571.9777 ms/op
WorkloadActual   5: 1 op, 551375393.00 ns, 551.3754 ms/op
WorkloadActual   6: 1 op, 590232047.00 ns, 590.2320 ms/op
WorkloadActual   7: 1 op, 532283250.00 ns, 532.2833 ms/op
WorkloadActual   8: 1 op, 538138791.00 ns, 538.1388 ms/op
WorkloadActual   9: 1 op, 574659440.00 ns, 574.6594 ms/op
WorkloadActual  10: 1 op, 587349848.00 ns, 587.3498 ms/op
WorkloadActual  11: 1 op, 565293445.00 ns, 565.2934 ms/op
WorkloadActual  12: 1 op, 542458230.00 ns, 542.4582 ms/op
WorkloadActual  13: 1 op, 552225897.00 ns, 552.2259 ms/op
WorkloadActual  14: 1 op, 555612316.00 ns, 555.6123 ms/op
WorkloadActual  15: 1 op, 574812367.00 ns, 574.8124 ms/op
WorkloadActual  16: 1 op, 566760098.00 ns, 566.7601 ms/op
WorkloadActual  17: 1 op, 535044777.00 ns, 535.0448 ms/op
WorkloadActual  18: 1 op, 580006221.00 ns, 580.0062 ms/op
WorkloadActual  19: 1 op, 581358703.00 ns, 581.3587 ms/op
WorkloadActual  20: 1 op, 566279329.00 ns, 566.2793 ms/op
WorkloadActual  21: 1 op, 581553898.00 ns, 581.5539 ms/op
WorkloadActual  22: 1 op, 570258054.00 ns, 570.2581 ms/op
WorkloadActual  23: 1 op, 547490979.00 ns, 547.4910 ms/op
WorkloadActual  24: 1 op, 548735525.00 ns, 548.7355 ms/op
WorkloadActual  25: 1 op, 584717713.00 ns, 584.7177 ms/op
WorkloadActual  26: 1 op, 560764425.00 ns, 560.7644 ms/op
WorkloadActual  27: 1 op, 537368625.00 ns, 537.3686 ms/op
WorkloadActual  28: 1 op, 550200934.00 ns, 550.2009 ms/op
WorkloadActual  29: 1 op, 584449541.00 ns, 584.4495 ms/op
WorkloadActual  30: 1 op, 545648282.00 ns, 545.6483 ms/op
WorkloadActual  31: 1 op, 555156331.00 ns, 555.1563 ms/op
WorkloadActual  32: 1 op, 539062744.00 ns, 539.0627 ms/op
WorkloadActual  33: 1 op, 539199036.00 ns, 539.1990 ms/op
WorkloadActual  34: 1 op, 584397284.00 ns, 584.3973 ms/op

// AfterActualRun
WorkloadResult   1: 1 op, 577533032.00 ns, 577.5330 ms/op
WorkloadResult   2: 1 op, 586182918.00 ns, 586.1829 ms/op
WorkloadResult   3: 1 op, 555097213.00 ns, 555.0972 ms/op
WorkloadResult   4: 1 op, 571977709.00 ns, 571.9777 ms/op
WorkloadResult   5: 1 op, 551375393.00 ns, 551.3754 ms/op
WorkloadResult   6: 1 op, 590232047.00 ns, 590.2320 ms/op
WorkloadResult   7: 1 op, 532283250.00 ns, 532.2833 ms/op
WorkloadResult   8: 1 op, 538138791.00 ns, 538.1388 ms/op
WorkloadResult   9: 1 op, 574659440.00 ns, 574.6594 ms/op
WorkloadResult  10: 1 op, 587349848.00 ns, 587.3498 ms/op
WorkloadResult  11: 1 op, 565293445.00 ns, 565.2934 ms/op
WorkloadResult  12: 1 op, 542458230.00 ns, 542.4582 ms/op
WorkloadResult  13: 1 op, 552225897.00 ns, 552.2259 ms/op
WorkloadResult  14: 1 op, 555612316.00 ns, 555.6123 ms/op
WorkloadResult  15: 1 op, 574812367.00 ns, 574.8124 ms/op
WorkloadResult  16: 1 op, 566760098.00 ns, 566.7601 ms/op
WorkloadResult  17: 1 op, 535044777.00 ns, 535.0448 ms/op
WorkloadResult  18: 1 op, 580006221.00 ns, 580.0062 ms/op
WorkloadResult  19: 1 op, 581358703.00 ns, 581.3587 ms/op
WorkloadResult  20: 1 op, 566279329.00 ns, 566.2793 ms/op
WorkloadResult  21: 1 op, 581553898.00 ns, 581.5539 ms/op
WorkloadResult  22: 1 op, 570258054.00 ns, 570.2581 ms/op
WorkloadResult  23: 1 op, 547490979.00 ns, 547.4910 ms/op
WorkloadResult  24: 1 op, 548735525.00 ns, 548.7355 ms/op
WorkloadResult  25: 1 op, 584717713.00 ns, 584.7177 ms/op
WorkloadResult  26: 1 op, 560764425.00 ns, 560.7644 ms/op
WorkloadResult  27: 1 op, 537368625.00 ns, 537.3686 ms/op
WorkloadResult  28: 1 op, 550200934.00 ns, 550.2009 ms/op
WorkloadResult  29: 1 op, 584449541.00 ns, 584.4495 ms/op
WorkloadResult  30: 1 op, 545648282.00 ns, 545.6483 ms/op
WorkloadResult  31: 1 op, 555156331.00 ns, 555.1563 ms/op
WorkloadResult  32: 1 op, 539062744.00 ns, 539.0627 ms/op
WorkloadResult  33: 1 op, 539199036.00 ns, 539.1990 ms/op
WorkloadResult  34: 1 op, 584397284.00 ns, 584.3973 ms/op
// GC:  0 0 0 47141416 1
// Threading:  57340 17 1

// AfterAll
// Benchmark Process 1129945 has exited with code 0.

Mean = 562.167 ms, StdErr = 3.097 ms (0.55%), N = 34, StdDev = 18.060 ms
Min = 532.283 ms, Q1 = 547.802 ms, Median = 563.029 ms, Q3 = 579.388 ms, Max = 590.232 ms
IQR = 31.586 ms, LowerFence = 500.423 ms, UpperFence = 626.767 ms
ConfidenceInterval = [550.983 ms; 573.351 ms] (CI 99.9%), Margin = 11.184 ms (1.99% of Mean)
Skewness = -0.04, Kurtosis = 1.54, MValue = 2.67

// ** Remained 9 (18.0%) benchmark(s) to run. Estimated finish 2026-01-01 4:14 (0h 2m from now) **
// **************************
// Benchmark: Sorting.Sort_Kahn: DefaultJob [NumItems=10000, GraphType=Complex]
// *** Execute ***
// Launch: 1 / 1
// Execute: dotnet NexusMods.Benchmarks-DefaultJob-2.dll --anonymousPipes 122 144 --benchmarkName "NexusMods.Benchmarks.Benchmarks.Sorting.Sort_Kahn(NumItems: 10000, GraphType: Complex)" --job Default --benchmarkId 41 in /home/ryang/nexus-app/benchmarks/NexusMods.Benchmarks/bin/Release/net9.0/NexusMods.Benchmarks-DefaultJob-2/bin/Release/net9.0
// Failed to set up high priority (Permission denied). In order to run benchmarks with high priority, make sure you have the right permissions.
// BeforeAnythingElse

// Benchmark Process Environment Information:
// BenchmarkDotNet v0.15.2
// Runtime=.NET 9.0.11 (9.0.1125.51716), X64 RyuJIT AVX-512F+CD+BW+DQ+VL+VBMI
// GC=Concurrent Workstation
// HardwareIntrinsics=AVX-512F+CD+BW+DQ+VL+VBMI,AES,BMI1,BMI2,FMA,LZCNT,PCLMUL,POPCNT,AvxVnni VectorSize=256
// Job: DefaultJob

OverheadJitting  1: 1 op, 152682.00 ns, 152.6820 us/op
WorkloadJitting  1: 1 op, 5627433.00 ns, 5.6274 ms/op

OverheadJitting  2: 16 op, 341474.00 ns, 21.3421 us/op
WorkloadJitting  2: 16 op, 24340902.00 ns, 1.5213 ms/op

WorkloadPilot    1: 16 op, 21634706.00 ns, 1.3522 ms/op
WorkloadPilot    2: 32 op, 41934083.00 ns, 1.3104 ms/op
WorkloadPilot    3: 64 op, 81512985.00 ns, 1.2736 ms/op
WorkloadPilot    4: 128 op, 157890579.00 ns, 1.2335 ms/op
WorkloadPilot    5: 256 op, 295818514.00 ns, 1.1555 ms/op
WorkloadPilot    6: 512 op, 574865492.00 ns, 1.1228 ms/op

OverheadWarmup   1: 512 op, 2505.00 ns, 4.8926 ns/op
OverheadWarmup   2: 512 op, 1192.00 ns, 2.3281 ns/op
OverheadWarmup   3: 512 op, 1122.00 ns, 2.1914 ns/op
OverheadWarmup   4: 512 op, 1082.00 ns, 2.1133 ns/op
OverheadWarmup   5: 512 op, 1152.00 ns, 2.2500 ns/op
OverheadWarmup   6: 512 op, 1122.00 ns, 2.1914 ns/op
OverheadWarmup   7: 512 op, 1132.00 ns, 2.2109 ns/op
OverheadWarmup   8: 512 op, 1092.00 ns, 2.1328 ns/op

OverheadActual   1: 512 op, 1443.00 ns, 2.8184 ns/op
OverheadActual   2: 512 op, 1463.00 ns, 2.8574 ns/op
OverheadActual   3: 512 op, 1413.00 ns, 2.7598 ns/op
OverheadActual   4: 512 op, 1342.00 ns, 2.6211 ns/op
OverheadActual   5: 512 op, 1383.00 ns, 2.7012 ns/op
OverheadActual   6: 512 op, 1142.00 ns, 2.2305 ns/op
OverheadActual   7: 512 op, 1132.00 ns, 2.2109 ns/op
OverheadActual   8: 512 op, 1102.00 ns, 2.1523 ns/op
OverheadActual   9: 512 op, 1082.00 ns, 2.1133 ns/op
OverheadActual  10: 512 op, 1103.00 ns, 2.1543 ns/op
OverheadActual  11: 512 op, 1102.00 ns, 2.1523 ns/op
OverheadActual  12: 512 op, 1103.00 ns, 2.1543 ns/op
OverheadActual  13: 512 op, 1102.00 ns, 2.1523 ns/op
OverheadActual  14: 512 op, 1082.00 ns, 2.1133 ns/op
OverheadActual  15: 512 op, 1103.00 ns, 2.1543 ns/op
OverheadActual  16: 512 op, 1112.00 ns, 2.1719 ns/op
OverheadActual  17: 512 op, 1102.00 ns, 2.1523 ns/op
OverheadActual  18: 512 op, 1423.00 ns, 2.7793 ns/op
OverheadActual  19: 512 op, 1132.00 ns, 2.2109 ns/op
OverheadActual  20: 512 op, 1142.00 ns, 2.2305 ns/op

OverheadWarmup   1: 512 op, 1403.00 ns, 2.7402 ns/op
OverheadWarmup   2: 512 op, 1172.00 ns, 2.2891 ns/op
OverheadWarmup   3: 512 op, 1052.00 ns, 2.0547 ns/op
OverheadWarmup   4: 512 op, 1112.00 ns, 2.1719 ns/op
OverheadWarmup   5: 512 op, 1072.00 ns, 2.0938 ns/op
OverheadWarmup   6: 512 op, 1073.00 ns, 2.0957 ns/op
OverheadWarmup   7: 512 op, 1072.00 ns, 2.0938 ns/op

// BeforeActualRun
WorkloadActual   1: 512 op, 577271803.00 ns, 1.1275 ms/op
WorkloadActual   2: 512 op, 587000256.00 ns, 1.1465 ms/op
WorkloadActual   3: 512 op, 584633200.00 ns, 1.1419 ms/op
WorkloadActual   4: 512 op, 590568514.00 ns, 1.1535 ms/op
WorkloadActual   5: 512 op, 583248939.00 ns, 1.1392 ms/op
WorkloadActual   6: 512 op, 582426854.00 ns, 1.1376 ms/op
WorkloadActual   7: 512 op, 583411993.00 ns, 1.1395 ms/op
WorkloadActual   8: 512 op, 588981565.00 ns, 1.1504 ms/op
WorkloadActual   9: 512 op, 584364158.00 ns, 1.1413 ms/op
WorkloadActual  10: 512 op, 584881650.00 ns, 1.1423 ms/op
WorkloadActual  11: 512 op, 587138596.00 ns, 1.1468 ms/op
WorkloadActual  12: 512 op, 590289534.00 ns, 1.1529 ms/op
WorkloadActual  13: 512 op, 584412793.00 ns, 1.1414 ms/op
WorkloadActual  14: 512 op, 582476825.00 ns, 1.1377 ms/op
WorkloadActual  15: 512 op, 581664579.00 ns, 1.1361 ms/op

// AfterActualRun
WorkloadResult   1: 512 op, 577270681.00 ns, 1.1275 ms/op
WorkloadResult   2: 512 op, 586999134.00 ns, 1.1465 ms/op
WorkloadResult   3: 512 op, 584632078.00 ns, 1.1419 ms/op
WorkloadResult   4: 512 op, 590567392.00 ns, 1.1535 ms/op
WorkloadResult   5: 512 op, 583247817.00 ns, 1.1392 ms/op
WorkloadResult   6: 512 op, 582425732.00 ns, 1.1376 ms/op
WorkloadResult   7: 512 op, 583410871.00 ns, 1.1395 ms/op
WorkloadResult   8: 512 op, 588980443.00 ns, 1.1504 ms/op
WorkloadResult   9: 512 op, 584363036.00 ns, 1.1413 ms/op
WorkloadResult  10: 512 op, 584880528.00 ns, 1.1423 ms/op
WorkloadResult  11: 512 op, 587137474.00 ns, 1.1468 ms/op
WorkloadResult  12: 512 op, 590288412.00 ns, 1.1529 ms/op
WorkloadResult  13: 512 op, 584411671.00 ns, 1.1414 ms/op
WorkloadResult  14: 512 op, 582475703.00 ns, 1.1376 ms/op
WorkloadResult  15: 512 op, 581663457.00 ns, 1.1361 ms/op
// GC:  39 39 39 777042320 512
// Threading:  0 0 512

// AfterAll
// Benchmark Process 1130082 has exited with code 0.

Mean = 1.142 ms, StdErr = 0.002 ms (0.16%), N = 15, StdDev = 0.007 ms
Min = 1.127 ms, Q1 = 1.138 ms, Median = 1.141 ms, Q3 = 1.147 ms, Max = 1.153 ms
IQR = 0.008 ms, LowerFence = 1.126 ms, UpperFence = 1.159 ms
ConfidenceInterval = [1.135 ms; 1.150 ms] (CI 99.9%), Margin = 0.007 ms (0.64% of Mean)
Skewness = -0.1, Kurtosis = 2.5, MValue = 2

// ** Remained 8 (16.0%) benchmark(s) to run. Estimated finish 2026-01-01 4:14 (0h 1m from now) **
// **************************
// Benchmark: Sorting.Sort_Original: DefaultJob [NumItems=10000, GraphType=Random]
// *** Execute ***
// Launch: 1 / 1
// Execute: dotnet NexusMods.Benchmarks-DefaultJob-2.dll --anonymousPipes 122 144 --benchmarkName "NexusMods.Benchmarks.Benchmarks.Sorting.Sort_Original(NumItems: 10000, GraphType: Random)" --job Default --benchmarkId 42 in /home/ryang/nexus-app/benchmarks/NexusMods.Benchmarks/bin/Release/net9.0/NexusMods.Benchmarks-DefaultJob-2/bin/Release/net9.0
// Failed to set up high priority (Permission denied). In order to run benchmarks with high priority, make sure you have the right permissions.
// BeforeAnythingElse

// Benchmark Process Environment Information:
// BenchmarkDotNet v0.15.2
// Runtime=.NET 9.0.11 (9.0.1125.51716), X64 RyuJIT AVX-512F+CD+BW+DQ+VL+VBMI
// GC=Concurrent Workstation
// HardwareIntrinsics=AVX-512F+CD+BW+DQ+VL+VBMI,AES,BMI1,BMI2,FMA,LZCNT,PCLMUL,POPCNT,AvxVnni VectorSize=256
// Job: DefaultJob

OverheadJitting  1: 1 op, 148835.00 ns, 148.8350 us/op
WorkloadJitting  1: 1 op, 275909499.00 ns, 275.9095 ms/op

WorkloadPilot    1: 2 op, 498220264.00 ns, 249.1101 ms/op
WorkloadPilot    2: 3 op, 681902047.00 ns, 227.3007 ms/op

OverheadWarmup   1: 3 op, 401.00 ns, 133.6667 ns/op
OverheadWarmup   2: 3 op, 60.00 ns, 20.0000 ns/op
OverheadWarmup   3: 3 op, 30.00 ns, 10.0000 ns/op
OverheadWarmup   4: 3 op, 40.00 ns, 13.3333 ns/op
OverheadWarmup   5: 3 op, 40.00 ns, 13.3333 ns/op
OverheadWarmup   6: 3 op, 230.00 ns, 76.6667 ns/op
OverheadWarmup   7: 3 op, 70.00 ns, 23.3333 ns/op

// BeforeActualRun
WorkloadActual   1: 3 op, 690132097.00 ns, 230.0440 ms/op
WorkloadActual   2: 3 op, 680409448.00 ns, 226.8031 ms/op
WorkloadActual   3: 3 op, 649213971.00 ns, 216.4047 ms/op
WorkloadActual   4: 3 op, 660729538.00 ns, 220.2432 ms/op
WorkloadActual   5: 3 op, 680432574.00 ns, 226.8109 ms/op
WorkloadActual   6: 3 op, 674576474.00 ns, 224.8588 ms/op
WorkloadActual   7: 3 op, 667047427.00 ns, 222.3491 ms/op
WorkloadActual   8: 3 op, 690473438.00 ns, 230.1578 ms/op
WorkloadActual   9: 3 op, 682348468.00 ns, 227.4495 ms/op
WorkloadActual  10: 3 op, 653770478.00 ns, 217.9235 ms/op
WorkloadActual  11: 3 op, 676207803.00 ns, 225.4026 ms/op
WorkloadActual  12: 3 op, 669937449.00 ns, 223.3125 ms/op
WorkloadActual  13: 3 op, 669943230.00 ns, 223.3144 ms/op
WorkloadActual  14: 3 op, 687661123.00 ns, 229.2204 ms/op
WorkloadActual  15: 3 op, 684236141.00 ns, 228.0787 ms/op
WorkloadActual  16: 3 op, 633328831.00 ns, 211.1096 ms/op
WorkloadActual  17: 3 op, 668348729.00 ns, 222.7829 ms/op
WorkloadActual  18: 3 op, 659628629.00 ns, 219.8762 ms/op
WorkloadActual  19: 3 op, 659247640.00 ns, 219.7492 ms/op
WorkloadActual  20: 3 op, 674921545.00 ns, 224.9738 ms/op

// AfterActualRun
WorkloadResult   1: 3 op, 690132097.00 ns, 230.0440 ms/op
WorkloadResult   2: 3 op, 680409448.00 ns, 226.8031 ms/op
WorkloadResult   3: 3 op, 649213971.00 ns, 216.4047 ms/op
WorkloadResult   4: 3 op, 660729538.00 ns, 220.2432 ms/op
WorkloadResult   5: 3 op, 680432574.00 ns, 226.8109 ms/op
WorkloadResult   6: 3 op, 674576474.00 ns, 224.8588 ms/op
WorkloadResult   7: 3 op, 667047427.00 ns, 222.3491 ms/op
WorkloadResult   8: 3 op, 690473438.00 ns, 230.1578 ms/op
WorkloadResult   9: 3 op, 682348468.00 ns, 227.4495 ms/op
WorkloadResult  10: 3 op, 653770478.00 ns, 217.9235 ms/op
WorkloadResult  11: 3 op, 676207803.00 ns, 225.4026 ms/op
WorkloadResult  12: 3 op, 669937449.00 ns, 223.3125 ms/op
WorkloadResult  13: 3 op, 669943230.00 ns, 223.3144 ms/op
WorkloadResult  14: 3 op, 687661123.00 ns, 229.2204 ms/op
WorkloadResult  15: 3 op, 684236141.00 ns, 228.0787 ms/op
WorkloadResult  16: 3 op, 633328831.00 ns, 211.1096 ms/op
WorkloadResult  17: 3 op, 668348729.00 ns, 222.7829 ms/op
WorkloadResult  18: 3 op, 659628629.00 ns, 219.8762 ms/op
WorkloadResult  19: 3 op, 659247640.00 ns, 219.7492 ms/op
WorkloadResult  20: 3 op, 674921545.00 ns, 224.9738 ms/op
// GC:  1 1 1 14510568 3
// Threading:  472 6 3

// AfterAll
// Benchmark Process 1130132 has exited with code 0.

Mean = 223.543 ms, StdErr = 1.101 ms (0.49%), N = 20, StdDev = 4.924 ms
Min = 211.110 ms, Q1 = 220.151 ms, Median = 224.087 ms, Q3 = 226.971 ms, Max = 230.158 ms
IQR = 6.819 ms, LowerFence = 209.923 ms, UpperFence = 237.199 ms
ConfidenceInterval = [219.268 ms; 227.819 ms] (CI 99.9%), Margin = 4.275 ms (1.91% of Mean)
Skewness = -0.68, Kurtosis = 2.86, MValue = 2

// ** Remained 7 (14.0%) benchmark(s) to run. Estimated finish 2026-01-01 4:14 (0h 1m from now) **
// **************************
// Benchmark: Sorting.Sort_Kahn: DefaultJob [NumItems=10000, GraphType=Random]
// *** Execute ***
// Launch: 1 / 1
// Execute: dotnet NexusMods.Benchmarks-DefaultJob-2.dll --anonymousPipes 122 144 --benchmarkName "NexusMods.Benchmarks.Benchmarks.Sorting.Sort_Kahn(NumItems: 10000, GraphType: Random)" --job Default --benchmarkId 43 in /home/ryang/nexus-app/benchmarks/NexusMods.Benchmarks/bin/Release/net9.0/NexusMods.Benchmarks-DefaultJob-2/bin/Release/net9.0
// Failed to set up high priority (Permission denied). In order to run benchmarks with high priority, make sure you have the right permissions.
// BeforeAnythingElse

// Benchmark Process Environment Information:
// BenchmarkDotNet v0.15.2
// Runtime=.NET 9.0.11 (9.0.1125.51716), X64 RyuJIT AVX-512F+CD+BW+DQ+VL+VBMI
// GC=Concurrent Workstation
// HardwareIntrinsics=AVX-512F+CD+BW+DQ+VL+VBMI,AES,BMI1,BMI2,FMA,LZCNT,PCLMUL,POPCNT,AvxVnni VectorSize=256
// Job: DefaultJob

OverheadJitting  1: 1 op, 145589.00 ns, 145.5890 us/op
WorkloadJitting  1: 1 op, 5576746.00 ns, 5.5767 ms/op

OverheadJitting  2: 16 op, 339240.00 ns, 21.2025 us/op
WorkloadJitting  2: 16 op, 20142678.00 ns, 1.2589 ms/op

WorkloadPilot    1: 16 op, 19155196.00 ns, 1.1972 ms/op
WorkloadPilot    2: 32 op, 36134071.00 ns, 1.1292 ms/op
WorkloadPilot    3: 64 op, 71900728.00 ns, 1.1234 ms/op
WorkloadPilot    4: 128 op, 142288598.00 ns, 1.1116 ms/op
WorkloadPilot    5: 256 op, 268851611.00 ns, 1.0502 ms/op
WorkloadPilot    6: 512 op, 526209751.00 ns, 1.0278 ms/op

OverheadWarmup   1: 512 op, 2345.00 ns, 4.5801 ns/op
OverheadWarmup   2: 512 op, 1222.00 ns, 2.3867 ns/op
OverheadWarmup   3: 512 op, 1233.00 ns, 2.4082 ns/op
OverheadWarmup   4: 512 op, 1172.00 ns, 2.2891 ns/op
OverheadWarmup   5: 512 op, 1253.00 ns, 2.4473 ns/op
OverheadWarmup   6: 512 op, 1162.00 ns, 2.2695 ns/op

OverheadActual   1: 512 op, 1443.00 ns, 2.8184 ns/op
OverheadActual   2: 512 op, 1463.00 ns, 2.8574 ns/op
OverheadActual   3: 512 op, 1463.00 ns, 2.8574 ns/op
OverheadActual   4: 512 op, 1192.00 ns, 2.3281 ns/op
OverheadActual   5: 512 op, 1403.00 ns, 2.7402 ns/op
OverheadActual   6: 512 op, 1183.00 ns, 2.3105 ns/op
OverheadActual   7: 512 op, 1112.00 ns, 2.1719 ns/op
OverheadActual   8: 512 op, 1122.00 ns, 2.1914 ns/op
OverheadActual   9: 512 op, 1052.00 ns, 2.0547 ns/op
OverheadActual  10: 512 op, 1072.00 ns, 2.0938 ns/op
OverheadActual  11: 512 op, 1092.00 ns, 2.1328 ns/op
OverheadActual  12: 512 op, 1102.00 ns, 2.1523 ns/op
OverheadActual  13: 512 op, 1092.00 ns, 2.1328 ns/op
OverheadActual  14: 512 op, 1092.00 ns, 2.1328 ns/op
OverheadActual  15: 512 op, 1082.00 ns, 2.1133 ns/op
OverheadActual  16: 512 op, 1082.00 ns, 2.1133 ns/op
OverheadActual  17: 512 op, 1052.00 ns, 2.0547 ns/op

OverheadWarmup   1: 512 op, 1412.00 ns, 2.7578 ns/op
OverheadWarmup   2: 512 op, 1143.00 ns, 2.2324 ns/op
OverheadWarmup   3: 512 op, 1092.00 ns, 2.1328 ns/op
OverheadWarmup   4: 512 op, 1072.00 ns, 2.0938 ns/op
OverheadWarmup   5: 512 op, 1082.00 ns, 2.1133 ns/op
OverheadWarmup   6: 512 op, 1082.00 ns, 2.1133 ns/op
OverheadWarmup   7: 512 op, 1082.00 ns, 2.1133 ns/op
OverheadWarmup   8: 512 op, 1102.00 ns, 2.1523 ns/op

// BeforeActualRun
WorkloadActual   1: 512 op, 520299746.00 ns, 1.0162 ms/op
WorkloadActual   2: 512 op, 509436010.00 ns, 994.9922 us/op
WorkloadActual   3: 512 op, 510020320.00 ns, 996.1334 us/op
WorkloadActual   4: 512 op, 510260891.00 ns, 996.6033 us/op
WorkloadActual   5: 512 op, 509184007.00 ns, 994.5000 us/op
WorkloadActual   6: 512 op, 509479755.00 ns, 995.0776 us/op
WorkloadActual   7: 512 op, 509654780.00 ns, 995.4195 us/op
WorkloadActual   8: 512 op, 510018418.00 ns, 996.1297 us/op
WorkloadActual   9: 512 op, 509281026.00 ns, 994.6895 us/op
WorkloadActual  10: 512 op, 509979615.00 ns, 996.0539 us/op
WorkloadActual  11: 512 op, 509385246.00 ns, 994.8931 us/op
WorkloadActual  12: 512 op, 509492061.00 ns, 995.1017 us/op
WorkloadActual  13: 512 op, 506160037.00 ns, 988.5938 us/op
WorkloadActual  14: 512 op, 506249788.00 ns, 988.7691 us/op
WorkloadActual  15: 512 op, 506997192.00 ns, 990.2289 us/op

// AfterActualRun
WorkloadResult   1: 512 op, 509434908.00 ns, 994.9901 us/op
WorkloadResult   2: 512 op, 510019218.00 ns, 996.1313 us/op
WorkloadResult   3: 512 op, 510259789.00 ns, 996.6012 us/op
WorkloadResult   4: 512 op, 509182905.00 ns, 994.4979 us/op
WorkloadResult   5: 512 op, 509478653.00 ns, 995.0755 us/op
WorkloadResult   6: 512 op, 509653678.00 ns, 995.4173 us/op
WorkloadResult   7: 512 op, 510017316.00 ns, 996.1276 us/op
WorkloadResult   8: 512 op, 509279924.00 ns, 994.6874 us/op
WorkloadResult   9: 512 op, 509978513.00 ns, 996.0518 us/op
WorkloadResult  10: 512 op, 509384144.00 ns, 994.8909 us/op
WorkloadResult  11: 512 op, 509490959.00 ns, 995.0995 us/op
WorkloadResult  12: 512 op, 506158935.00 ns, 988.5917 us/op
WorkloadResult  13: 512 op, 506248686.00 ns, 988.7670 us/op
WorkloadResult  14: 512 op, 506996090.00 ns, 990.2267 us/op
// GC:  39 39 39 692524640 512
// Threading:  0 0 512

// AfterAll
// Benchmark Process 1130242 has exited with code 0.

Mean = 994.083 μs, StdErr = 0.733 μs (0.07%), N = 14, StdDev = 2.741 μs
Min = 988.592 μs, Q1 = 994.545 μs, Median = 995.033 μs, Q3 = 995.893 μs, Max = 996.601 μs
IQR = 1.348 μs, LowerFence = 992.523 μs, UpperFence = 997.915 μs
ConfidenceInterval = [990.990 μs; 997.175 μs] (CI 99.9%), Margin = 3.092 μs (0.31% of Mean)
Skewness = -1.13, Kurtosis = 2.56, MValue = 2

// ** Remained 6 (12.0%) benchmark(s) to run. Estimated finish 2026-01-01 4:14 (0h 1m from now) **
// **************************
// Benchmark: Sorting.Sort_Original: DefaultJob [NumItems=10000, GraphType=Chain]
// *** Execute ***
// Launch: 1 / 1
// Execute: dotnet NexusMods.Benchmarks-DefaultJob-2.dll --anonymousPipes 122 144 --benchmarkName "NexusMods.Benchmarks.Benchmarks.Sorting.Sort_Original(NumItems: 10000, GraphType: Chain)" --job Default --benchmarkId 44 in /home/ryang/nexus-app/benchmarks/NexusMods.Benchmarks/bin/Release/net9.0/NexusMods.Benchmarks-DefaultJob-2/bin/Release/net9.0
// Failed to set up high priority (Permission denied). In order to run benchmarks with high priority, make sure you have the right permissions.
// BeforeAnythingElse

// Benchmark Process Environment Information:
// BenchmarkDotNet v0.15.2
// Runtime=.NET 9.0.11 (9.0.1125.51716), X64 RyuJIT AVX-512F+CD+BW+DQ+VL+VBMI
// GC=Concurrent Workstation
// HardwareIntrinsics=AVX-512F+CD+BW+DQ+VL+VBMI,AES,BMI1,BMI2,FMA,LZCNT,PCLMUL,POPCNT,AvxVnni VectorSize=256
// Job: DefaultJob

OverheadJitting  1: 1 op, 156079.00 ns, 156.0790 us/op
WorkloadJitting  1: 1 op, 772678924.00 ns, 772.6789 ms/op

OverheadJitting  2: 1 op, 210.00 ns, 210.0000 ns/op
WorkloadJitting  2: 1 op, 839206059.00 ns, 839.2061 ms/op

OverheadWarmup   1: 1 op, 241.00 ns, 241.0000 ns/op
OverheadWarmup   2: 1 op, 60.00 ns, 60.0000 ns/op
OverheadWarmup   3: 1 op, 51.00 ns, 51.0000 ns/op
OverheadWarmup   4: 1 op, 50.00 ns, 50.0000 ns/op
OverheadWarmup   5: 1 op, 40.00 ns, 40.0000 ns/op
OverheadWarmup   6: 1 op, 40.00 ns, 40.0000 ns/op
OverheadWarmup   7: 1 op, 160.00 ns, 160.0000 ns/op
OverheadWarmup   8: 1 op, 40.00 ns, 40.0000 ns/op
OverheadWarmup   9: 1 op, 50.00 ns, 50.0000 ns/op

// BeforeActualRun
WorkloadActual   1: 1 op, 592667119.00 ns, 592.6671 ms/op
WorkloadActual   2: 1 op, 562213132.00 ns, 562.2131 ms/op
WorkloadActual   3: 1 op, 595218940.00 ns, 595.2189 ms/op
WorkloadActual   4: 1 op, 574400517.00 ns, 574.4005 ms/op
WorkloadActual   5: 1 op, 552138809.00 ns, 552.1388 ms/op
WorkloadActual   6: 1 op, 573050150.00 ns, 573.0502 ms/op
WorkloadActual   7: 1 op, 575719166.00 ns, 575.7192 ms/op
WorkloadActual   8: 1 op, 590752043.00 ns, 590.7520 ms/op
WorkloadActual   9: 1 op, 577165187.00 ns, 577.1652 ms/op
WorkloadActual  10: 1 op, 582485372.00 ns, 582.4854 ms/op
WorkloadActual  11: 1 op, 536753048.00 ns, 536.7530 ms/op
WorkloadActual  12: 1 op, 575476713.00 ns, 575.4767 ms/op
WorkloadActual  13: 1 op, 536637067.00 ns, 536.6371 ms/op
WorkloadActual  14: 1 op, 535831054.00 ns, 535.8311 ms/op
WorkloadActual  15: 1 op, 557394545.00 ns, 557.3945 ms/op
WorkloadActual  16: 1 op, 563942504.00 ns, 563.9425 ms/op
WorkloadActual  17: 1 op, 572776561.00 ns, 572.7766 ms/op
WorkloadActual  18: 1 op, 540925948.00 ns, 540.9259 ms/op
WorkloadActual  19: 1 op, 537771134.00 ns, 537.7711 ms/op
WorkloadActual  20: 1 op, 551937881.00 ns, 551.9379 ms/op
WorkloadActual  21: 1 op, 565486083.00 ns, 565.4861 ms/op
WorkloadActual  22: 1 op, 569566262.00 ns, 569.5663 ms/op
WorkloadActual  23: 1 op, 521572996.00 ns, 521.5730 ms/op
WorkloadActual  24: 1 op, 544288355.00 ns, 544.2884 ms/op
WorkloadActual  25: 1 op, 569208228.00 ns, 569.2082 ms/op
WorkloadActual  26: 1 op, 587369460.00 ns, 587.3695 ms/op
WorkloadActual  27: 1 op, 577432298.00 ns, 577.4323 ms/op
WorkloadActual  28: 1 op, 552473682.00 ns, 552.4737 ms/op
WorkloadActual  29: 1 op, 525986015.00 ns, 525.9860 ms/op
WorkloadActual  30: 1 op, 563222801.00 ns, 563.2228 ms/op
WorkloadActual  31: 1 op, 568194478.00 ns, 568.1945 ms/op
WorkloadActual  32: 1 op, 535360741.00 ns, 535.3607 ms/op
WorkloadActual  33: 1 op, 571773277.00 ns, 571.7733 ms/op
WorkloadActual  34: 1 op, 566786492.00 ns, 566.7865 ms/op
WorkloadActual  35: 1 op, 574112271.00 ns, 574.1123 ms/op
WorkloadActual  36: 1 op, 531282998.00 ns, 531.2830 ms/op
WorkloadActual  37: 1 op, 557994065.00 ns, 557.9941 ms/op
WorkloadActual  38: 1 op, 551240383.00 ns, 551.2404 ms/op
WorkloadActual  39: 1 op, 570037945.00 ns, 570.0379 ms/op

// AfterActualRun
WorkloadResult   1: 1 op, 592667119.00 ns, 592.6671 ms/op
WorkloadResult   2: 1 op, 562213132.00 ns, 562.2131 ms/op
WorkloadResult   3: 1 op, 595218940.00 ns, 595.2189 ms/op
WorkloadResult   4: 1 op, 574400517.00 ns, 574.4005 ms/op
WorkloadResult   5: 1 op, 552138809.00 ns, 552.1388 ms/op
WorkloadResult   6: 1 op, 573050150.00 ns, 573.0502 ms/op
WorkloadResult   7: 1 op, 575719166.00 ns, 575.7192 ms/op
WorkloadResult   8: 1 op, 590752043.00 ns, 590.7520 ms/op
WorkloadResult   9: 1 op, 577165187.00 ns, 577.1652 ms/op
WorkloadResult  10: 1 op, 582485372.00 ns, 582.4854 ms/op
WorkloadResult  11: 1 op, 536753048.00 ns, 536.7530 ms/op
WorkloadResult  12: 1 op, 575476713.00 ns, 575.4767 ms/op
WorkloadResult  13: 1 op, 536637067.00 ns, 536.6371 ms/op
WorkloadResult  14: 1 op, 535831054.00 ns, 535.8311 ms/op
WorkloadResult  15: 1 op, 557394545.00 ns, 557.3945 ms/op
WorkloadResult  16: 1 op, 563942504.00 ns, 563.9425 ms/op
WorkloadResult  17: 1 op, 572776561.00 ns, 572.7766 ms/op
WorkloadResult  18: 1 op, 540925948.00 ns, 540.9259 ms/op
WorkloadResult  19: 1 op, 537771134.00 ns, 537.7711 ms/op
WorkloadResult  20: 1 op, 551937881.00 ns, 551.9379 ms/op
WorkloadResult  21: 1 op, 565486083.00 ns, 565.4861 ms/op
WorkloadResult  22: 1 op, 569566262.00 ns, 569.5663 ms/op
WorkloadResult  23: 1 op, 521572996.00 ns, 521.5730 ms/op
WorkloadResult  24: 1 op, 544288355.00 ns, 544.2884 ms/op
WorkloadResult  25: 1 op, 569208228.00 ns, 569.2082 ms/op
WorkloadResult  26: 1 op, 587369460.00 ns, 587.3695 ms/op
WorkloadResult  27: 1 op, 577432298.00 ns, 577.4323 ms/op
WorkloadResult  28: 1 op, 552473682.00 ns, 552.4737 ms/op
WorkloadResult  29: 1 op, 525986015.00 ns, 525.9860 ms/op
WorkloadResult  30: 1 op, 563222801.00 ns, 563.2228 ms/op
WorkloadResult  31: 1 op, 568194478.00 ns, 568.1945 ms/op
WorkloadResult  32: 1 op, 535360741.00 ns, 535.3607 ms/op
WorkloadResult  33: 1 op, 571773277.00 ns, 571.7733 ms/op
WorkloadResult  34: 1 op, 566786492.00 ns, 566.7865 ms/op
WorkloadResult  35: 1 op, 574112271.00 ns, 574.1123 ms/op
WorkloadResult  36: 1 op, 531282998.00 ns, 531.2830 ms/op
WorkloadResult  37: 1 op, 557994065.00 ns, 557.9941 ms/op
WorkloadResult  38: 1 op, 551240383.00 ns, 551.2404 ms/op
WorkloadResult  39: 1 op, 570037945.00 ns, 570.0379 ms/op
// GC:  0 0 0 45324888 1
// Threading:  58399 9 1

// AfterAll
// Benchmark Process 1130289 has exited with code 0.

Mean = 561.247 ms, StdErr = 3.071 ms (0.55%), N = 39, StdDev = 19.176 ms
Min = 521.573 ms, Q1 = 547.764 ms, Median = 565.486 ms, Q3 = 574.256 ms, Max = 595.219 ms
IQR = 26.492 ms, LowerFence = 508.026 ms, UpperFence = 613.994 ms
ConfidenceInterval = [550.298 ms; 572.196 ms] (CI 99.9%), Margin = 10.949 ms (1.95% of Mean)
Skewness = -0.28, Kurtosis = 2.1, MValue = 2.12

// ** Remained 5 (10.0%) benchmark(s) to run. Estimated finish 2026-01-01 4:14 (0h 1m from now) **
// **************************
// Benchmark: Sorting.Sort_Kahn: DefaultJob [NumItems=10000, GraphType=Chain]
// *** Execute ***
// Launch: 1 / 1
// Execute: dotnet NexusMods.Benchmarks-DefaultJob-2.dll --anonymousPipes 122 144 --benchmarkName "NexusMods.Benchmarks.Benchmarks.Sorting.Sort_Kahn(NumItems: 10000, GraphType: Chain)" --job Default --benchmarkId 45 in /home/ryang/nexus-app/benchmarks/NexusMods.Benchmarks/bin/Release/net9.0/NexusMods.Benchmarks-DefaultJob-2/bin/Release/net9.0
// Failed to set up high priority (Permission denied). In order to run benchmarks with high priority, make sure you have the right permissions.
// BeforeAnythingElse

// Benchmark Process Environment Information:
// BenchmarkDotNet v0.15.2
// Runtime=.NET 9.0.11 (9.0.1125.51716), X64 RyuJIT AVX-512F+CD+BW+DQ+VL+VBMI
// GC=Concurrent Workstation
// HardwareIntrinsics=AVX-512F+CD+BW+DQ+VL+VBMI,AES,BMI1,BMI2,FMA,LZCNT,PCLMUL,POPCNT,AvxVnni VectorSize=256
// Job: DefaultJob

OverheadJitting  1: 1 op, 146380.00 ns, 146.3800 us/op
WorkloadJitting  1: 1 op, 5722926.00 ns, 5.7229 ms/op

OverheadJitting  2: 16 op, 352225.00 ns, 22.0141 us/op
WorkloadJitting  2: 16 op, 21808782.00 ns, 1.3630 ms/op

WorkloadPilot    1: 16 op, 20248421.00 ns, 1.2655 ms/op
WorkloadPilot    2: 32 op, 38900635.00 ns, 1.2156 ms/op
WorkloadPilot    3: 64 op, 76089910.00 ns, 1.1889 ms/op
WorkloadPilot    4: 128 op, 151757832.00 ns, 1.1856 ms/op
WorkloadPilot    5: 256 op, 280305846.00 ns, 1.0949 ms/op
WorkloadPilot    6: 512 op, 550311896.00 ns, 1.0748 ms/op

OverheadWarmup   1: 512 op, 2565.00 ns, 5.0098 ns/op
OverheadWarmup   2: 512 op, 1152.00 ns, 2.2500 ns/op
OverheadWarmup   3: 512 op, 1072.00 ns, 2.0938 ns/op
OverheadWarmup   4: 512 op, 1082.00 ns, 2.1133 ns/op
OverheadWarmup   5: 512 op, 1122.00 ns, 2.1914 ns/op
OverheadWarmup   6: 512 op, 1172.00 ns, 2.2891 ns/op
OverheadWarmup   7: 512 op, 1072.00 ns, 2.0938 ns/op
OverheadWarmup   8: 512 op, 1062.00 ns, 2.0742 ns/op
OverheadWarmup   9: 512 op, 1102.00 ns, 2.1523 ns/op
OverheadWarmup  10: 512 op, 1102.00 ns, 2.1523 ns/op

OverheadActual   1: 512 op, 1413.00 ns, 2.7598 ns/op
OverheadActual   2: 512 op, 1473.00 ns, 2.8770 ns/op
OverheadActual   3: 512 op, 1433.00 ns, 2.7988 ns/op
OverheadActual   4: 512 op, 1222.00 ns, 2.3867 ns/op
OverheadActual   5: 512 op, 1382.00 ns, 2.6992 ns/op
OverheadActual   6: 512 op, 1172.00 ns, 2.2891 ns/op
OverheadActual   7: 512 op, 1122.00 ns, 2.1914 ns/op
OverheadActual   8: 512 op, 1092.00 ns, 2.1328 ns/op
OverheadActual   9: 512 op, 1112.00 ns, 2.1719 ns/op
OverheadActual  10: 512 op, 1063.00 ns, 2.0762 ns/op
OverheadActual  11: 512 op, 1092.00 ns, 2.1328 ns/op
OverheadActual  12: 512 op, 1093.00 ns, 2.1348 ns/op
OverheadActual  13: 512 op, 1103.00 ns, 2.1543 ns/op
OverheadActual  14: 512 op, 1092.00 ns, 2.1328 ns/op
OverheadActual  15: 512 op, 1052.00 ns, 2.0547 ns/op
OverheadActual  16: 512 op, 1112.00 ns, 2.1719 ns/op
OverheadActual  17: 512 op, 1072.00 ns, 2.0938 ns/op
OverheadActual  18: 512 op, 1362.00 ns, 2.6602 ns/op
OverheadActual  19: 512 op, 1102.00 ns, 2.1523 ns/op
OverheadActual  20: 512 op, 1082.00 ns, 2.1133 ns/op

OverheadWarmup   1: 512 op, 1382.00 ns, 2.6992 ns/op
OverheadWarmup   2: 512 op, 1132.00 ns, 2.2109 ns/op
OverheadWarmup   3: 512 op, 1113.00 ns, 2.1738 ns/op
OverheadWarmup   4: 512 op, 1092.00 ns, 2.1328 ns/op
OverheadWarmup   5: 512 op, 1092.00 ns, 2.1328 ns/op
OverheadWarmup   6: 512 op, 1092.00 ns, 2.1328 ns/op
OverheadWarmup   7: 512 op, 1082.00 ns, 2.1133 ns/op
OverheadWarmup   8: 512 op, 1082.00 ns, 2.1133 ns/op

// BeforeActualRun
WorkloadActual   1: 512 op, 560302982.00 ns, 1.0943 ms/op
WorkloadActual   2: 512 op, 562643578.00 ns, 1.0989 ms/op
WorkloadActual   3: 512 op, 562053026.00 ns, 1.0978 ms/op
WorkloadActual   4: 512 op, 561443840.00 ns, 1.0966 ms/op
WorkloadActual   5: 512 op, 561954359.00 ns, 1.0976 ms/op
WorkloadActual   6: 512 op, 563219182.00 ns, 1.1000 ms/op
WorkloadActual   7: 512 op, 561067781.00 ns, 1.0958 ms/op
WorkloadActual   8: 512 op, 561549063.00 ns, 1.0968 ms/op
WorkloadActual   9: 512 op, 560871716.00 ns, 1.0955 ms/op
WorkloadActual  10: 512 op, 560372369.00 ns, 1.0945 ms/op
WorkloadActual  11: 512 op, 562330452.00 ns, 1.0983 ms/op
WorkloadActual  12: 512 op, 546825019.00 ns, 1.0680 ms/op
WorkloadActual  13: 512 op, 549433639.00 ns, 1.0731 ms/op
WorkloadActual  14: 512 op, 548550617.00 ns, 1.0714 ms/op
WorkloadActual  15: 512 op, 549210121.00 ns, 1.0727 ms/op

// AfterActualRun
WorkloadResult   1: 512 op, 560301874.50 ns, 1.0943 ms/op
WorkloadResult   2: 512 op, 562642470.50 ns, 1.0989 ms/op
WorkloadResult   3: 512 op, 562051918.50 ns, 1.0978 ms/op
WorkloadResult   4: 512 op, 561442732.50 ns, 1.0966 ms/op
WorkloadResult   5: 512 op, 561953251.50 ns, 1.0976 ms/op
WorkloadResult   6: 512 op, 563218074.50 ns, 1.1000 ms/op
WorkloadResult   7: 512 op, 561066673.50 ns, 1.0958 ms/op
WorkloadResult   8: 512 op, 561547955.50 ns, 1.0968 ms/op
WorkloadResult   9: 512 op, 560870608.50 ns, 1.0955 ms/op
WorkloadResult  10: 512 op, 560371261.50 ns, 1.0945 ms/op
WorkloadResult  11: 512 op, 562329344.50 ns, 1.0983 ms/op
WorkloadResult  12: 512 op, 546823911.50 ns, 1.0680 ms/op
WorkloadResult  13: 512 op, 549432531.50 ns, 1.0731 ms/op
WorkloadResult  14: 512 op, 548549509.50 ns, 1.0714 ms/op
WorkloadResult  15: 512 op, 549209013.50 ns, 1.0727 ms/op
// GC:  39 39 39 708298336 512
// Threading:  0 0 512

// AfterAll
// Benchmark Process 1130431 has exited with code 0.

Mean = 1.090 ms, StdErr = 0.003 ms (0.28%), N = 15, StdDev = 0.012 ms
Min = 1.068 ms, Q1 = 1.084 ms, Median = 1.096 ms, Q3 = 1.098 ms, Max = 1.100 ms
IQR = 0.014 ms, LowerFence = 1.063 ms, UpperFence = 1.119 ms
ConfidenceInterval = [1.077 ms; 1.103 ms] (CI 99.9%), Margin = 0.013 ms (1.16% of Mean)
Skewness = -0.93, Kurtosis = 1.9, MValue = 2

// ** Remained 4 (8.0%) benchmark(s) to run. Estimated finish 2026-01-01 4:14 (0h 0m from now) **
// **************************
// Benchmark: Sorting.Sort_Original: DefaultJob [NumItems=10000, GraphType=Star]
// *** Execute ***
// Launch: 1 / 1
// Execute: dotnet NexusMods.Benchmarks-DefaultJob-2.dll --anonymousPipes 122 144 --benchmarkName "NexusMods.Benchmarks.Benchmarks.Sorting.Sort_Original(NumItems: 10000, GraphType: Star)" --job Default --benchmarkId 46 in /home/ryang/nexus-app/benchmarks/NexusMods.Benchmarks/bin/Release/net9.0/NexusMods.Benchmarks-DefaultJob-2/bin/Release/net9.0
// Failed to set up high priority (Permission denied). In order to run benchmarks with high priority, make sure you have the right permissions.
// BeforeAnythingElse

// Benchmark Process Environment Information:
// BenchmarkDotNet v0.15.2
// Runtime=.NET 9.0.11 (9.0.1125.51716), X64 RyuJIT AVX-512F+CD+BW+DQ+VL+VBMI
// GC=Concurrent Workstation
// HardwareIntrinsics=AVX-512F+CD+BW+DQ+VL+VBMI,AES,BMI1,BMI2,FMA,LZCNT,PCLMUL,POPCNT,AvxVnni VectorSize=256
// Job: DefaultJob

OverheadJitting  1: 1 op, 144317.00 ns, 144.3170 us/op
WorkloadJitting  1: 1 op, 274830939.00 ns, 274.8309 ms/op

WorkloadPilot    1: 2 op, 475779006.00 ns, 237.8895 ms/op
WorkloadPilot    2: 3 op, 643474372.00 ns, 214.4915 ms/op

OverheadWarmup   1: 3 op, 421.00 ns, 140.3333 ns/op
OverheadWarmup   2: 3 op, 40.00 ns, 13.3333 ns/op
OverheadWarmup   3: 3 op, 40.00 ns, 13.3333 ns/op
OverheadWarmup   4: 3 op, 30.00 ns, 10.0000 ns/op
OverheadWarmup   5: 3 op, 40.00 ns, 13.3333 ns/op
OverheadWarmup   6: 3 op, 61.00 ns, 20.3333 ns/op
OverheadWarmup   7: 3 op, 40.00 ns, 13.3333 ns/op

// BeforeActualRun
WorkloadActual   1: 3 op, 658511639.00 ns, 219.5039 ms/op
WorkloadActual   2: 3 op, 660397312.00 ns, 220.1324 ms/op
WorkloadActual   3: 3 op, 657336408.00 ns, 219.1121 ms/op
WorkloadActual   4: 3 op, 672652369.00 ns, 224.2175 ms/op
WorkloadActual   5: 3 op, 655365041.00 ns, 218.4550 ms/op
WorkloadActual   6: 3 op, 666044367.00 ns, 222.0148 ms/op
WorkloadActual   7: 3 op, 671461689.00 ns, 223.8206 ms/op
WorkloadActual   8: 3 op, 664905786.00 ns, 221.6353 ms/op
WorkloadActual   9: 3 op, 671923696.00 ns, 223.9746 ms/op
WorkloadActual  10: 3 op, 656592167.00 ns, 218.8641 ms/op
WorkloadActual  11: 3 op, 644059079.00 ns, 214.6864 ms/op
WorkloadActual  12: 3 op, 667563041.00 ns, 222.5210 ms/op
WorkloadActual  13: 3 op, 660885466.00 ns, 220.2952 ms/op
WorkloadActual  14: 3 op, 650137038.00 ns, 216.7123 ms/op
WorkloadActual  15: 3 op, 644822796.00 ns, 214.9409 ms/op

// AfterActualRun
WorkloadResult   1: 3 op, 658511639.00 ns, 219.5039 ms/op
WorkloadResult   2: 3 op, 660397312.00 ns, 220.1324 ms/op
WorkloadResult   3: 3 op, 657336408.00 ns, 219.1121 ms/op
WorkloadResult   4: 3 op, 672652369.00 ns, 224.2175 ms/op
WorkloadResult   5: 3 op, 655365041.00 ns, 218.4550 ms/op
WorkloadResult   6: 3 op, 666044367.00 ns, 222.0148 ms/op
WorkloadResult   7: 3 op, 671461689.00 ns, 223.8206 ms/op
WorkloadResult   8: 3 op, 664905786.00 ns, 221.6353 ms/op
WorkloadResult   9: 3 op, 671923696.00 ns, 223.9746 ms/op
WorkloadResult  10: 3 op, 656592167.00 ns, 218.8641 ms/op
WorkloadResult  11: 3 op, 644059079.00 ns, 214.6864 ms/op
WorkloadResult  12: 3 op, 667563041.00 ns, 222.5210 ms/op
WorkloadResult  13: 3 op, 660885466.00 ns, 220.2952 ms/op
WorkloadResult  14: 3 op, 650137038.00 ns, 216.7123 ms/op
WorkloadResult  15: 3 op, 644822796.00 ns, 214.9409 ms/op
// GC:  0 0 0 8965976 3
// Threading:  113 3 3

// AfterAll
// Benchmark Process 1130478 has exited with code 0.

Mean = 220.059 ms, StdErr = 0.789 ms (0.36%), N = 15, StdDev = 3.055 ms
Min = 214.686 ms, Q1 = 218.660 ms, Median = 220.132 ms, Q3 = 222.268 ms, Max = 224.217 ms
IQR = 3.608 ms, LowerFence = 213.247 ms, UpperFence = 227.680 ms
ConfidenceInterval = [216.793 ms; 223.325 ms] (CI 99.9%), Margin = 3.266 ms (1.48% of Mean)
Skewness = -0.29, Kurtosis = 1.87, MValue = 2

// ** Remained 3 (6.0%) benchmark(s) to run. Estimated finish 2026-01-01 4:14 (0h 0m from now) **
// **************************
// Benchmark: Sorting.Sort_Kahn: DefaultJob [NumItems=10000, GraphType=Star]
// *** Execute ***
// Launch: 1 / 1
// Execute: dotnet NexusMods.Benchmarks-DefaultJob-2.dll --anonymousPipes 122 144 --benchmarkName "NexusMods.Benchmarks.Benchmarks.Sorting.Sort_Kahn(NumItems: 10000, GraphType: Star)" --job Default --benchmarkId 47 in /home/ryang/nexus-app/benchmarks/NexusMods.Benchmarks/bin/Release/net9.0/NexusMods.Benchmarks-DefaultJob-2/bin/Release/net9.0
// Failed to set up high priority (Permission denied). In order to run benchmarks with high priority, make sure you have the right permissions.
// BeforeAnythingElse

// Benchmark Process Environment Information:
// BenchmarkDotNet v0.15.2
// Runtime=.NET 9.0.11 (9.0.1125.51716), X64 RyuJIT AVX-512F+CD+BW+DQ+VL+VBMI
// GC=Concurrent Workstation
// HardwareIntrinsics=AVX-512F+CD+BW+DQ+VL+VBMI,AES,BMI1,BMI2,FMA,LZCNT,PCLMUL,POPCNT,AvxVnni VectorSize=256
// Job: DefaultJob

OverheadJitting  1: 1 op, 146561.00 ns, 146.5610 us/op
WorkloadJitting  1: 1 op, 5165008.00 ns, 5.1650 ms/op

OverheadJitting  2: 16 op, 339651.00 ns, 21.2282 us/op
WorkloadJitting  2: 16 op, 14124076.00 ns, 882.7548 us/op

WorkloadPilot    1: 16 op, 13211467.00 ns, 825.7167 us/op
WorkloadPilot    2: 32 op, 24675205.00 ns, 771.1002 us/op
WorkloadPilot    3: 64 op, 47980456.00 ns, 749.6946 us/op
WorkloadPilot    4: 128 op, 95495310.00 ns, 746.0571 us/op
WorkloadPilot    5: 256 op, 178970805.00 ns, 699.1047 us/op
WorkloadPilot    6: 512 op, 344731817.00 ns, 673.3043 us/op
WorkloadPilot    7: 1024 op, 677252292.00 ns, 661.3792 us/op

OverheadWarmup   1: 1024 op, 3707.00 ns, 3.6201 ns/op
OverheadWarmup   2: 1024 op, 2255.00 ns, 2.2021 ns/op
OverheadWarmup   3: 1024 op, 2154.00 ns, 2.1035 ns/op
OverheadWarmup   4: 1024 op, 2134.00 ns, 2.0840 ns/op
OverheadWarmup   5: 1024 op, 2185.00 ns, 2.1338 ns/op
OverheadWarmup   6: 1024 op, 2104.00 ns, 2.0547 ns/op
OverheadWarmup   7: 1024 op, 2124.00 ns, 2.0742 ns/op
OverheadWarmup   8: 1024 op, 2154.00 ns, 2.1035 ns/op
OverheadWarmup   9: 1024 op, 2144.00 ns, 2.0938 ns/op

OverheadActual   1: 1024 op, 2475.00 ns, 2.4170 ns/op
OverheadActual   2: 1024 op, 2385.00 ns, 2.3291 ns/op
OverheadActual   3: 1024 op, 2435.00 ns, 2.3779 ns/op
OverheadActual   4: 1024 op, 2245.00 ns, 2.1924 ns/op
OverheadActual   5: 1024 op, 2395.00 ns, 2.3389 ns/op
OverheadActual   6: 1024 op, 2164.00 ns, 2.1133 ns/op
OverheadActual   7: 1024 op, 2194.00 ns, 2.1426 ns/op
OverheadActual   8: 1024 op, 2074.00 ns, 2.0254 ns/op
OverheadActual   9: 1024 op, 2074.00 ns, 2.0254 ns/op
OverheadActual  10: 1024 op, 2114.00 ns, 2.0645 ns/op
OverheadActual  11: 1024 op, 2094.00 ns, 2.0449 ns/op
OverheadActual  12: 1024 op, 2124.00 ns, 2.0742 ns/op
OverheadActual  13: 1024 op, 2445.00 ns, 2.3877 ns/op
OverheadActual  14: 1024 op, 2114.00 ns, 2.0645 ns/op
OverheadActual  15: 1024 op, 2134.00 ns, 2.0840 ns/op
OverheadActual  16: 1024 op, 2114.00 ns, 2.0645 ns/op
OverheadActual  17: 1024 op, 2064.00 ns, 2.0156 ns/op
OverheadActual  18: 1024 op, 2405.00 ns, 2.3486 ns/op
OverheadActual  19: 1024 op, 2184.00 ns, 2.1328 ns/op
OverheadActual  20: 1024 op, 2124.00 ns, 2.0742 ns/op

OverheadWarmup   1: 1024 op, 2424.00 ns, 2.3672 ns/op
OverheadWarmup   2: 1024 op, 2194.00 ns, 2.1426 ns/op
OverheadWarmup   3: 1024 op, 2144.00 ns, 2.0938 ns/op
OverheadWarmup   4: 1024 op, 2475.00 ns, 2.4170 ns/op
OverheadWarmup   5: 1024 op, 2094.00 ns, 2.0449 ns/op
OverheadWarmup   6: 1024 op, 2144.00 ns, 2.0938 ns/op
OverheadWarmup   7: 1024 op, 2114.00 ns, 2.0645 ns/op

// BeforeActualRun
WorkloadActual   1: 1024 op, 679979861.00 ns, 664.0428 us/op
WorkloadActual   2: 1024 op, 694696553.00 ns, 678.4146 us/op
WorkloadActual   3: 1024 op, 695511906.00 ns, 679.2108 us/op
WorkloadActual   4: 1024 op, 695309248.00 ns, 679.0129 us/op
WorkloadActual   5: 1024 op, 695371158.00 ns, 679.0734 us/op
WorkloadActual   6: 1024 op, 686836974.00 ns, 670.7392 us/op
WorkloadActual   7: 1024 op, 682342843.00 ns, 666.3504 us/op
WorkloadActual   8: 1024 op, 682171525.00 ns, 666.1831 us/op
WorkloadActual   9: 1024 op, 684140679.00 ns, 668.1061 us/op
WorkloadActual  10: 1024 op, 684192389.00 ns, 668.1566 us/op
WorkloadActual  11: 1024 op, 683906532.00 ns, 667.8775 us/op
WorkloadActual  12: 1024 op, 684857384.00 ns, 668.8060 us/op
WorkloadActual  13: 1024 op, 685401728.00 ns, 669.3376 us/op
WorkloadActual  14: 1024 op, 684483459.00 ns, 668.4409 us/op
WorkloadActual  15: 1024 op, 684306451.00 ns, 668.2680 us/op

// AfterActualRun
WorkloadResult   1: 1024 op, 679977712.00 ns, 664.0407 us/op
WorkloadResult   2: 1024 op, 694694404.00 ns, 678.4125 us/op
WorkloadResult   3: 1024 op, 695509757.00 ns, 679.2087 us/op
WorkloadResult   4: 1024 op, 695307099.00 ns, 679.0108 us/op
WorkloadResult   5: 1024 op, 695369009.00 ns, 679.0713 us/op
WorkloadResult   6: 1024 op, 686834825.00 ns, 670.7371 us/op
WorkloadResult   7: 1024 op, 682340694.00 ns, 666.3483 us/op
WorkloadResult   8: 1024 op, 682169376.00 ns, 666.1810 us/op
WorkloadResult   9: 1024 op, 684138530.00 ns, 668.1040 us/op
WorkloadResult  10: 1024 op, 684190240.00 ns, 668.1545 us/op
WorkloadResult  11: 1024 op, 683904383.00 ns, 667.8754 us/op
WorkloadResult  12: 1024 op, 684855235.00 ns, 668.8039 us/op
WorkloadResult  13: 1024 op, 685399579.00 ns, 669.3355 us/op
WorkloadResult  14: 1024 op, 684481310.00 ns, 668.4388 us/op
WorkloadResult  15: 1024 op, 684304302.00 ns, 668.2659 us/op
// GC:  78 78 78 1276038336 1024
// Threading:  0 0 1024

// AfterAll
// Benchmark Process 1130556 has exited with code 0.

Mean = 670.799 μs, StdErr = 1.367 μs (0.20%), N = 15, StdDev = 5.293 μs
Min = 664.041 μs, Q1 = 667.990 μs, Median = 668.439 μs, Q3 = 674.575 μs, Max = 679.209 μs
IQR = 6.585 μs, LowerFence = 658.112 μs, UpperFence = 684.452 μs
ConfidenceInterval = [665.140 μs; 676.458 μs] (CI 99.9%), Margin = 5.659 μs (0.84% of Mean)
Skewness = 0.7, Kurtosis = 1.77, MValue = 2

// ** Remained 2 (4.0%) benchmark(s) to run. Estimated finish 2026-01-01 4:14 (0h 0m from now) **
// **************************
// Benchmark: Sorting.Sort_Original: DefaultJob [NumItems=10000, GraphType=Independent]
// *** Execute ***
// Launch: 1 / 1
// Execute: dotnet NexusMods.Benchmarks-DefaultJob-2.dll --anonymousPipes 122 144 --benchmarkName "NexusMods.Benchmarks.Benchmarks.Sorting.Sort_Original(NumItems: 10000, GraphType: Independent)" --job Default --benchmarkId 48 in /home/ryang/nexus-app/benchmarks/NexusMods.Benchmarks/bin/Release/net9.0/NexusMods.Benchmarks-DefaultJob-2/bin/Release/net9.0
// Failed to set up high priority (Permission denied). In order to run benchmarks with high priority, make sure you have the right permissions.
// BeforeAnythingElse

// Benchmark Process Environment Information:
// BenchmarkDotNet v0.15.2
// Runtime=.NET 9.0.11 (9.0.1125.51716), X64 RyuJIT AVX-512F+CD+BW+DQ+VL+VBMI
// GC=Concurrent Workstation
// HardwareIntrinsics=AVX-512F+CD+BW+DQ+VL+VBMI,AES,BMI1,BMI2,FMA,LZCNT,PCLMUL,POPCNT,AvxVnni VectorSize=256
// Job: DefaultJob

OverheadJitting  1: 1 op, 145289.00 ns, 145.2890 us/op
WorkloadJitting  1: 1 op, 151330200.00 ns, 151.3302 ms/op

WorkloadPilot    1: 2 op, 273793270.00 ns, 136.8966 ms/op
WorkloadPilot    2: 3 op, 381343593.00 ns, 127.1145 ms/op
WorkloadPilot    3: 4 op, 440888331.00 ns, 110.2221 ms/op
WorkloadPilot    4: 5 op, 553250426.00 ns, 110.6501 ms/op

OverheadWarmup   1: 5 op, 430.00 ns, 86.0000 ns/op
OverheadWarmup   2: 5 op, 60.00 ns, 12.0000 ns/op
OverheadWarmup   3: 5 op, 41.00 ns, 8.2000 ns/op
OverheadWarmup   4: 5 op, 40.00 ns, 8.0000 ns/op
OverheadWarmup   5: 5 op, 80.00 ns, 16.0000 ns/op
OverheadWarmup   6: 5 op, 701.00 ns, 140.2000 ns/op
OverheadWarmup   7: 5 op, 80.00 ns, 16.0000 ns/op
OverheadWarmup   8: 5 op, 40.00 ns, 8.0000 ns/op
OverheadWarmup   9: 5 op, 270.00 ns, 54.0000 ns/op
OverheadWarmup  10: 5 op, 240.00 ns, 48.0000 ns/op

// BeforeActualRun
WorkloadActual   1: 5 op, 557210155.00 ns, 111.4420 ms/op
WorkloadActual   2: 5 op, 552782800.00 ns, 110.5566 ms/op
WorkloadActual   3: 5 op, 564241670.00 ns, 112.8483 ms/op
WorkloadActual   4: 5 op, 557013839.00 ns, 111.4028 ms/op
WorkloadActual   5: 5 op, 539541107.00 ns, 107.9082 ms/op
WorkloadActual   6: 5 op, 556607272.00 ns, 111.3215 ms/op
WorkloadActual   7: 5 op, 548748592.00 ns, 109.7497 ms/op
WorkloadActual   8: 5 op, 529300333.00 ns, 105.8601 ms/op
WorkloadActual   9: 5 op, 557515163.00 ns, 111.5030 ms/op
WorkloadActual  10: 5 op, 556243546.00 ns, 111.2487 ms/op
WorkloadActual  11: 5 op, 554639112.00 ns, 110.9278 ms/op
WorkloadActual  12: 5 op, 536336618.00 ns, 107.2673 ms/op
WorkloadActual  13: 5 op, 556111544.00 ns, 111.2223 ms/op
WorkloadActual  14: 5 op, 531669976.00 ns, 106.3340 ms/op
WorkloadActual  15: 5 op, 541458995.00 ns, 108.2918 ms/op
WorkloadActual  16: 5 op, 557293480.00 ns, 111.4587 ms/op

// AfterActualRun
WorkloadResult   1: 5 op, 557210155.00 ns, 111.4420 ms/op
WorkloadResult   2: 5 op, 552782800.00 ns, 110.5566 ms/op
WorkloadResult   3: 5 op, 564241670.00 ns, 112.8483 ms/op
WorkloadResult   4: 5 op, 557013839.00 ns, 111.4028 ms/op
WorkloadResult   5: 5 op, 539541107.00 ns, 107.9082 ms/op
WorkloadResult   6: 5 op, 556607272.00 ns, 111.3215 ms/op
WorkloadResult   7: 5 op, 548748592.00 ns, 109.7497 ms/op
WorkloadResult   8: 5 op, 529300333.00 ns, 105.8601 ms/op
WorkloadResult   9: 5 op, 557515163.00 ns, 111.5030 ms/op
WorkloadResult  10: 5 op, 556243546.00 ns, 111.2487 ms/op
WorkloadResult  11: 5 op, 554639112.00 ns, 110.9278 ms/op
WorkloadResult  12: 5 op, 536336618.00 ns, 107.2673 ms/op
WorkloadResult  13: 5 op, 556111544.00 ns, 111.2223 ms/op
WorkloadResult  14: 5 op, 531669976.00 ns, 106.3340 ms/op
WorkloadResult  15: 5 op, 541458995.00 ns, 108.2918 ms/op
WorkloadResult  16: 5 op, 557293480.00 ns, 111.4587 ms/op
// GC:  1 1 1 13325224 5
// Threading:  174 12 5

// AfterAll
// Benchmark Process 1130621 has exited with code 0.

Mean = 109.959 ms, StdErr = 0.532 ms (0.48%), N = 16, StdDev = 2.127 ms
Min = 105.860 ms, Q1 = 108.196 ms, Median = 111.075 ms, Q3 = 111.413 ms, Max = 112.848 ms
IQR = 3.217 ms, LowerFence = 103.371 ms, UpperFence = 116.238 ms
ConfidenceInterval = [107.793 ms; 112.125 ms] (CI 99.9%), Margin = 2.166 ms (1.97% of Mean)
Skewness = -0.68, Kurtosis = 1.93, MValue = 2

// ** Remained 1 (2.0%) benchmark(s) to run. Estimated finish 2026-01-01 4:14 (0h 0m from now) **
// **************************
// Benchmark: Sorting.Sort_Kahn: DefaultJob [NumItems=10000, GraphType=Independent]
// *** Execute ***
// Launch: 1 / 1
// Execute: dotnet NexusMods.Benchmarks-DefaultJob-2.dll --anonymousPipes 122 144 --benchmarkName "NexusMods.Benchmarks.Benchmarks.Sorting.Sort_Kahn(NumItems: 10000, GraphType: Independent)" --job Default --benchmarkId 49 in /home/ryang/nexus-app/benchmarks/NexusMods.Benchmarks/bin/Release/net9.0/NexusMods.Benchmarks-DefaultJob-2/bin/Release/net9.0
// Failed to set up high priority (Permission denied). In order to run benchmarks with high priority, make sure you have the right permissions.
// BeforeAnythingElse

// Benchmark Process Environment Information:
// BenchmarkDotNet v0.15.2
// Runtime=.NET 9.0.11 (9.0.1125.51716), X64 RyuJIT AVX-512F+CD+BW+DQ+VL+VBMI
// GC=Concurrent Workstation
// HardwareIntrinsics=AVX-512F+CD+BW+DQ+VL+VBMI,AES,BMI1,BMI2,FMA,LZCNT,PCLMUL,POPCNT,AvxVnni VectorSize=256
// Job: DefaultJob

OverheadJitting  1: 1 op, 147533.00 ns, 147.5330 us/op
WorkloadJitting  1: 1 op, 4850345.00 ns, 4.8503 ms/op

OverheadJitting  2: 16 op, 343358.00 ns, 21.4599 us/op
WorkloadJitting  2: 16 op, 9147620.00 ns, 571.7263 us/op

WorkloadPilot    1: 16 op, 7972888.00 ns, 498.3055 us/op
WorkloadPilot    2: 32 op, 14105271.00 ns, 440.7897 us/op
WorkloadPilot    3: 64 op, 27732044.00 ns, 433.3132 us/op
WorkloadPilot    4: 128 op, 55719729.00 ns, 435.3104 us/op
WorkloadPilot    5: 256 op, 105565330.00 ns, 412.3646 us/op
WorkloadPilot    6: 512 op, 197261153.00 ns, 385.2757 us/op
WorkloadPilot    7: 1024 op, 377297856.00 ns, 368.4549 us/op
WorkloadPilot    8: 2048 op, 773870120.00 ns, 377.8663 us/op

OverheadWarmup   1: 2048 op, 8386.00 ns, 4.0947 ns/op
OverheadWarmup   2: 2048 op, 6192.00 ns, 3.0234 ns/op
OverheadWarmup   3: 2048 op, 6342.00 ns, 3.0967 ns/op
OverheadWarmup   4: 2048 op, 6702.00 ns, 3.2725 ns/op
OverheadWarmup   5: 2048 op, 6282.00 ns, 3.0674 ns/op
OverheadWarmup   6: 2048 op, 6673.00 ns, 3.2583 ns/op
OverheadWarmup   7: 2048 op, 6362.00 ns, 3.1064 ns/op

OverheadActual   1: 2048 op, 7104.00 ns, 3.4688 ns/op
OverheadActual   2: 2048 op, 7104.00 ns, 3.4688 ns/op
OverheadActual   3: 2048 op, 6804.00 ns, 3.3223 ns/op
OverheadActual   4: 2048 op, 6643.00 ns, 3.2437 ns/op
OverheadActual   5: 2048 op, 6773.00 ns, 3.3071 ns/op
OverheadActual   6: 2048 op, 6333.00 ns, 3.0923 ns/op
OverheadActual   7: 2048 op, 6202.00 ns, 3.0283 ns/op
OverheadActual   8: 2048 op, 6202.00 ns, 3.0283 ns/op
OverheadActual   9: 2048 op, 6422.00 ns, 3.1357 ns/op
OverheadActual  10: 2048 op, 6252.00 ns, 3.0527 ns/op
OverheadActual  11: 2048 op, 6703.00 ns, 3.2729 ns/op
OverheadActual  12: 2048 op, 6693.00 ns, 3.2681 ns/op
OverheadActual  13: 2048 op, 6693.00 ns, 3.2681 ns/op
OverheadActual  14: 2048 op, 6513.00 ns, 3.1802 ns/op
OverheadActual  15: 2048 op, 6743.00 ns, 3.2925 ns/op

OverheadWarmup   1: 2048 op, 7053.00 ns, 3.4438 ns/op
OverheadWarmup   2: 2048 op, 6662.00 ns, 3.2529 ns/op
OverheadWarmup   3: 2048 op, 6673.00 ns, 3.2583 ns/op
OverheadWarmup   4: 2048 op, 6372.00 ns, 3.1113 ns/op
OverheadWarmup   5: 2048 op, 6672.00 ns, 3.2578 ns/op
OverheadWarmup   6: 2048 op, 6573.00 ns, 3.2095 ns/op

// BeforeActualRun
WorkloadActual   1: 2048 op, 797444148.00 ns, 389.3770 us/op
WorkloadActual   2: 2048 op, 795408627.00 ns, 388.3831 us/op
WorkloadActual   3: 2048 op, 791760417.00 ns, 386.6018 us/op
WorkloadActual   4: 2048 op, 792839665.00 ns, 387.1287 us/op
WorkloadActual   5: 2048 op, 796357378.00 ns, 388.8464 us/op
WorkloadActual   6: 2048 op, 799210777.00 ns, 390.2396 us/op
WorkloadActual   7: 2048 op, 794735872.00 ns, 388.0546 us/op
WorkloadActual   8: 2048 op, 798223527.00 ns, 389.7576 us/op
WorkloadActual   9: 2048 op, 796086873.00 ns, 388.7143 us/op
WorkloadActual  10: 2048 op, 794256776.00 ns, 387.8207 us/op
WorkloadActual  11: 2048 op, 790702176.00 ns, 386.0850 us/op
WorkloadActual  12: 2048 op, 795963650.00 ns, 388.6541 us/op
WorkloadActual  13: 2048 op, 800729494.00 ns, 390.9812 us/op
WorkloadActual  14: 2048 op, 788946403.00 ns, 385.2277 us/op
WorkloadActual  15: 2048 op, 782873817.00 ns, 382.2626 us/op

// AfterActualRun
WorkloadResult   1: 2048 op, 797437455.00 ns, 389.3738 us/op
WorkloadResult   2: 2048 op, 795401934.00 ns, 388.3799 us/op
WorkloadResult   3: 2048 op, 791753724.00 ns, 386.5985 us/op
WorkloadResult   4: 2048 op, 792832972.00 ns, 387.1255 us/op
WorkloadResult   5: 2048 op, 796350685.00 ns, 388.8431 us/op
WorkloadResult   6: 2048 op, 799204084.00 ns, 390.2364 us/op
WorkloadResult   7: 2048 op, 794729179.00 ns, 388.0514 us/op
WorkloadResult   8: 2048 op, 798216834.00 ns, 389.7543 us/op
WorkloadResult   9: 2048 op, 796080180.00 ns, 388.7110 us/op
WorkloadResult  10: 2048 op, 794250083.00 ns, 387.8174 us/op
WorkloadResult  11: 2048 op, 790695483.00 ns, 386.0818 us/op
WorkloadResult  12: 2048 op, 795956957.00 ns, 388.6509 us/op
WorkloadResult  13: 2048 op, 800722801.00 ns, 390.9779 us/op
WorkloadResult  14: 2048 op, 788939710.00 ns, 385.2245 us/op
WorkloadResult  15: 2048 op, 782867124.00 ns, 382.2593 us/op
// GC:  157 157 157 2283035680 2048
// Threading:  0 0 2048

// AfterAll
// Benchmark Process 1130689 has exited with code 0.

Mean = 387.872 μs, StdErr = 0.567 μs (0.15%), N = 15, StdDev = 2.195 μs
Min = 382.259 μs, Q1 = 386.862 μs, Median = 388.380 μs, Q3 = 389.108 μs, Max = 390.978 μs
IQR = 2.246 μs, LowerFence = 383.492 μs, UpperFence = 392.478 μs
ConfidenceInterval = [385.525 μs; 390.219 μs] (CI 99.9%), Margin = 2.347 μs (0.61% of Mean)
Skewness = -0.93, Kurtosis = 3.44, MValue = 2

// ** Remained 0 (0.0%) benchmark(s) to run. Estimated finish 2026-01-01 4:14 (0h 0m from now) **
// ***** BenchmarkRunner: Finish  *****

// * Export *
  BenchmarkDotNet.Artifacts/results/NexusMods.Benchmarks.Benchmarks.Sorting-report.csv
  BenchmarkDotNet.Artifacts/results/NexusMods.Benchmarks.Benchmarks.Sorting-report-github.md
  BenchmarkDotNet.Artifacts/results/NexusMods.Benchmarks.Benchmarks.Sorting-report.html

// * Detailed results *
Sorting.Sort_Original: DefaultJob [NumItems=100, GraphType=Complex]
Runtime = .NET 9.0.11 (9.0.1125.51716), X64 RyuJIT AVX-512F+CD+BW+DQ+VL+VBMI; GC = Concurrent Workstation
Mean = 166.178 μs, StdErr = 0.204 μs (0.12%), N = 15, StdDev = 0.791 μs
Min = 164.855 μs, Q1 = 165.668 μs, Median = 166.018 μs, Q3 = 166.865 μs, Max = 167.243 μs
IQR = 1.196 μs, LowerFence = 163.874 μs, UpperFence = 168.659 μs
ConfidenceInterval = [165.333 μs; 167.024 μs] (CI 99.9%), Margin = 0.846 μs (0.51% of Mean)
Skewness = 0, Kurtosis = 1.51, MValue = 2
-------------------- Histogram --------------------
[164.434 μs ; 167.664 μs) | @@@@@@@@@@@@@@@
---------------------------------------------------

Sorting.Sort_Kahn: DefaultJob [NumItems=100, GraphType=Complex]
Runtime = .NET 9.0.11 (9.0.1125.51716), X64 RyuJIT AVX-512F+CD+BW+DQ+VL+VBMI; GC = Concurrent Workstation
Mean = 6.952 μs, StdErr = 0.007 μs (0.11%), N = 15, StdDev = 0.028 μs
Min = 6.906 μs, Q1 = 6.932 μs, Median = 6.952 μs, Q3 = 6.977 μs, Max = 6.998 μs
IQR = 0.045 μs, LowerFence = 6.865 μs, UpperFence = 7.045 μs
ConfidenceInterval = [6.922 μs; 6.982 μs] (CI 99.9%), Margin = 0.030 μs (0.44% of Mean)
Skewness = -0.07, Kurtosis = 1.61, MValue = 2
-------------------- Histogram --------------------
[6.891 μs ; 7.013 μs) | @@@@@@@@@@@@@@@
---------------------------------------------------

Sorting.Sort_Original: DefaultJob [NumItems=100, GraphType=Random]
Runtime = .NET 9.0.11 (9.0.1125.51716), X64 RyuJIT AVX-512F+CD+BW+DQ+VL+VBMI; GC = Concurrent Workstation
Mean = 66.746 μs, StdErr = 0.196 μs (0.29%), N = 15, StdDev = 0.760 μs
Min = 65.598 μs, Q1 = 66.086 μs, Median = 66.759 μs, Q3 = 67.355 μs, Max = 67.941 μs
IQR = 1.269 μs, LowerFence = 64.183 μs, UpperFence = 69.259 μs
ConfidenceInterval = [65.934 μs; 67.559 μs] (CI 99.9%), Margin = 0.813 μs (1.22% of Mean)
Skewness = -0.12, Kurtosis = 1.58, MValue = 2
-------------------- Histogram --------------------
[65.194 μs ; 68.346 μs) | @@@@@@@@@@@@@@@
---------------------------------------------------

Sorting.Sort_Kahn: DefaultJob [NumItems=100, GraphType=Random]
Runtime = .NET 9.0.11 (9.0.1125.51716), X64 RyuJIT AVX-512F+CD+BW+DQ+VL+VBMI; GC = Concurrent Workstation
Mean = 4.893 μs, StdErr = 0.004 μs (0.09%), N = 14, StdDev = 0.017 μs
Min = 4.868 μs, Q1 = 4.884 μs, Median = 4.892 μs, Q3 = 4.905 μs, Max = 4.928 μs
IQR = 0.021 μs, LowerFence = 4.852 μs, UpperFence = 4.936 μs
ConfidenceInterval = [4.874 μs; 4.912 μs] (CI 99.9%), Margin = 0.019 μs (0.38% of Mean)
Skewness = 0.38, Kurtosis = 2.28, MValue = 2
-------------------- Histogram --------------------
[4.859 μs ; 4.937 μs) | @@@@@@@@@@@@@@
---------------------------------------------------

Sorting.Sort_Original: DefaultJob [NumItems=100, GraphType=Chain]
Runtime = .NET 9.0.11 (9.0.1125.51716), X64 RyuJIT AVX-512F+CD+BW+DQ+VL+VBMI; GC = Concurrent Workstation
Mean = 92.312 μs, StdErr = 0.238 μs (0.26%), N = 15, StdDev = 0.924 μs
Min = 91.095 μs, Q1 = 91.729 μs, Median = 91.872 μs, Q3 = 92.863 μs, Max = 94.092 μs
IQR = 1.135 μs, LowerFence = 90.027 μs, UpperFence = 94.565 μs
ConfidenceInterval = [91.325 μs; 93.300 μs] (CI 99.9%), Margin = 0.987 μs (1.07% of Mean)
Skewness = 0.64, Kurtosis = 1.95, MValue = 2
-------------------- Histogram --------------------
[90.604 μs ; 94.584 μs) | @@@@@@@@@@@@@@@
---------------------------------------------------

Sorting.Sort_Kahn: DefaultJob [NumItems=100, GraphType=Chain]
Runtime = .NET 9.0.11 (9.0.1125.51716), X64 RyuJIT AVX-512F+CD+BW+DQ+VL+VBMI; GC = Concurrent Workstation
Mean = 5.251 μs, StdErr = 0.008 μs (0.16%), N = 15, StdDev = 0.032 μs
Min = 5.210 μs, Q1 = 5.230 μs, Median = 5.238 μs, Q3 = 5.272 μs, Max = 5.311 μs
IQR = 0.042 μs, LowerFence = 5.167 μs, UpperFence = 5.334 μs
ConfidenceInterval = [5.217 μs; 5.286 μs] (CI 99.9%), Margin = 0.034 μs (0.65% of Mean)
Skewness = 0.63, Kurtosis = 1.94, MValue = 2
-------------------- Histogram --------------------
[5.193 μs ; 5.328 μs) | @@@@@@@@@@@@@@@
---------------------------------------------------

Sorting.Sort_Original: DefaultJob [NumItems=100, GraphType=Star]
Runtime = .NET 9.0.11 (9.0.1125.51716), X64 RyuJIT AVX-512F+CD+BW+DQ+VL+VBMI; GC = Concurrent Workstation
Mean = 32.684 μs, StdErr = 0.070 μs (0.22%), N = 14, StdDev = 0.263 μs
Min = 32.187 μs, Q1 = 32.546 μs, Median = 32.693 μs, Q3 = 32.860 μs, Max = 33.089 μs
IQR = 0.314 μs, LowerFence = 32.075 μs, UpperFence = 33.331 μs
ConfidenceInterval = [32.387 μs; 32.981 μs] (CI 99.9%), Margin = 0.297 μs (0.91% of Mean)
Skewness = -0.17, Kurtosis = 1.89, MValue = 2
-------------------- Histogram --------------------
[32.154 μs ; 33.233 μs) | @@@@@@@@@@@@@@
---------------------------------------------------

Sorting.Sort_Kahn: DefaultJob [NumItems=100, GraphType=Star]
Runtime = .NET 9.0.11 (9.0.1125.51716), X64 RyuJIT AVX-512F+CD+BW+DQ+VL+VBMI; GC = Concurrent Workstation
Mean = 4.462 μs, StdErr = 0.006 μs (0.14%), N = 15, StdDev = 0.023 μs
Min = 4.423 μs, Q1 = 4.449 μs, Median = 4.456 μs, Q3 = 4.477 μs, Max = 4.500 μs
IQR = 0.027 μs, LowerFence = 4.408 μs, UpperFence = 4.518 μs
ConfidenceInterval = [4.437 μs; 4.487 μs] (CI 99.9%), Margin = 0.025 μs (0.56% of Mean)
Skewness = 0.07, Kurtosis = 1.91, MValue = 2
-------------------- Histogram --------------------
[4.410 μs ; 4.500 μs) | @@@@@@@@@@@@@@@
---------------------------------------------------

Sorting.Sort_Original: DefaultJob [NumItems=100, GraphType=Independent]
Runtime = .NET 9.0.11 (9.0.1125.51716), X64 RyuJIT AVX-512F+CD+BW+DQ+VL+VBMI; GC = Concurrent Workstation
Mean = 23.372 μs, StdErr = 0.058 μs (0.25%), N = 15, StdDev = 0.227 μs
Min = 23.025 μs, Q1 = 23.144 μs, Median = 23.432 μs, Q3 = 23.581 μs, Max = 23.653 μs
IQR = 0.436 μs, LowerFence = 22.490 μs, UpperFence = 24.236 μs
ConfidenceInterval = [23.130 μs; 23.614 μs] (CI 99.9%), Margin = 0.242 μs (1.04% of Mean)
Skewness = -0.12, Kurtosis = 1.34, MValue = 2
-------------------- Histogram --------------------
[22.904 μs ; 23.774 μs) | @@@@@@@@@@@@@@@
---------------------------------------------------

Sorting.Sort_Kahn: DefaultJob [NumItems=100, GraphType=Independent]
Runtime = .NET 9.0.11 (9.0.1125.51716), X64 RyuJIT AVX-512F+CD+BW+DQ+VL+VBMI; GC = Concurrent Workstation
Mean = 2.169 μs, StdErr = 0.006 μs (0.28%), N = 15, StdDev = 0.024 μs
Min = 2.138 μs, Q1 = 2.144 μs, Median = 2.178 μs, Q3 = 2.187 μs, Max = 2.207 μs
IQR = 0.043 μs, LowerFence = 2.079 μs, UpperFence = 2.252 μs
ConfidenceInterval = [2.144 μs; 2.195 μs] (CI 99.9%), Margin = 0.026 μs (1.18% of Mean)
Skewness = 0.06, Kurtosis = 1.33, MValue = 2
-------------------- Histogram --------------------
[2.125 μs ; 2.210 μs) | @@@@@@@@@@@@@@@
---------------------------------------------------

Sorting.Sort_Original: DefaultJob [NumItems=1000, GraphType=Complex]
Runtime = .NET 9.0.11 (9.0.1125.51716), X64 RyuJIT AVX-512F+CD+BW+DQ+VL+VBMI; GC = Concurrent Workstation
Mean = 7.201 ms, StdErr = 0.011 ms (0.15%), N = 15, StdDev = 0.042 ms
Min = 7.130 ms, Q1 = 7.171 ms, Median = 7.201 ms, Q3 = 7.230 ms, Max = 7.269 ms
IQR = 0.059 ms, LowerFence = 7.082 ms, UpperFence = 7.319 ms
ConfidenceInterval = [7.156 ms; 7.246 ms] (CI 99.9%), Margin = 0.045 ms (0.62% of Mean)
Skewness = 0.08, Kurtosis = 1.73, MValue = 2
-------------------- Histogram --------------------
[7.114 ms ; 7.292 ms) | @@@@@@@@@@@@@@@
---------------------------------------------------

Sorting.Sort_Kahn: DefaultJob [NumItems=1000, GraphType=Complex]
Runtime = .NET 9.0.11 (9.0.1125.51716), X64 RyuJIT AVX-512F+CD+BW+DQ+VL+VBMI; GC = Concurrent Workstation
Mean = 64.693 μs, StdErr = 0.121 μs (0.19%), N = 15, StdDev = 0.468 μs
Min = 64.023 μs, Q1 = 64.313 μs, Median = 64.693 μs, Q3 = 65.173 μs, Max = 65.320 μs
IQR = 0.860 μs, LowerFence = 63.024 μs, UpperFence = 66.462 μs
ConfidenceInterval = [64.193 μs; 65.194 μs] (CI 99.9%), Margin = 0.500 μs (0.77% of Mean)
Skewness = -0.08, Kurtosis = 1.38, MValue = 2
-------------------- Histogram --------------------
[63.774 μs ; 65.569 μs) | @@@@@@@@@@@@@@@
---------------------------------------------------

Sorting.Sort_Original: DefaultJob [NumItems=1000, GraphType=Random]
Runtime = .NET 9.0.11 (9.0.1125.51716), X64 RyuJIT AVX-512F+CD+BW+DQ+VL+VBMI; GC = Concurrent Workstation
Mean = 2.069 ms, StdErr = 0.028 ms (1.34%), N = 83, StdDev = 0.253 ms
Min = 1.950 ms, Q1 = 1.965 ms, Median = 1.974 ms, Q3 = 2.021 ms, Max = 3.076 ms
IQR = 0.055 ms, LowerFence = 1.882 ms, UpperFence = 2.104 ms
ConfidenceInterval = [1.974 ms; 2.163 ms] (CI 99.9%), Margin = 0.095 ms (4.59% of Mean)
Skewness = 2.78, Kurtosis = 9.62, MValue = 2
-------------------- Histogram --------------------
[1.929 ms ; 2.082 ms) | @@@@@@@@@@@@@@@@@@@@@@@@@@@@@@@@@@@@@@@@@@@@@@@@@@@@@@@@@@@@@@@@@@@@@@@@
[2.082 ms ; 2.207 ms) | @@
[2.207 ms ; 2.360 ms) | 
[2.360 ms ; 2.546 ms) | @@@
[2.546 ms ; 2.684 ms) | 
[2.684 ms ; 2.836 ms) | @@@
[2.836 ms ; 2.925 ms) | 
[2.925 ms ; 3.077 ms) | @@@
---------------------------------------------------

Sorting.Sort_Kahn: DefaultJob [NumItems=1000, GraphType=Random]
Runtime = .NET 9.0.11 (9.0.1125.51716), X64 RyuJIT AVX-512F+CD+BW+DQ+VL+VBMI; GC = Concurrent Workstation
Mean = 56.415 μs, StdErr = 0.056 μs (0.10%), N = 15, StdDev = 0.217 μs
Min = 56.076 μs, Q1 = 56.259 μs, Median = 56.387 μs, Q3 = 56.562 μs, Max = 56.783 μs
IQR = 0.302 μs, LowerFence = 55.806 μs, UpperFence = 57.015 μs
ConfidenceInterval = [56.183 μs; 56.646 μs] (CI 99.9%), Margin = 0.232 μs (0.41% of Mean)
Skewness = 0.31, Kurtosis = 1.77, MValue = 2
-------------------- Histogram --------------------
[55.960 μs ; 56.898 μs) | @@@@@@@@@@@@@@@
---------------------------------------------------

Sorting.Sort_Original: DefaultJob [NumItems=1000, GraphType=Chain]
Runtime = .NET 9.0.11 (9.0.1125.51716), X64 RyuJIT AVX-512F+CD+BW+DQ+VL+VBMI; GC = Concurrent Workstation
Mean = 6.539 ms, StdErr = 0.009 ms (0.14%), N = 15, StdDev = 0.036 ms
Min = 6.499 ms, Q1 = 6.506 ms, Median = 6.530 ms, Q3 = 6.572 ms, Max = 6.608 ms
IQR = 0.066 ms, LowerFence = 6.407 ms, UpperFence = 6.671 ms
ConfidenceInterval = [6.500 ms; 6.578 ms] (CI 99.9%), Margin = 0.039 ms (0.59% of Mean)
Skewness = 0.46, Kurtosis = 1.69, MValue = 2
-------------------- Histogram --------------------
[6.479 ms ; 6.628 ms) | @@@@@@@@@@@@@@@
---------------------------------------------------

Sorting.Sort_Kahn: DefaultJob [NumItems=1000, GraphType=Chain]
Runtime = .NET 9.0.11 (9.0.1125.51716), X64 RyuJIT AVX-512F+CD+BW+DQ+VL+VBMI; GC = Concurrent Workstation
Mean = 60.801 μs, StdErr = 0.073 μs (0.12%), N = 15, StdDev = 0.282 μs
Min = 60.245 μs, Q1 = 60.652 μs, Median = 60.772 μs, Q3 = 60.922 μs, Max = 61.313 μs
IQR = 0.270 μs, LowerFence = 60.247 μs, UpperFence = 61.328 μs
ConfidenceInterval = [60.499 μs; 61.102 μs] (CI 99.9%), Margin = 0.302 μs (0.50% of Mean)
Skewness = 0.14, Kurtosis = 2.39, MValue = 2
-------------------- Histogram --------------------
[60.094 μs ; 61.463 μs) | @@@@@@@@@@@@@@@
---------------------------------------------------

Sorting.Sort_Original: DefaultJob [NumItems=1000, GraphType=Star]
Runtime = .NET 9.0.11 (9.0.1125.51716), X64 RyuJIT AVX-512F+CD+BW+DQ+VL+VBMI; GC = Concurrent Workstation
Mean = 1.801 ms, StdErr = 0.003 ms (0.18%), N = 15, StdDev = 0.012 ms
Min = 1.786 ms, Q1 = 1.792 ms, Median = 1.796 ms, Q3 = 1.811 ms, Max = 1.824 ms
IQR = 0.019 ms, LowerFence = 1.763 ms, UpperFence = 1.839 ms
ConfidenceInterval = [1.788 ms; 1.814 ms] (CI 99.9%), Margin = 0.013 ms (0.73% of Mean)
Skewness = 0.48, Kurtosis = 1.74, MValue = 2
-------------------- Histogram --------------------
[1.780 ms ; 1.831 ms) | @@@@@@@@@@@@@@@
---------------------------------------------------

Sorting.Sort_Kahn: DefaultJob [NumItems=1000, GraphType=Star]
Runtime = .NET 9.0.11 (9.0.1125.51716), X64 RyuJIT AVX-512F+CD+BW+DQ+VL+VBMI; GC = Concurrent Workstation
Mean = 45.297 μs, StdErr = 0.035 μs (0.08%), N = 13, StdDev = 0.126 μs
Min = 45.009 μs, Q1 = 45.247 μs, Median = 45.281 μs, Q3 = 45.366 μs, Max = 45.525 μs
IQR = 0.118 μs, LowerFence = 45.070 μs, UpperFence = 45.543 μs
ConfidenceInterval = [45.146 μs; 45.448 μs] (CI 99.9%), Margin = 0.151 μs (0.33% of Mean)
Skewness = -0.33, Kurtosis = 3.12, MValue = 2
-------------------- Histogram --------------------
[44.938 μs ; 45.595 μs) | @@@@@@@@@@@@@
---------------------------------------------------

Sorting.Sort_Original: DefaultJob [NumItems=1000, GraphType=Independent]
Runtime = .NET 9.0.11 (9.0.1125.51716), X64 RyuJIT AVX-512F+CD+BW+DQ+VL+VBMI; GC = Concurrent Workstation
Mean = 1.093 ms, StdErr = 0.002 ms (0.16%), N = 15, StdDev = 0.007 ms
Min = 1.081 ms, Q1 = 1.088 ms, Median = 1.094 ms, Q3 = 1.099 ms, Max = 1.106 ms
IQR = 0.011 ms, LowerFence = 1.072 ms, UpperFence = 1.115 ms
ConfidenceInterval = [1.086 ms; 1.101 ms] (CI 99.9%), Margin = 0.007 ms (0.66% of Mean)
Skewness = -0.04, Kurtosis = 1.81, MValue = 2
-------------------- Histogram --------------------
[1.078 ms ; 1.108 ms) | @@@@@@@@@@@@@@@
---------------------------------------------------

Sorting.Sort_Kahn: DefaultJob [NumItems=1000, GraphType=Independent]
Runtime = .NET 9.0.11 (9.0.1125.51716), X64 RyuJIT AVX-512F+CD+BW+DQ+VL+VBMI; GC = Concurrent Workstation
Mean = 22.667 μs, StdErr = 0.069 μs (0.31%), N = 15, StdDev = 0.268 μs
Min = 22.244 μs, Q1 = 22.509 μs, Median = 22.642 μs, Q3 = 22.918 μs, Max = 23.020 μs
IQR = 0.409 μs, LowerFence = 21.895 μs, UpperFence = 23.531 μs
ConfidenceInterval = [22.380 μs; 22.954 μs] (CI 99.9%), Margin = 0.287 μs (1.27% of Mean)
Skewness = -0.08, Kurtosis = 1.61, MValue = 2
-------------------- Histogram --------------------
[22.101 μs ; 23.163 μs) | @@@@@@@@@@@@@@@
---------------------------------------------------

Sorting.Sort_Original: DefaultJob [NumItems=2000, GraphType=Complex]
Runtime = .NET 9.0.11 (9.0.1125.51716), X64 RyuJIT AVX-512F+CD+BW+DQ+VL+VBMI; GC = Concurrent Workstation
Mean = 28.596 ms, StdErr = 0.008 ms (0.03%), N = 14, StdDev = 0.029 ms
Min = 28.537 ms, Q1 = 28.587 ms, Median = 28.598 ms, Q3 = 28.611 ms, Max = 28.653 ms
IQR = 0.025 ms, LowerFence = 28.549 ms, UpperFence = 28.648 ms
ConfidenceInterval = [28.564 ms; 28.629 ms] (CI 99.9%), Margin = 0.033 ms (0.11% of Mean)
Skewness = -0.34, Kurtosis = 2.88, MValue = 2
-------------------- Histogram --------------------
[28.521 ms ; 28.669 ms) | @@@@@@@@@@@@@@
---------------------------------------------------

Sorting.Sort_Kahn: DefaultJob [NumItems=2000, GraphType=Complex]
Runtime = .NET 9.0.11 (9.0.1125.51716), X64 RyuJIT AVX-512F+CD+BW+DQ+VL+VBMI; GC = Concurrent Workstation
Mean = 144.402 μs, StdErr = 0.409 μs (0.28%), N = 15, StdDev = 1.584 μs
Min = 142.215 μs, Q1 = 142.862 μs, Median = 144.755 μs, Q3 = 145.620 μs, Max = 146.893 μs
IQR = 2.758 μs, LowerFence = 138.725 μs, UpperFence = 149.757 μs
ConfidenceInterval = [142.709 μs; 146.095 μs] (CI 99.9%), Margin = 1.693 μs (1.17% of Mean)
Skewness = -0.08, Kurtosis = 1.34, MValue = 2
-------------------- Histogram --------------------
[141.372 μs ; 147.736 μs) | @@@@@@@@@@@@@@@
---------------------------------------------------

Sorting.Sort_Original: DefaultJob [NumItems=2000, GraphType=Random]
Runtime = .NET 9.0.11 (9.0.1125.51716), X64 RyuJIT AVX-512F+CD+BW+DQ+VL+VBMI; GC = Concurrent Workstation
Mean = 8.296 ms, StdErr = 0.012 ms (0.15%), N = 15, StdDev = 0.047 ms
Min = 8.229 ms, Q1 = 8.259 ms, Median = 8.289 ms, Q3 = 8.333 ms, Max = 8.383 ms
IQR = 0.074 ms, LowerFence = 8.149 ms, UpperFence = 8.443 ms
ConfidenceInterval = [8.245 ms; 8.346 ms] (CI 99.9%), Margin = 0.050 ms (0.61% of Mean)
Skewness = 0.31, Kurtosis = 1.7, MValue = 2
-------------------- Histogram --------------------
[8.204 ms ; 8.408 ms) | @@@@@@@@@@@@@@@
---------------------------------------------------

Sorting.Sort_Kahn: DefaultJob [NumItems=2000, GraphType=Random]
Runtime = .NET 9.0.11 (9.0.1125.51716), X64 RyuJIT AVX-512F+CD+BW+DQ+VL+VBMI; GC = Concurrent Workstation
Mean = 127.856 μs, StdErr = 0.183 μs (0.14%), N = 15, StdDev = 0.707 μs
Min = 126.925 μs, Q1 = 127.177 μs, Median = 127.834 μs, Q3 = 128.410 μs, Max = 129.060 μs
IQR = 1.232 μs, LowerFence = 125.329 μs, UpperFence = 130.258 μs
ConfidenceInterval = [127.100 μs; 128.612 μs] (CI 99.9%), Margin = 0.756 μs (0.59% of Mean)
Skewness = 0.24, Kurtosis = 1.59, MValue = 2
-------------------- Histogram --------------------
[126.867 μs ; 129.436 μs) | @@@@@@@@@@@@@@@
---------------------------------------------------

Sorting.Sort_Original: DefaultJob [NumItems=2000, GraphType=Chain]
Runtime = .NET 9.0.11 (9.0.1125.51716), X64 RyuJIT AVX-512F+CD+BW+DQ+VL+VBMI; GC = Concurrent Workstation
Mean = 27.622 ms, StdErr = 0.015 ms (0.06%), N = 15, StdDev = 0.059 ms
Min = 27.523 ms, Q1 = 27.581 ms, Median = 27.621 ms, Q3 = 27.660 ms, Max = 27.717 ms
IQR = 0.079 ms, LowerFence = 27.462 ms, UpperFence = 27.778 ms
ConfidenceInterval = [27.559 ms; 27.686 ms] (CI 99.9%), Margin = 0.063 ms (0.23% of Mean)
Skewness = -0.03, Kurtosis = 1.63, MValue = 2
-------------------- Histogram --------------------
[27.492 ms ; 27.749 ms) | @@@@@@@@@@@@@@@
---------------------------------------------------

Sorting.Sort_Kahn: DefaultJob [NumItems=2000, GraphType=Chain]
Runtime = .NET 9.0.11 (9.0.1125.51716), X64 RyuJIT AVX-512F+CD+BW+DQ+VL+VBMI; GC = Concurrent Workstation
Mean = 135.750 μs, StdErr = 0.137 μs (0.10%), N = 15, StdDev = 0.530 μs
Min = 134.755 μs, Q1 = 135.382 μs, Median = 135.631 μs, Q3 = 136.096 μs, Max = 136.844 μs
IQR = 0.714 μs, LowerFence = 134.311 μs, UpperFence = 137.167 μs
ConfidenceInterval = [135.184 μs; 136.316 μs] (CI 99.9%), Margin = 0.566 μs (0.42% of Mean)
Skewness = 0.25, Kurtosis = 2.4, MValue = 2
-------------------- Histogram --------------------
[134.473 μs ; 137.126 μs) | @@@@@@@@@@@@@@@
---------------------------------------------------

Sorting.Sort_Original: DefaultJob [NumItems=2000, GraphType=Star]
Runtime = .NET 9.0.11 (9.0.1125.51716), X64 RyuJIT AVX-512F+CD+BW+DQ+VL+VBMI; GC = Concurrent Workstation
Mean = 8.273 ms, StdErr = 0.012 ms (0.15%), N = 15, StdDev = 0.047 ms
Min = 8.195 ms, Q1 = 8.236 ms, Median = 8.272 ms, Q3 = 8.305 ms, Max = 8.352 ms
IQR = 0.068 ms, LowerFence = 8.134 ms, UpperFence = 8.407 ms
ConfidenceInterval = [8.222 ms; 8.323 ms] (CI 99.9%), Margin = 0.050 ms (0.61% of Mean)
Skewness = 0.02, Kurtosis = 1.67, MValue = 2
-------------------- Histogram --------------------
[8.189 ms ; 8.355 ms) | @@@@@@@@@@@@@@@
---------------------------------------------------

Sorting.Sort_Kahn: DefaultJob [NumItems=2000, GraphType=Star]
Runtime = .NET 9.0.11 (9.0.1125.51716), X64 RyuJIT AVX-512F+CD+BW+DQ+VL+VBMI; GC = Concurrent Workstation
Mean = 89.978 μs, StdErr = 0.139 μs (0.15%), N = 15, StdDev = 0.539 μs
Min = 89.243 μs, Q1 = 89.374 μs, Median = 90.168 μs, Q3 = 90.405 μs, Max = 90.761 μs
IQR = 1.031 μs, LowerFence = 87.828 μs, UpperFence = 91.951 μs
ConfidenceInterval = [89.401 μs; 90.554 μs] (CI 99.9%), Margin = 0.576 μs (0.64% of Mean)
Skewness = -0.12, Kurtosis = 1.26, MValue = 2
-------------------- Histogram --------------------
[88.956 μs ; 91.048 μs) | @@@@@@@@@@@@@@@
---------------------------------------------------

Sorting.Sort_Original: DefaultJob [NumItems=2000, GraphType=Independent]
Runtime = .NET 9.0.11 (9.0.1125.51716), X64 RyuJIT AVX-512F+CD+BW+DQ+VL+VBMI; GC = Concurrent Workstation
Mean = 4.899 ms, StdErr = 0.008 ms (0.16%), N = 14, StdDev = 0.029 ms
Min = 4.827 ms, Q1 = 4.882 ms, Median = 4.911 ms, Q3 = 4.921 ms, Max = 4.928 ms
IQR = 0.038 ms, LowerFence = 4.825 ms, UpperFence = 4.979 ms
ConfidenceInterval = [4.866 ms; 4.933 ms] (CI 99.9%), Margin = 0.033 ms (0.68% of Mean)
Skewness = -1.03, Kurtosis = 2.99, MValue = 2
-------------------- Histogram --------------------
[4.811 ms ; 4.944 ms) | @@@@@@@@@@@@@@
---------------------------------------------------

Sorting.Sort_Kahn: DefaultJob [NumItems=2000, GraphType=Independent]
Runtime = .NET 9.0.11 (9.0.1125.51716), X64 RyuJIT AVX-512F+CD+BW+DQ+VL+VBMI; GC = Concurrent Workstation
Mean = 48.436 μs, StdErr = 0.095 μs (0.20%), N = 15, StdDev = 0.367 μs
Min = 47.877 μs, Q1 = 48.146 μs, Median = 48.309 μs, Q3 = 48.720 μs, Max = 49.105 μs
IQR = 0.574 μs, LowerFence = 47.284 μs, UpperFence = 49.581 μs
ConfidenceInterval = [48.044 μs; 48.828 μs] (CI 99.9%), Margin = 0.392 μs (0.81% of Mean)
Skewness = 0.39, Kurtosis = 1.78, MValue = 2
-------------------- Histogram --------------------
[47.784 μs ; 49.300 μs) | @@@@@@@@@@@@@@@
---------------------------------------------------

Sorting.Sort_Original: DefaultJob [NumItems=5000, GraphType=Complex]
Runtime = .NET 9.0.11 (9.0.1125.51716), X64 RyuJIT AVX-512F+CD+BW+DQ+VL+VBMI; GC = Concurrent Workstation
Mean = 122.839 ms, StdErr = 0.321 ms (0.26%), N = 13, StdDev = 1.158 ms
Min = 120.595 ms, Q1 = 122.363 ms, Median = 122.937 ms, Q3 = 123.273 ms, Max = 124.541 ms
IQR = 0.910 ms, LowerFence = 120.998 ms, UpperFence = 124.637 ms
ConfidenceInterval = [121.452 ms; 124.225 ms] (CI 99.9%), Margin = 1.386 ms (1.13% of Mean)
Skewness = -0.26, Kurtosis = 2.12, MValue = 2
-------------------- Histogram --------------------
[119.949 ms ; 125.187 ms) | @@@@@@@@@@@@@
---------------------------------------------------

Sorting.Sort_Kahn: DefaultJob [NumItems=5000, GraphType=Complex]
Runtime = .NET 9.0.11 (9.0.1125.51716), X64 RyuJIT AVX-512F+CD+BW+DQ+VL+VBMI; GC = Concurrent Workstation
Mean = 491.017 μs, StdErr = 1.484 μs (0.30%), N = 14, StdDev = 5.552 μs
Min = 479.718 μs, Q1 = 487.270 μs, Median = 491.844 μs, Q3 = 495.491 μs, Max = 499.106 μs
IQR = 8.221 μs, LowerFence = 474.939 μs, UpperFence = 507.822 μs
ConfidenceInterval = [484.754 μs; 497.280 μs] (CI 99.9%), Margin = 6.263 μs (1.28% of Mean)
Skewness = -0.36, Kurtosis = 1.95, MValue = 2
-------------------- Histogram --------------------
[476.695 μs ; 501.107 μs) | @@@@@@@@@@@@@@
---------------------------------------------------

Sorting.Sort_Original: DefaultJob [NumItems=5000, GraphType=Random]
Runtime = .NET 9.0.11 (9.0.1125.51716), X64 RyuJIT AVX-512F+CD+BW+DQ+VL+VBMI; GC = Concurrent Workstation
Mean = 49.884 ms, StdErr = 0.135 ms (0.27%), N = 15, StdDev = 0.525 ms
Min = 48.765 ms, Q1 = 49.602 ms, Median = 49.895 ms, Q3 = 50.168 ms, Max = 50.772 ms
IQR = 0.566 ms, LowerFence = 48.754 ms, UpperFence = 51.016 ms
ConfidenceInterval = [49.323 ms; 50.445 ms] (CI 99.9%), Margin = 0.561 ms (1.12% of Mean)
Skewness = -0.18, Kurtosis = 2.57, MValue = 2
-------------------- Histogram --------------------
[48.486 ms ; 49.601 ms) | @@@@
[49.601 ms ; 51.052 ms) | @@@@@@@@@@@
---------------------------------------------------

Sorting.Sort_Kahn: DefaultJob [NumItems=5000, GraphType=Random]
Runtime = .NET 9.0.11 (9.0.1125.51716), X64 RyuJIT AVX-512F+CD+BW+DQ+VL+VBMI; GC = Concurrent Workstation
Mean = 437.959 μs, StdErr = 0.598 μs (0.14%), N = 14, StdDev = 2.238 μs
Min = 434.617 μs, Q1 = 436.567 μs, Median = 437.451 μs, Q3 = 438.710 μs, Max = 442.513 μs
IQR = 2.143 μs, LowerFence = 433.352 μs, UpperFence = 441.925 μs
ConfidenceInterval = [435.434 μs; 440.483 μs] (CI 99.9%), Margin = 2.525 μs (0.58% of Mean)
Skewness = 0.77, Kurtosis = 2.64, MValue = 2
-------------------- Histogram --------------------
[433.398 μs ; 443.732 μs) | @@@@@@@@@@@@@@
---------------------------------------------------

Sorting.Sort_Original: DefaultJob [NumItems=5000, GraphType=Chain]
Runtime = .NET 9.0.11 (9.0.1125.51716), X64 RyuJIT AVX-512F+CD+BW+DQ+VL+VBMI; GC = Concurrent Workstation
Mean = 121.946 ms, StdErr = 0.581 ms (0.48%), N = 18, StdDev = 2.464 ms
Min = 118.204 ms, Q1 = 120.226 ms, Median = 121.453 ms, Q3 = 123.316 ms, Max = 126.912 ms
IQR = 3.090 ms, LowerFence = 115.590 ms, UpperFence = 127.952 ms
ConfidenceInterval = [119.643 ms; 124.250 ms] (CI 99.9%), Margin = 2.303 ms (1.89% of Mean)
Skewness = 0.37, Kurtosis = 2.29, MValue = 2
-------------------- Histogram --------------------
[117.889 ms ; 120.358 ms) | @@@@@
[120.358 ms ; 123.660 ms) | @@@@@@@@@@
[123.660 ms ; 128.146 ms) | @@@
---------------------------------------------------

Sorting.Sort_Kahn: DefaultJob [NumItems=5000, GraphType=Chain]
Runtime = .NET 9.0.11 (9.0.1125.51716), X64 RyuJIT AVX-512F+CD+BW+DQ+VL+VBMI; GC = Concurrent Workstation
Mean = 462.556 μs, StdErr = 0.915 μs (0.20%), N = 12, StdDev = 3.171 μs
Min = 456.065 μs, Q1 = 461.241 μs, Median = 461.850 μs, Q3 = 464.156 μs, Max = 468.128 μs
IQR = 2.915 μs, LowerFence = 456.868 μs, UpperFence = 468.529 μs
ConfidenceInterval = [458.495 μs; 466.617 μs] (CI 99.9%), Margin = 4.061 μs (0.88% of Mean)
Skewness = 0, Kurtosis = 2.69, MValue = 2
-------------------- Histogram --------------------
[454.248 μs ; 469.946 μs) | @@@@@@@@@@@@
---------------------------------------------------

Sorting.Sort_Original: DefaultJob [NumItems=5000, GraphType=Star]
Runtime = .NET 9.0.11 (9.0.1125.51716), X64 RyuJIT AVX-512F+CD+BW+DQ+VL+VBMI; GC = Concurrent Workstation
Mean = 47.255 ms, StdErr = 0.143 ms (0.30%), N = 15, StdDev = 0.554 ms
Min = 46.219 ms, Q1 = 46.908 ms, Median = 47.141 ms, Q3 = 47.719 ms, Max = 48.157 ms
IQR = 0.812 ms, LowerFence = 45.690 ms, UpperFence = 48.937 ms
ConfidenceInterval = [46.663 ms; 47.848 ms] (CI 99.9%), Margin = 0.592 ms (1.25% of Mean)
Skewness = -0.06, Kurtosis = 1.87, MValue = 2
-------------------- Histogram --------------------
[45.924 ms ; 48.452 ms) | @@@@@@@@@@@@@@@
---------------------------------------------------

Sorting.Sort_Kahn: DefaultJob [NumItems=5000, GraphType=Star]
Runtime = .NET 9.0.11 (9.0.1125.51716), X64 RyuJIT AVX-512F+CD+BW+DQ+VL+VBMI; GC = Concurrent Workstation
Mean = 299.653 μs, StdErr = 0.177 μs (0.06%), N = 14, StdDev = 0.663 μs
Min = 298.376 μs, Q1 = 299.197 μs, Median = 299.786 μs, Q3 = 300.158 μs, Max = 300.538 μs
IQR = 0.960 μs, LowerFence = 297.757 μs, UpperFence = 301.599 μs
ConfidenceInterval = [298.904 μs; 300.401 μs] (CI 99.9%), Margin = 0.748 μs (0.25% of Mean)
Skewness = -0.49, Kurtosis = 1.82, MValue = 2
-------------------- Histogram --------------------
[298.014 μs ; 300.899 μs) | @@@@@@@@@@@@@@
---------------------------------------------------

Sorting.Sort_Original: DefaultJob [NumItems=5000, GraphType=Independent]
Runtime = .NET 9.0.11 (9.0.1125.51716), X64 RyuJIT AVX-512F+CD+BW+DQ+VL+VBMI; GC = Concurrent Workstation
Mean = 26.821 ms, StdErr = 0.026 ms (0.10%), N = 14, StdDev = 0.098 ms
Min = 26.623 ms, Q1 = 26.782 ms, Median = 26.833 ms, Q3 = 26.903 ms, Max = 26.938 ms
IQR = 0.121 ms, LowerFence = 26.600 ms, UpperFence = 27.085 ms
ConfidenceInterval = [26.710 ms; 26.932 ms] (CI 99.9%), Margin = 0.111 ms (0.41% of Mean)
Skewness = -0.58, Kurtosis = 2.05, MValue = 2
-------------------- Histogram --------------------
[26.569 ms ; 26.991 ms) | @@@@@@@@@@@@@@
---------------------------------------------------

Sorting.Sort_Kahn: DefaultJob [NumItems=5000, GraphType=Independent]
Runtime = .NET 9.0.11 (9.0.1125.51716), X64 RyuJIT AVX-512F+CD+BW+DQ+VL+VBMI; GC = Concurrent Workstation
Mean = 157.410 μs, StdErr = 0.164 μs (0.10%), N = 14, StdDev = 0.615 μs
Min = 156.377 μs, Q1 = 157.032 μs, Median = 157.398 μs, Q3 = 157.659 μs, Max = 158.454 μs
IQR = 0.627 μs, LowerFence = 156.092 μs, UpperFence = 158.599 μs
ConfidenceInterval = [156.717 μs; 158.104 μs] (CI 99.9%), Margin = 0.694 μs (0.44% of Mean)
Skewness = 0.16, Kurtosis = 1.93, MValue = 2
-------------------- Histogram --------------------
[156.043 μs ; 158.788 μs) | @@@@@@@@@@@@@@
---------------------------------------------------

Sorting.Sort_Original: DefaultJob [NumItems=10000, GraphType=Complex]
Runtime = .NET 9.0.11 (9.0.1125.51716), X64 RyuJIT AVX-512F+CD+BW+DQ+VL+VBMI; GC = Concurrent Workstation
Mean = 562.167 ms, StdErr = 3.097 ms (0.55%), N = 34, StdDev = 18.060 ms
Min = 532.283 ms, Q1 = 547.802 ms, Median = 563.029 ms, Q3 = 579.388 ms, Max = 590.232 ms
IQR = 31.586 ms, LowerFence = 500.423 ms, UpperFence = 626.767 ms
ConfidenceInterval = [550.983 ms; 573.351 ms] (CI 99.9%), Margin = 11.184 ms (1.99% of Mean)
Skewness = -0.04, Kurtosis = 1.54, MValue = 2.67
-------------------- Histogram --------------------
[524.966 ms ; 541.718 ms) | @@@@@@
[541.718 ms ; 556.352 ms) | @@@@@@@@@@
[556.352 ms ; 573.688 ms) | @@@@@@
[573.688 ms ; 597.549 ms) | @@@@@@@@@@@@
---------------------------------------------------

Sorting.Sort_Kahn: DefaultJob [NumItems=10000, GraphType=Complex]
Runtime = .NET 9.0.11 (9.0.1125.51716), X64 RyuJIT AVX-512F+CD+BW+DQ+VL+VBMI; GC = Concurrent Workstation
Mean = 1.142 ms, StdErr = 0.002 ms (0.16%), N = 15, StdDev = 0.007 ms
Min = 1.127 ms, Q1 = 1.138 ms, Median = 1.141 ms, Q3 = 1.147 ms, Max = 1.153 ms
IQR = 0.008 ms, LowerFence = 1.126 ms, UpperFence = 1.159 ms
ConfidenceInterval = [1.135 ms; 1.150 ms] (CI 99.9%), Margin = 0.007 ms (0.64% of Mean)
Skewness = -0.1, Kurtosis = 2.5, MValue = 2
-------------------- Histogram --------------------
[1.124 ms ; 1.157 ms) | @@@@@@@@@@@@@@@
---------------------------------------------------

Sorting.Sort_Original: DefaultJob [NumItems=10000, GraphType=Random]
Runtime = .NET 9.0.11 (9.0.1125.51716), X64 RyuJIT AVX-512F+CD+BW+DQ+VL+VBMI; GC = Concurrent Workstation
Mean = 223.543 ms, StdErr = 1.101 ms (0.49%), N = 20, StdDev = 4.924 ms
Min = 211.110 ms, Q1 = 220.151 ms, Median = 224.087 ms, Q3 = 226.971 ms, Max = 230.158 ms
IQR = 6.819 ms, LowerFence = 209.923 ms, UpperFence = 237.199 ms
ConfidenceInterval = [219.268 ms; 227.819 ms] (CI 99.9%), Margin = 4.275 ms (1.91% of Mean)
Skewness = -0.68, Kurtosis = 2.86, MValue = 2
-------------------- Histogram --------------------
[208.729 ms ; 213.490 ms) | @
[213.490 ms ; 220.705 ms) | @@@@@
[220.705 ms ; 226.961 ms) | @@@@@@@@@
[226.961 ms ; 232.539 ms) | @@@@@
---------------------------------------------------

Sorting.Sort_Kahn: DefaultJob [NumItems=10000, GraphType=Random]
Runtime = .NET 9.0.11 (9.0.1125.51716), X64 RyuJIT AVX-512F+CD+BW+DQ+VL+VBMI; GC = Concurrent Workstation
Mean = 994.083 μs, StdErr = 0.733 μs (0.07%), N = 14, StdDev = 2.741 μs
Min = 988.592 μs, Q1 = 994.545 μs, Median = 995.033 μs, Q3 = 995.893 μs, Max = 996.601 μs
IQR = 1.348 μs, LowerFence = 992.523 μs, UpperFence = 997.915 μs
ConfidenceInterval = [990.990 μs; 997.175 μs] (CI 99.9%), Margin = 3.092 μs (0.31% of Mean)
Skewness = -1.13, Kurtosis = 2.56, MValue = 2
-------------------- Histogram --------------------
[987.099 μs ; 998.094 μs) | @@@@@@@@@@@@@@
---------------------------------------------------

Sorting.Sort_Original: DefaultJob [NumItems=10000, GraphType=Chain]
Runtime = .NET 9.0.11 (9.0.1125.51716), X64 RyuJIT AVX-512F+CD+BW+DQ+VL+VBMI; GC = Concurrent Workstation
Mean = 561.247 ms, StdErr = 3.071 ms (0.55%), N = 39, StdDev = 19.176 ms
Min = 521.573 ms, Q1 = 547.764 ms, Median = 565.486 ms, Q3 = 574.256 ms, Max = 595.219 ms
IQR = 26.492 ms, LowerFence = 508.026 ms, UpperFence = 613.994 ms
ConfidenceInterval = [550.298 ms; 572.196 ms] (CI 99.9%), Margin = 10.949 ms (1.95% of Mean)
Skewness = -0.28, Kurtosis = 2.1, MValue = 2.12
-------------------- Histogram --------------------
[514.151 ms ; 530.364 ms) | @@
[530.364 ms ; 545.207 ms) | @@@@@@@@
[545.207 ms ; 562.906 ms) | @@@@@@@
[562.906 ms ; 577.749 ms) | @@@@@@@@@@@@@@@@@
[577.749 ms ; 596.274 ms) | @@@@@
---------------------------------------------------

Sorting.Sort_Kahn: DefaultJob [NumItems=10000, GraphType=Chain]
Runtime = .NET 9.0.11 (9.0.1125.51716), X64 RyuJIT AVX-512F+CD+BW+DQ+VL+VBMI; GC = Concurrent Workstation
Mean = 1.090 ms, StdErr = 0.003 ms (0.28%), N = 15, StdDev = 0.012 ms
Min = 1.068 ms, Q1 = 1.084 ms, Median = 1.096 ms, Q3 = 1.098 ms, Max = 1.100 ms
IQR = 0.014 ms, LowerFence = 1.063 ms, UpperFence = 1.119 ms
ConfidenceInterval = [1.077 ms; 1.103 ms] (CI 99.9%), Margin = 0.013 ms (1.16% of Mean)
Skewness = -0.93, Kurtosis = 1.9, MValue = 2
-------------------- Histogram --------------------
[1.062 ms ; 1.106 ms) | @@@@@@@@@@@@@@@
---------------------------------------------------

Sorting.Sort_Original: DefaultJob [NumItems=10000, GraphType=Star]
Runtime = .NET 9.0.11 (9.0.1125.51716), X64 RyuJIT AVX-512F+CD+BW+DQ+VL+VBMI; GC = Concurrent Workstation
Mean = 220.059 ms, StdErr = 0.789 ms (0.36%), N = 15, StdDev = 3.055 ms
Min = 214.686 ms, Q1 = 218.660 ms, Median = 220.132 ms, Q3 = 222.268 ms, Max = 224.217 ms
IQR = 3.608 ms, LowerFence = 213.247 ms, UpperFence = 227.680 ms
ConfidenceInterval = [216.793 ms; 223.325 ms] (CI 99.9%), Margin = 3.266 ms (1.48% of Mean)
Skewness = -0.29, Kurtosis = 1.87, MValue = 2
-------------------- Histogram --------------------
[213.542 ms ; 218.235 ms) | @@@
[218.235 ms ; 225.843 ms) | @@@@@@@@@@@@
---------------------------------------------------

Sorting.Sort_Kahn: DefaultJob [NumItems=10000, GraphType=Star]
Runtime = .NET 9.0.11 (9.0.1125.51716), X64 RyuJIT AVX-512F+CD+BW+DQ+VL+VBMI; GC = Concurrent Workstation
Mean = 670.799 μs, StdErr = 1.367 μs (0.20%), N = 15, StdDev = 5.293 μs
Min = 664.041 μs, Q1 = 667.990 μs, Median = 668.439 μs, Q3 = 674.575 μs, Max = 679.209 μs
IQR = 6.585 μs, LowerFence = 658.112 μs, UpperFence = 684.452 μs
ConfidenceInterval = [665.140 μs; 676.458 μs] (CI 99.9%), Margin = 5.659 μs (0.84% of Mean)
Skewness = 0.7, Kurtosis = 1.77, MValue = 2
-------------------- Histogram --------------------
[661.224 μs ; 682.026 μs) | @@@@@@@@@@@@@@@
---------------------------------------------------

Sorting.Sort_Original: DefaultJob [NumItems=10000, GraphType=Independent]
Runtime = .NET 9.0.11 (9.0.1125.51716), X64 RyuJIT AVX-512F+CD+BW+DQ+VL+VBMI; GC = Concurrent Workstation
Mean = 109.959 ms, StdErr = 0.532 ms (0.48%), N = 16, StdDev = 2.127 ms
Min = 105.860 ms, Q1 = 108.196 ms, Median = 111.075 ms, Q3 = 111.413 ms, Max = 112.848 ms
IQR = 3.217 ms, LowerFence = 103.371 ms, UpperFence = 116.238 ms
ConfidenceInterval = [107.793 ms; 112.125 ms] (CI 99.9%), Margin = 2.166 ms (1.97% of Mean)
Skewness = -0.68, Kurtosis = 1.93, MValue = 2
-------------------- Histogram --------------------
[104.752 ms ; 108.421 ms) | @@@@@
[108.421 ms ; 113.956 ms) | @@@@@@@@@@@
---------------------------------------------------

Sorting.Sort_Kahn: DefaultJob [NumItems=10000, GraphType=Independent]
Runtime = .NET 9.0.11 (9.0.1125.51716), X64 RyuJIT AVX-512F+CD+BW+DQ+VL+VBMI; GC = Concurrent Workstation
Mean = 387.872 μs, StdErr = 0.567 μs (0.15%), N = 15, StdDev = 2.195 μs
Min = 382.259 μs, Q1 = 386.862 μs, Median = 388.380 μs, Q3 = 389.108 μs, Max = 390.978 μs
IQR = 2.246 μs, LowerFence = 383.492 μs, UpperFence = 392.478 μs
ConfidenceInterval = [385.525 μs; 390.219 μs] (CI 99.9%), Margin = 2.347 μs (0.61% of Mean)
Skewness = -0.93, Kurtosis = 3.44, MValue = 2
-------------------- Histogram --------------------
[381.091 μs ; 392.146 μs) | @@@@@@@@@@@@@@@
---------------------------------------------------

// * Summary *

BenchmarkDotNet v0.15.2, Linux CachyOS
AMD Ryzen 7 9800X3D 5.27GHz, 1 CPU, 16 logical and 8 physical cores
.NET SDK 10.0.100
  [Host]     : .NET 9.0.11 (9.0.1125.51716), X64 RyuJIT AVX-512F+CD+BW+DQ+VL+VBMI
  DefaultJob : .NET 9.0.11 (9.0.1125.51716), X64 RyuJIT AVX-512F+CD+BW+DQ+VL+VBMI


| Method        | NumItems | GraphType   | Mean           | Error          | StdDev         | Median         | Ratio | RatioSD | Gen0     | Gen1     | Gen2     | Allocated   | Alloc Ratio |
|-------------- |--------- |------------ |---------------:|---------------:|---------------:|---------------:|------:|--------:|---------:|---------:|---------:|------------:|------------:|
| Sort_Original | 100      | Complex     |     166.178 μs |      0.8455 μs |      0.7909 μs |     166.018 μs |  1.00 |    0.01 |   3.1738 |   0.2441 |        - |   153.13 KB |        1.00 |
| Sort_Kahn     | 100      | Complex     |       6.952 μs |      0.0303 μs |      0.0284 μs |       6.952 μs |  0.04 |    0.00 |   0.3815 |   0.0153 |        - |     18.7 KB |        0.12 |
|               |          |             |                |                |                |                |       |         |          |          |          |             |             |
| Sort_Original | 100      | Random      |      66.746 μs |      0.8127 μs |      0.7602 μs |      66.759 μs |  1.00 |    0.02 |   0.7324 |        - |        - |    37.54 KB |        1.00 |
| Sort_Kahn     | 100      | Random      |       4.893 μs |      0.0188 μs |      0.0167 μs |       4.892 μs |  0.07 |    0.00 |   0.2823 |        - |        - |    13.99 KB |        0.37 |
|               |          |             |                |                |                |                |       |         |          |          |          |             |             |
| Sort_Original | 100      | Chain       |      92.312 μs |      0.9875 μs |      0.9237 μs |      91.872 μs |  1.00 |    0.01 |   0.7324 |        - |        - |    39.42 KB |        1.00 |
| Sort_Kahn     | 100      | Chain       |       5.251 μs |      0.0344 μs |      0.0321 μs |       5.238 μs |  0.06 |    0.00 |   0.2823 |        - |        - |    14.13 KB |        0.36 |
|               |          |             |                |                |                |                |       |         |          |          |          |             |             |
| Sort_Original | 100      | Star        |      32.684 μs |      0.2972 μs |      0.2635 μs |      32.693 μs |  1.00 |    0.01 |   0.7935 |        - |        - |    39.29 KB |        1.00 |
| Sort_Kahn     | 100      | Star        |       4.462 μs |      0.0251 μs |      0.0235 μs |       4.456 μs |  0.14 |    0.00 |   0.2518 |   0.0076 |        - |    12.47 KB |        0.32 |
|               |          |             |                |                |                |                |       |         |          |          |          |             |             |
| Sort_Original | 100      | Independent |      23.372 μs |      0.2422 μs |      0.2266 μs |      23.432 μs |  1.00 |    0.01 |   0.7629 |   0.0305 |        - |    37.05 KB |        1.00 |
| Sort_Kahn     | 100      | Independent |       2.169 μs |      0.0256 μs |      0.0239 μs |       2.178 μs |  0.09 |    0.00 |   0.2289 |   0.0038 |        - |    11.34 KB |        0.31 |
|               |          |             |                |                |                |                |       |         |          |          |          |             |             |
| Sort_Original | 1000     | Complex     |   7,200.967 μs |     44.9271 μs |     42.0249 μs |   7,200.802 μs | 1.000 |    0.01 |   7.8125 |        - |        - |   718.06 KB |        1.00 |
| Sort_Kahn     | 1000     | Complex     |      64.693 μs |      0.5003 μs |      0.4680 μs |      64.693 μs | 0.009 |    0.00 |   2.9297 |   0.7324 |        - |   149.03 KB |        0.21 |
|               |          |             |                |                |                |                |       |         |          |          |          |             |             |
| Sort_Original | 1000     | Random      |   2,068.587 μs |     94.8858 μs |    253.2693 μs |   1,974.165 μs |  1.01 |    0.15 |   7.8125 |        - |        - |   388.07 KB |        1.00 |
| Sort_Kahn     | 1000     | Random      |      56.415 μs |      0.2316 μs |      0.2167 μs |      56.387 μs |  0.03 |    0.00 |   2.6855 |   0.6104 |        - |   134.59 KB |        0.35 |
|               |          |             |                |                |                |                |       |         |          |          |          |             |             |
| Sort_Original | 1000     | Chain       |   6,539.020 μs |     38.7760 μs |     36.2711 μs |   6,530.047 μs | 1.000 |    0.01 |   7.8125 |        - |        - |   391.29 KB |        1.00 |
| Sort_Kahn     | 1000     | Chain       |      60.801 μs |      0.3017 μs |      0.2822 μs |      60.772 μs | 0.009 |    0.00 |   2.8076 |   0.4272 |        - |   138.03 KB |        0.35 |
|               |          |             |                |                |                |                |       |         |          |          |          |             |             |
| Sort_Original | 1000     | Star        |   1,800.712 μs |     13.1264 μs |     12.2785 μs |   1,796.453 μs |  1.00 |    0.01 |   3.9063 |        - |        - |   222.51 KB |        1.00 |
| Sort_Kahn     | 1000     | Star        |      45.297 μs |      0.1512 μs |      0.1262 μs |      45.281 μs |  0.03 |    0.00 |   2.3193 |   0.4272 |        - |   115.36 KB |        0.52 |
|               |          |             |                |                |                |                |       |         |          |          |          |             |             |
| Sort_Original | 1000     | Independent |   1,093.442 μs |      7.2351 μs |      6.7677 μs |   1,094.070 μs |  1.00 |    0.01 |   3.9063 |        - |        - |   191.33 KB |        1.00 |
| Sort_Kahn     | 1000     | Independent |      22.667 μs |      0.2870 μs |      0.2685 μs |      22.642 μs |  0.02 |    0.00 |   2.1667 |   0.4272 |        - |   107.16 KB |        0.56 |
|               |          |             |                |                |                |                |       |         |          |          |          |             |             |
| Sort_Original | 2000     | Complex     |  28,596.447 μs |     32.7126 μs |     28.9988 μs |  28,598.138 μs | 1.000 |    0.00 |        - |        - |        - |  1348.95 KB |        1.00 |
| Sort_Kahn     | 2000     | Complex     |     144.402 μs |      1.6932 μs |      1.5838 μs |     144.755 μs | 0.005 |    0.00 |   5.8594 |   2.6855 |        - |   298.11 KB |        0.22 |
|               |          |             |                |                |                |                |       |         |          |          |          |             |             |
| Sort_Original | 2000     | Random      |   8,295.635 μs |     50.3027 μs |     47.0532 μs |   8,288.507 μs |  1.00 |    0.01 |  15.6250 |        - |        - |   812.73 KB |        1.00 |
| Sort_Kahn     | 2000     | Random      |     127.856 μs |      0.7559 μs |      0.7071 μs |     127.834 μs |  0.02 |    0.00 |   5.3711 |   1.7090 |        - |   273.23 KB |        0.34 |
|               |          |             |                |                |                |                |       |         |          |          |          |             |             |
| Sort_Original | 2000     | Chain       |  27,622.314 μs |     63.3327 μs |     59.2414 μs |  27,620.770 μs | 1.000 |    0.00 |        - |        - |        - |   818.83 KB |        1.00 |
| Sort_Kahn     | 2000     | Chain       |     135.750 μs |      0.5662 μs |      0.5297 μs |     135.631 μs | 0.005 |    0.00 |   5.6152 |   1.7090 |        - |   279.09 KB |        0.34 |
|               |          |             |                |                |                |                |       |         |          |          |          |             |             |
| Sort_Original | 2000     | Star        |   8,272.549 μs |     50.4337 μs |     47.1757 μs |   8,272.306 μs |  1.00 |    0.01 |        - |        - |        - |    439.9 KB |        1.00 |
| Sort_Kahn     | 2000     | Star        |      89.978 μs |      0.5763 μs |      0.5391 μs |      90.168 μs |  0.01 |    0.00 |   4.7607 |   0.8545 |        - |    233.4 KB |        0.53 |
|               |          |             |                |                |                |                |       |         |          |          |          |             |             |
| Sort_Original | 2000     | Independent |   4,899.480 μs |     33.2621 μs |     29.4860 μs |   4,910.898 μs | 1.000 |    0.01 |        - |        - |        - |    376.9 KB |        1.00 |
| Sort_Kahn     | 2000     | Independent |      48.436 μs |      0.3921 μs |      0.3668 μs |      48.309 μs | 0.010 |    0.00 |   4.3945 |   1.0986 |        - |   217.18 KB |        0.58 |
|               |          |             |                |                |                |                |       |         |          |          |          |             |             |
| Sort_Original | 5000     | Complex     | 122,838.570 μs |  1,386.2928 μs |  1,157.6173 μs | 122,936.680 μs | 1.000 |    0.01 | 250.0000 |        - |        - | 15035.53 KB |        1.00 |
| Sort_Kahn     | 5000     | Complex     |     491.017 μs |      6.2628 μs |      5.5518 μs |     491.844 μs | 0.004 |    0.00 |  42.9688 |  42.9688 |  42.9688 |   764.33 KB |        0.05 |
|               |          |             |                |                |                |                |       |         |          |          |          |             |             |
| Sort_Original | 5000     | Random      |  49,883.995 μs |    560.9687 μs |    524.7305 μs |  49,895.025 μs | 1.000 |    0.01 | 181.8182 | 181.8182 | 181.8182 |  2165.51 KB |        1.00 |
| Sort_Kahn     | 5000     | Random      |     437.959 μs |      2.5246 μs |      2.2380 μs |     437.451 μs | 0.009 |    0.00 |  43.4570 |  43.4570 |  43.4570 |   685.56 KB |        0.32 |
|               |          |             |                |                |                |                |       |         |          |          |          |             |             |
| Sort_Original | 5000     | Chain       | 121,946.246 μs |  2,303.2887 μs |  2,464.4931 μs | 121,452.755 μs | 1.000 |    0.03 |        - |        - |        - | 13895.55 KB |        1.00 |
| Sort_Kahn     | 5000     | Chain       |     462.556 μs |      4.0611 μs |      3.1707 μs |     461.850 μs | 0.004 |    0.00 |  43.4570 |  43.4570 |  43.4570 |   697.25 KB |        0.05 |
|               |          |             |                |                |                |                |       |         |          |          |          |             |             |
| Sort_Original | 5000     | Star        |  47,255.191 μs |    592.3838 μs |    554.1162 μs |  47,141.132 μs | 1.000 |    0.02 |        - |        - |        - |  1154.34 KB |        1.00 |
| Sort_Kahn     | 5000     | Star        |     299.653 μs |      0.7481 μs |      0.6632 μs |     299.786 μs | 0.006 |    0.00 |  43.4570 |  43.4570 |  43.4570 |   630.47 KB |        0.55 |
|               |          |             |                |                |                |                |       |         |          |          |          |             |             |
| Sort_Original | 5000     | Independent |  26,820.608 μs |    111.0450 μs |     98.4385 μs |  26,833.229 μs | 1.000 |    0.01 |  62.5000 |  62.5000 |  62.5000 |   994.84 KB |        1.00 |
| Sort_Kahn     | 5000     | Independent |     157.410 μs |      0.6936 μs |      0.6148 μs |     157.398 μs | 0.006 |    0.00 |  43.4570 |  43.4570 |  43.4570 |    566.2 KB |        0.57 |
|               |          |             |                |                |                |                |       |         |          |          |          |             |             |
| Sort_Original | 10000    | Complex     | 562,167.188 μs | 11,184.1286 μs | 18,060.2845 μs | 563,028.935 μs | 1.001 |    0.04 |        - |        - |        - | 46036.54 KB |        1.00 |
| Sort_Kahn     | 10000    | Complex     |   1,142.286 μs |      7.3486 μs |      6.8738 μs |   1,141.429 μs | 0.002 |    0.00 |  76.1719 |  76.1719 |  76.1719 |  1482.09 KB |        0.03 |
|               |          |             |                |                |                |                |       |         |          |          |          |             |             |
| Sort_Original | 10000    | Random      | 223,543.251 μs |  4,275.4090 μs |  4,923.5674 μs | 224,086.617 μs | 1.000 |    0.03 | 333.3333 | 333.3333 | 333.3333 |  4723.49 KB |        1.00 |
| Sort_Kahn     | 10000    | Random      |     994.083 μs |      3.0923 μs |      2.7413 μs |     995.033 μs | 0.004 |    0.00 |  76.1719 |  76.1719 |  76.1719 |  1320.89 KB |        0.28 |
|               |          |             |                |                |                |                |       |         |          |          |          |             |             |
| Sort_Original | 10000    | Chain       | 561,247.326 μs | 10,949.0018 μs | 19,176.2950 μs | 565,486.083 μs | 1.001 |    0.05 |        - |        - |        - | 44262.59 KB |        1.00 |
| Sort_Kahn     | 10000    | Chain       |   1,090.080 μs |     12.6918 μs |     11.8719 μs |   1,095.833 μs | 0.002 |    0.00 |  76.1719 |  76.1719 |  76.1719 |  1350.97 KB |        0.03 |
|               |          |             |                |                |                |                |       |         |          |          |          |             |             |
| Sort_Original | 10000    | Star        | 220,059.064 μs |  3,266.0947 μs |  3,055.1070 μs | 220,132.437 μs | 1.000 |    0.02 |        - |        - |        - |  2918.61 KB |        1.00 |
| Sort_Kahn     | 10000    | Star        |     670.799 μs |      5.6590 μs |      5.2934 μs |     668.439 μs | 0.003 |    0.00 |  76.1719 |  76.1719 |  76.1719 |  1216.92 KB |        0.42 |
|               |          |             |                |                |                |                |       |         |          |          |          |             |             |
| Sort_Original | 10000    | Independent | 109,958.928 μs |  2,166.1819 μs |  2,127.4803 μs | 111,075.066 μs | 1.000 |    0.03 | 200.0000 | 200.0000 | 200.0000 |  2602.58 KB |        1.00 |
| Sort_Kahn     | 10000    | Independent |     387.872 μs |      2.3470 μs |      2.1954 μs |     388.380 μs | 0.004 |    0.00 |  76.6602 |  76.6602 |  76.6602 |  1088.64 KB |        0.42 |

// * Hints *
Outliers
  Sorting.Sort_Kahn: Default     -> 1 outlier  was  removed (4.97 μs)
  Sorting.Sort_Original: Default -> 1 outlier  was  removed (33.81 μs)
  Sorting.Sort_Original: Default -> 17 outliers were removed (3.35 ms..4.18 ms)
  Sorting.Sort_Kahn: Default     -> 1 outlier  was  detected (60.25 μs)
  Sorting.Sort_Kahn: Default     -> 2 outliers were removed (45.75 μs, 46.51 μs)
  Sorting.Sort_Original: Default -> 1 outlier  was  removed, 2 outliers were detected (28.54 ms, 28.69 ms)
  Sorting.Sort_Original: Default -> 1 outlier  was  removed (5.02 ms)
  Sorting.Sort_Original: Default -> 2 outliers were removed (127.82 ms, 128.17 ms)
  Sorting.Sort_Kahn: Default     -> 1 outlier  was  removed (510.85 μs)
  Sorting.Sort_Kahn: Default     -> 1 outlier  was  removed (444.18 μs)
  Sorting.Sort_Original: Default -> 2 outliers were removed (151.15 ms, 190.30 ms)
  Sorting.Sort_Kahn: Default     -> 3 outliers were removed (493.80 μs..496.26 μs)
  Sorting.Sort_Kahn: Default     -> 1 outlier  was  removed (311.51 μs)
  Sorting.Sort_Original: Default -> 1 outlier  was  removed (27.16 ms)
  Sorting.Sort_Kahn: Default     -> 1 outlier  was  removed (171.65 μs)
  Sorting.Sort_Kahn: Default     -> 1 outlier  was  removed, 4 outliers were detected (988.59 μs..990.23 μs, 1.02 ms)
  Sorting.Sort_Kahn: Default     -> 1 outlier  was  detected (382.26 μs)

// * Legends *
  NumItems    : Value of the 'NumItems' parameter
  GraphType   : Value of the 'GraphType' parameter
  Mean        : Arithmetic mean of all measurements
  Error       : Half of 99.9% confidence interval
  StdDev      : Standard deviation of all measurements
  Median      : Value separating the higher half of all measurements (50th percentile)
  Ratio       : Mean of the ratio distribution ([Current]/[Baseline])
  RatioSD     : Standard deviation of the ratio distribution ([Current]/[Baseline])
  Gen0        : GC Generation 0 collects per 1000 operations
  Gen1        : GC Generation 1 collects per 1000 operations
  Gen2        : GC Generation 2 collects per 1000 operations
  Allocated   : Allocated memory per single operation (managed only, inclusive, 1KB = 1024B)
  Alloc Ratio : Allocated memory ratio distribution ([Current]/[Baseline])
  1 μs        : 1 Microsecond (0.000001 sec)

// * Diagnostic Output - MemoryDiagnoser *


// ***** BenchmarkRunner: End *****
Run time: 00:11:54 (714.21 sec), executed benchmarks: 50

Global total time: 00:13:22 (802.96 sec), executed benchmarks: 50
// * Artifacts cleanup *
Artifacts cleanup is finished
