// Validating benchmarks:
// ***** BenchmarkRunner: Start   *****
// ***** Found 50 benchmark(s) in total *****
// ***** Building 1 exe(s) in Parallel: Start   *****
// start dotnet  restore /p:UseSharedCompilation=false /p:BuildInParallel=false /m:1 /p:Deterministic=true /p:Optimize=true /p:ArtifactsPath="/home/ryang/nexus-app/benchmarks/NexusMods.Benchmarks/bin/Release/net9.0/NexusMods.Benchmarks-DefaultJob-1/" /p:OutDir="/home/ryang/nexus-app/benchmarks/NexusMods.Benchmarks/bin/Release/net9.0/NexusMods.Benchmarks-DefaultJob-1/bin/Release/net9.0/" /p:OutputPath="/home/ryang/nexus-app/benchmarks/NexusMods.Benchmarks/bin/Release/net9.0/NexusMods.Benchmarks-DefaultJob-1/bin/Release/net9.0/" /p:PublishDir="/home/ryang/nexus-app/benchmarks/NexusMods.Benchmarks/bin/Release/net9.0/NexusMods.Benchmarks-DefaultJob-1/publish/" in /home/ryang/nexus-app/benchmarks/NexusMods.Benchmarks/bin/Release/net9.0/NexusMods.Benchmarks-DefaultJob-1
// command took 1.44 sec and exited with 0
// start dotnet  build -c Release --no-restore /p:UseSharedCompilation=false /p:BuildInParallel=false /m:1 /p:Deterministic=true /p:Optimize=true /p:ArtifactsPath="/home/ryang/nexus-app/benchmarks/NexusMods.Benchmarks/bin/Release/net9.0/NexusMods.Benchmarks-DefaultJob-1/" /p:OutDir="/home/ryang/nexus-app/benchmarks/NexusMods.Benchmarks/bin/Release/net9.0/NexusMods.Benchmarks-DefaultJob-1/bin/Release/net9.0/" /p:OutputPath="/home/ryang/nexus-app/benchmarks/NexusMods.Benchmarks/bin/Release/net9.0/NexusMods.Benchmarks-DefaultJob-1/bin/Release/net9.0/" /p:PublishDir="/home/ryang/nexus-app/benchmarks/NexusMods.Benchmarks/bin/Release/net9.0/NexusMods.Benchmarks-DefaultJob-1/publish/" --output "/home/ryang/nexus-app/benchmarks/NexusMods.Benchmarks/bin/Release/net9.0/NexusMods.Benchmarks-DefaultJob-1/bin/Release/net9.0/" in /home/ryang/nexus-app/benchmarks/NexusMods.Benchmarks/bin/Release/net9.0/NexusMods.Benchmarks-DefaultJob-1
// command took 95.52 sec and exited with 0
// ***** Done, took 00:01:37 (97.04 sec)   *****
// Found 50 benchmarks:
//   Sorting.Sort_Original: DefaultJob [NumItems=100, GraphType=Complex]
//   Sorting.Sort_Kahn: DefaultJob [NumItems=100, GraphType=Complex]
//   Sorting.Sort_Original: DefaultJob [NumItems=100, GraphType=Random]
//   Sorting.Sort_Kahn: DefaultJob [NumItems=100, GraphType=Random]
//   Sorting.Sort_Original: DefaultJob [NumItems=100, GraphType=Chain]
//   Sorting.Sort_Kahn: DefaultJob [NumItems=100, GraphType=Chain]
//   Sorting.Sort_Original: DefaultJob [NumItems=100, GraphType=Star]
//   Sorting.Sort_Kahn: DefaultJob [NumItems=100, GraphType=Star]
//   Sorting.Sort_Original: DefaultJob [NumItems=100, GraphType=Independent]
//   Sorting.Sort_Kahn: DefaultJob [NumItems=100, GraphType=Independent]
//   Sorting.Sort_Original: DefaultJob [NumItems=1000, GraphType=Complex]
//   Sorting.Sort_Kahn: DefaultJob [NumItems=1000, GraphType=Complex]
//   Sorting.Sort_Original: DefaultJob [NumItems=1000, GraphType=Random]
//   Sorting.Sort_Kahn: DefaultJob [NumItems=1000, GraphType=Random]
//   Sorting.Sort_Original: DefaultJob [NumItems=1000, GraphType=Chain]
//   Sorting.Sort_Kahn: DefaultJob [NumItems=1000, GraphType=Chain]
//   Sorting.Sort_Original: DefaultJob [NumItems=1000, GraphType=Star]
//   Sorting.Sort_Kahn: DefaultJob [NumItems=1000, GraphType=Star]
//   Sorting.Sort_Original: DefaultJob [NumItems=1000, GraphType=Independent]
//   Sorting.Sort_Kahn: DefaultJob [NumItems=1000, GraphType=Independent]
//   Sorting.Sort_Original: DefaultJob [NumItems=2000, GraphType=Complex]
//   Sorting.Sort_Kahn: DefaultJob [NumItems=2000, GraphType=Complex]
//   Sorting.Sort_Original: DefaultJob [NumItems=2000, GraphType=Random]
//   Sorting.Sort_Kahn: DefaultJob [NumItems=2000, GraphType=Random]
//   Sorting.Sort_Original: DefaultJob [NumItems=2000, GraphType=Chain]
//   Sorting.Sort_Kahn: DefaultJob [NumItems=2000, GraphType=Chain]
//   Sorting.Sort_Original: DefaultJob [NumItems=2000, GraphType=Star]
//   Sorting.Sort_Kahn: DefaultJob [NumItems=2000, GraphType=Star]
//   Sorting.Sort_Original: DefaultJob [NumItems=2000, GraphType=Independent]
//   Sorting.Sort_Kahn: DefaultJob [NumItems=2000, GraphType=Independent]
//   Sorting.Sort_Original: DefaultJob [NumItems=5000, GraphType=Complex]
//   Sorting.Sort_Kahn: DefaultJob [NumItems=5000, GraphType=Complex]
//   Sorting.Sort_Original: DefaultJob [NumItems=5000, GraphType=Random]
//   Sorting.Sort_Kahn: DefaultJob [NumItems=5000, GraphType=Random]
//   Sorting.Sort_Original: DefaultJob [NumItems=5000, GraphType=Chain]
//   Sorting.Sort_Kahn: DefaultJob [NumItems=5000, GraphType=Chain]
//   Sorting.Sort_Original: DefaultJob [NumItems=5000, GraphType=Star]
//   Sorting.Sort_Kahn: DefaultJob [NumItems=5000, GraphType=Star]
//   Sorting.Sort_Original: DefaultJob [NumItems=5000, GraphType=Independent]
//   Sorting.Sort_Kahn: DefaultJob [NumItems=5000, GraphType=Independent]
//   Sorting.Sort_Original: DefaultJob [NumItems=10000, GraphType=Complex]
//   Sorting.Sort_Kahn: DefaultJob [NumItems=10000, GraphType=Complex]
//   Sorting.Sort_Original: DefaultJob [NumItems=10000, GraphType=Random]
//   Sorting.Sort_Kahn: DefaultJob [NumItems=10000, GraphType=Random]
//   Sorting.Sort_Original: DefaultJob [NumItems=10000, GraphType=Chain]
//   Sorting.Sort_Kahn: DefaultJob [NumItems=10000, GraphType=Chain]
//   Sorting.Sort_Original: DefaultJob [NumItems=10000, GraphType=Star]
//   Sorting.Sort_Kahn: DefaultJob [NumItems=10000, GraphType=Star]
//   Sorting.Sort_Original: DefaultJob [NumItems=10000, GraphType=Independent]
//   Sorting.Sort_Kahn: DefaultJob [NumItems=10000, GraphType=Independent]

// **************************
// Benchmark: Sorting.Sort_Original: DefaultJob [NumItems=100, GraphType=Complex]
// *** Execute ***
// Launch: 1 / 1
// Execute: dotnet NexusMods.Benchmarks-DefaultJob-1.dll --anonymousPipes 124 125 --benchmarkName "NexusMods.Benchmarks.Benchmarks.Sorting.Sort_Original(NumItems: 100, GraphType: Complex)" --job Default --benchmarkId 0 in /home/ryang/nexus-app/benchmarks/NexusMods.Benchmarks/bin/Release/net9.0/NexusMods.Benchmarks-DefaultJob-1/bin/Release/net9.0
// Failed to set up high priority (Permission denied). In order to run benchmarks with high priority, make sure you have the right permissions.
// BeforeAnythingElse

// Benchmark Process Environment Information:
// BenchmarkDotNet v0.15.2
// Runtime=.NET 9.0.11 (9.0.1125.51716), X64 RyuJIT AVX-512F+CD+BW+DQ+VL+VBMI
// GC=Concurrent Workstation
// HardwareIntrinsics=AVX-512F+CD+BW+DQ+VL+VBMI,AES,BMI1,BMI2,FMA,LZCNT,PCLMUL,POPCNT,AvxVnni VectorSize=256
// Job: DefaultJob

OverheadJitting  1: 1 op, 169465.00 ns, 169.4650 us/op
WorkloadJitting  1: 1 op, 10075496.00 ns, 10.0755 ms/op

OverheadJitting  2: 16 op, 361242.00 ns, 22.5776 us/op
WorkloadJitting  2: 16 op, 11662957.00 ns, 728.9348 us/op

WorkloadPilot    1: 16 op, 6681927.00 ns, 417.6204 us/op
WorkloadPilot    2: 32 op, 13602943.00 ns, 425.0920 us/op
WorkloadPilot    3: 64 op, 27942225.00 ns, 436.5973 us/op
WorkloadPilot    4: 128 op, 51360527.00 ns, 401.2541 us/op
WorkloadPilot    5: 256 op, 96796717.00 ns, 378.1122 us/op
WorkloadPilot    6: 512 op, 224513384.00 ns, 438.5027 us/op
WorkloadPilot    7: 1024 op, 217146444.00 ns, 212.0571 us/op
WorkloadPilot    8: 2048 op, 378705105.00 ns, 184.9146 us/op
WorkloadPilot    9: 4096 op, 676593028.00 ns, 165.1838 us/op

OverheadWarmup   1: 4096 op, 13757.00 ns, 3.3586 ns/op
OverheadWarmup   2: 4096 op, 9889.00 ns, 2.4143 ns/op
OverheadWarmup   3: 4096 op, 9799.00 ns, 2.3923 ns/op
OverheadWarmup   4: 4096 op, 9568.00 ns, 2.3359 ns/op
OverheadWarmup   5: 4096 op, 10099.00 ns, 2.4656 ns/op
OverheadWarmup   6: 4096 op, 9749.00 ns, 2.3801 ns/op
OverheadWarmup   7: 4096 op, 12504.00 ns, 3.0527 ns/op
OverheadWarmup   8: 4096 op, 10130.00 ns, 2.4731 ns/op

OverheadActual   1: 4096 op, 9969.00 ns, 2.4338 ns/op
OverheadActual   2: 4096 op, 11171.00 ns, 2.7273 ns/op
OverheadActual   3: 4096 op, 13176.00 ns, 3.2168 ns/op
OverheadActual   4: 4096 op, 8276.00 ns, 2.0205 ns/op
OverheadActual   5: 4096 op, 8266.00 ns, 2.0181 ns/op
OverheadActual   6: 4096 op, 8035.00 ns, 1.9617 ns/op
OverheadActual   7: 4096 op, 7985.00 ns, 1.9495 ns/op
OverheadActual   8: 4096 op, 7996.00 ns, 1.9521 ns/op
OverheadActual   9: 4096 op, 13115.00 ns, 3.2019 ns/op
OverheadActual  10: 4096 op, 8056.00 ns, 1.9668 ns/op
OverheadActual  11: 4096 op, 12805.00 ns, 3.1262 ns/op
OverheadActual  12: 4096 op, 8125.00 ns, 1.9836 ns/op
OverheadActual  13: 4096 op, 12835.00 ns, 3.1335 ns/op
OverheadActual  14: 4096 op, 14939.00 ns, 3.6472 ns/op
OverheadActual  15: 4096 op, 9729.00 ns, 2.3752 ns/op
OverheadActual  16: 4096 op, 9699.00 ns, 2.3679 ns/op
OverheadActual  17: 4096 op, 9688.00 ns, 2.3652 ns/op
OverheadActual  18: 4096 op, 12995.00 ns, 3.1726 ns/op
OverheadActual  19: 4096 op, 8086.00 ns, 1.9741 ns/op
OverheadActual  20: 4096 op, 8707.00 ns, 2.1257 ns/op

OverheadWarmup   1: 4096 op, 8386.00 ns, 2.0474 ns/op
OverheadWarmup   2: 4096 op, 8436.00 ns, 2.0596 ns/op
OverheadWarmup   3: 4096 op, 8396.00 ns, 2.0498 ns/op
OverheadWarmup   4: 4096 op, 8296.00 ns, 2.0254 ns/op
OverheadWarmup   5: 4096 op, 8426.00 ns, 2.0571 ns/op
OverheadWarmup   6: 4096 op, 8326.00 ns, 2.0327 ns/op

// BeforeActualRun
WorkloadActual   1: 4096 op, 684942047.00 ns, 167.2222 us/op
WorkloadActual   2: 4096 op, 813782576.00 ns, 198.6774 us/op
WorkloadActual   3: 4096 op, 1085494494.00 ns, 265.0133 us/op
WorkloadActual   4: 4096 op, 838379714.00 ns, 204.6825 us/op
WorkloadActual   5: 4096 op, 837613245.00 ns, 204.4954 us/op
WorkloadActual   6: 4096 op, 741476563.00 ns, 181.0246 us/op
WorkloadActual   7: 4096 op, 753659947.00 ns, 183.9990 us/op
WorkloadActual   8: 4096 op, 767349655.00 ns, 187.3412 us/op
WorkloadActual   9: 4096 op, 740945085.00 ns, 180.8948 us/op
WorkloadActual  10: 4096 op, 776952426.00 ns, 189.6857 us/op
WorkloadActual  11: 4096 op, 802117202.00 ns, 195.8294 us/op
WorkloadActual  12: 4096 op, 758913247.00 ns, 185.2816 us/op
WorkloadActual  13: 4096 op, 767236067.00 ns, 187.3135 us/op
WorkloadActual  14: 4096 op, 884205359.00 ns, 215.8704 us/op
WorkloadActual  15: 4096 op, 812439220.00 ns, 198.3494 us/op
WorkloadActual  16: 4096 op, 990472835.00 ns, 241.8147 us/op
WorkloadActual  17: 4096 op, 1030849374.00 ns, 251.6722 us/op
WorkloadActual  18: 4096 op, 868127395.00 ns, 211.9452 us/op
WorkloadActual  19: 4096 op, 806981026.00 ns, 197.0169 us/op
WorkloadActual  20: 4096 op, 1067538692.00 ns, 260.6296 us/op
WorkloadActual  21: 4096 op, 918352568.00 ns, 224.2072 us/op
WorkloadActual  22: 4096 op, 771000956.00 ns, 188.2327 us/op
WorkloadActual  23: 4096 op, 857847736.00 ns, 209.4355 us/op
WorkloadActual  24: 4096 op, 1012346646.00 ns, 247.1549 us/op
WorkloadActual  25: 4096 op, 838858939.00 ns, 204.7995 us/op
WorkloadActual  26: 4096 op, 850382980.00 ns, 207.6130 us/op
WorkloadActual  27: 4096 op, 884589552.00 ns, 215.9642 us/op
WorkloadActual  28: 4096 op, 898129104.00 ns, 219.2698 us/op
WorkloadActual  29: 4096 op, 936827129.00 ns, 228.7176 us/op
WorkloadActual  30: 4096 op, 1014386251.00 ns, 247.6529 us/op
WorkloadActual  31: 4096 op, 901312650.00 ns, 220.0470 us/op
WorkloadActual  32: 4096 op, 804822521.00 ns, 196.4899 us/op
WorkloadActual  33: 4096 op, 799412960.00 ns, 195.1692 us/op
WorkloadActual  34: 4096 op, 806181583.00 ns, 196.8217 us/op
WorkloadActual  35: 4096 op, 998170964.00 ns, 243.6941 us/op
WorkloadActual  36: 4096 op, 984665478.00 ns, 240.3968 us/op
WorkloadActual  37: 4096 op, 997790927.00 ns, 243.6013 us/op
WorkloadActual  38: 4096 op, 987666045.00 ns, 241.1294 us/op
WorkloadActual  39: 4096 op, 948876174.00 ns, 231.6592 us/op
WorkloadActual  40: 4096 op, 844351175.00 ns, 206.1404 us/op
WorkloadActual  41: 4096 op, 852843309.00 ns, 208.2137 us/op
WorkloadActual  42: 4096 op, 1109123491.00 ns, 270.7821 us/op
WorkloadActual  43: 4096 op, 1591758942.00 ns, 388.6130 us/op
WorkloadActual  44: 4096 op, 1130646733.00 ns, 276.0368 us/op
WorkloadActual  45: 4096 op, 1336553698.00 ns, 326.3071 us/op
WorkloadActual  46: 4096 op, 1259692923.00 ns, 307.5422 us/op
WorkloadActual  47: 4096 op, 1258564751.00 ns, 307.2668 us/op
WorkloadActual  48: 4096 op, 1513718005.00 ns, 369.5601 us/op
WorkloadActual  49: 4096 op, 1198418849.00 ns, 292.5827 us/op
WorkloadActual  50: 4096 op, 1203513416.00 ns, 293.8265 us/op
WorkloadActual  51: 4096 op, 1211680818.00 ns, 295.8205 us/op
WorkloadActual  52: 4096 op, 1190224463.00 ns, 290.5821 us/op
WorkloadActual  53: 4096 op, 1421155115.00 ns, 346.9617 us/op
WorkloadActual  54: 4096 op, 1351956505.00 ns, 330.0675 us/op
WorkloadActual  55: 4096 op, 1305916017.00 ns, 318.8272 us/op
WorkloadActual  56: 4096 op, 1272960851.00 ns, 310.7815 us/op
WorkloadActual  57: 4096 op, 1508191487.00 ns, 368.2108 us/op
WorkloadActual  58: 4096 op, 1258172978.00 ns, 307.1711 us/op
WorkloadActual  59: 4096 op, 1373826347.00 ns, 335.4068 us/op
WorkloadActual  60: 4096 op, 1346556140.00 ns, 328.7491 us/op
WorkloadActual  61: 4096 op, 1427916171.00 ns, 348.6123 us/op
WorkloadActual  62: 4096 op, 1478677850.00 ns, 361.0053 us/op
WorkloadActual  63: 4096 op, 1432466164.00 ns, 349.7232 us/op
WorkloadActual  64: 4096 op, 1315422380.00 ns, 321.1480 us/op
WorkloadActual  65: 4096 op, 1377179949.00 ns, 336.2256 us/op
WorkloadActual  66: 4096 op, 1520684390.00 ns, 371.2608 us/op
WorkloadActual  67: 4096 op, 1428959627.00 ns, 348.8671 us/op
WorkloadActual  68: 4096 op, 1329253078.00 ns, 324.5247 us/op
WorkloadActual  69: 4096 op, 1277804994.00 ns, 311.9641 us/op
WorkloadActual  70: 4096 op, 1411705721.00 ns, 344.6547 us/op
WorkloadActual  71: 4096 op, 1260281873.00 ns, 307.6860 us/op
WorkloadActual  72: 4096 op, 1323696354.00 ns, 323.1681 us/op
WorkloadActual  73: 4096 op, 1295784687.00 ns, 316.3537 us/op
WorkloadActual  74: 4096 op, 1344524223.00 ns, 328.2530 us/op
WorkloadActual  75: 4096 op, 1378719564.00 ns, 336.6015 us/op
WorkloadActual  76: 4096 op, 1282262029.00 ns, 313.0523 us/op
WorkloadActual  77: 4096 op, 1291481174.00 ns, 315.3030 us/op
WorkloadActual  78: 4096 op, 1295412552.00 ns, 316.2628 us/op
WorkloadActual  79: 4096 op, 1444805611.00 ns, 352.7357 us/op
WorkloadActual  80: 4096 op, 1284939404.00 ns, 313.7059 us/op
WorkloadActual  81: 4096 op, 1325219348.00 ns, 323.5399 us/op
WorkloadActual  82: 4096 op, 1212603746.00 ns, 296.0458 us/op
WorkloadActual  83: 4096 op, 1196921110.00 ns, 292.2171 us/op
WorkloadActual  84: 4096 op, 1387010871.00 ns, 338.6257 us/op
WorkloadActual  85: 4096 op, 1351822397.00 ns, 330.0348 us/op
WorkloadActual  86: 4096 op, 1252423448.00 ns, 305.7674 us/op
WorkloadActual  87: 4096 op, 1276012024.00 ns, 311.5264 us/op
WorkloadActual  88: 4096 op, 1294072433.00 ns, 315.9357 us/op
WorkloadActual  89: 4096 op, 1331252580.00 ns, 325.0128 us/op
WorkloadActual  90: 4096 op, 1398224625.00 ns, 341.3634 us/op
WorkloadActual  91: 4096 op, 1415873997.00 ns, 345.6724 us/op
WorkloadActual  92: 4096 op, 1394524258.00 ns, 340.4600 us/op
WorkloadActual  93: 4096 op, 1446713111.00 ns, 353.2014 us/op
WorkloadActual  94: 4096 op, 1402957187.00 ns, 342.5188 us/op
WorkloadActual  95: 4096 op, 1531274591.00 ns, 373.8463 us/op
WorkloadActual  96: 4096 op, 1462959213.00 ns, 357.1678 us/op
WorkloadActual  97: 4096 op, 1452229112.00 ns, 354.5481 us/op
WorkloadActual  98: 4096 op, 1486424312.00 ns, 362.8966 us/op
WorkloadActual  99: 4096 op, 1462406112.00 ns, 357.0327 us/op
WorkloadActual  100: 4096 op, 1407597682.00 ns, 343.6518 us/op

// AfterActualRun
WorkloadResult   1: 4096 op, 684932353.50 ns, 167.2198 us/op
WorkloadResult   2: 4096 op, 813772882.50 ns, 198.6750 us/op
WorkloadResult   3: 4096 op, 1085484800.50 ns, 265.0109 us/op
WorkloadResult   4: 4096 op, 838370020.50 ns, 204.6802 us/op
WorkloadResult   5: 4096 op, 837603551.50 ns, 204.4931 us/op
WorkloadResult   6: 4096 op, 741466869.50 ns, 181.0222 us/op
WorkloadResult   7: 4096 op, 753650253.50 ns, 183.9966 us/op
WorkloadResult   8: 4096 op, 767339961.50 ns, 187.3389 us/op
WorkloadResult   9: 4096 op, 740935391.50 ns, 180.8924 us/op
WorkloadResult  10: 4096 op, 776942732.50 ns, 189.6833 us/op
WorkloadResult  11: 4096 op, 802107508.50 ns, 195.8270 us/op
WorkloadResult  12: 4096 op, 758903553.50 ns, 185.2792 us/op
WorkloadResult  13: 4096 op, 767226373.50 ns, 187.3111 us/op
WorkloadResult  14: 4096 op, 884195665.50 ns, 215.8681 us/op
WorkloadResult  15: 4096 op, 812429526.50 ns, 198.3471 us/op
WorkloadResult  16: 4096 op, 990463141.50 ns, 241.8123 us/op
WorkloadResult  17: 4096 op, 1030839680.50 ns, 251.6698 us/op
WorkloadResult  18: 4096 op, 868117701.50 ns, 211.9428 us/op
WorkloadResult  19: 4096 op, 806971332.50 ns, 197.0145 us/op
WorkloadResult  20: 4096 op, 1067528998.50 ns, 260.6272 us/op
WorkloadResult  21: 4096 op, 918342874.50 ns, 224.2048 us/op
WorkloadResult  22: 4096 op, 770991262.50 ns, 188.2303 us/op
WorkloadResult  23: 4096 op, 857838042.50 ns, 209.4331 us/op
WorkloadResult  24: 4096 op, 1012336952.50 ns, 247.1526 us/op
WorkloadResult  25: 4096 op, 838849245.50 ns, 204.7972 us/op
WorkloadResult  26: 4096 op, 850373286.50 ns, 207.6107 us/op
WorkloadResult  27: 4096 op, 884579858.50 ns, 215.9619 us/op
WorkloadResult  28: 4096 op, 898119410.50 ns, 219.2674 us/op
WorkloadResult  29: 4096 op, 936817435.50 ns, 228.7152 us/op
WorkloadResult  30: 4096 op, 1014376557.50 ns, 247.6505 us/op
WorkloadResult  31: 4096 op, 901302956.50 ns, 220.0447 us/op
WorkloadResult  32: 4096 op, 804812827.50 ns, 196.4875 us/op
WorkloadResult  33: 4096 op, 799403266.50 ns, 195.1668 us/op
WorkloadResult  34: 4096 op, 806171889.50 ns, 196.8193 us/op
WorkloadResult  35: 4096 op, 998161270.50 ns, 243.6917 us/op
WorkloadResult  36: 4096 op, 984655784.50 ns, 240.3945 us/op
WorkloadResult  37: 4096 op, 997781233.50 ns, 243.5989 us/op
WorkloadResult  38: 4096 op, 987656351.50 ns, 241.1270 us/op
WorkloadResult  39: 4096 op, 948866480.50 ns, 231.6569 us/op
WorkloadResult  40: 4096 op, 844341481.50 ns, 206.1381 us/op
WorkloadResult  41: 4096 op, 852833615.50 ns, 208.2113 us/op
WorkloadResult  42: 4096 op, 1109113797.50 ns, 270.7797 us/op
WorkloadResult  43: 4096 op, 1591749248.50 ns, 388.6107 us/op
WorkloadResult  44: 4096 op, 1130637039.50 ns, 276.0344 us/op
WorkloadResult  45: 4096 op, 1336544004.50 ns, 326.3047 us/op
WorkloadResult  46: 4096 op, 1259683229.50 ns, 307.5399 us/op
WorkloadResult  47: 4096 op, 1258555057.50 ns, 307.2644 us/op
WorkloadResult  48: 4096 op, 1513708311.50 ns, 369.5577 us/op
WorkloadResult  49: 4096 op, 1198409155.50 ns, 292.5804 us/op
WorkloadResult  50: 4096 op, 1203503722.50 ns, 293.8242 us/op
WorkloadResult  51: 4096 op, 1211671124.50 ns, 295.8181 us/op
WorkloadResult  52: 4096 op, 1190214769.50 ns, 290.5798 us/op
WorkloadResult  53: 4096 op, 1421145421.50 ns, 346.9593 us/op
WorkloadResult  54: 4096 op, 1351946811.50 ns, 330.0651 us/op
WorkloadResult  55: 4096 op, 1305906323.50 ns, 318.8248 us/op
WorkloadResult  56: 4096 op, 1272951157.50 ns, 310.7791 us/op
WorkloadResult  57: 4096 op, 1508181793.50 ns, 368.2084 us/op
WorkloadResult  58: 4096 op, 1258163284.50 ns, 307.1688 us/op
WorkloadResult  59: 4096 op, 1373816653.50 ns, 335.4045 us/op
WorkloadResult  60: 4096 op, 1346546446.50 ns, 328.7467 us/op
WorkloadResult  61: 4096 op, 1427906477.50 ns, 348.6100 us/op
WorkloadResult  62: 4096 op, 1478668156.50 ns, 361.0030 us/op
WorkloadResult  63: 4096 op, 1432456470.50 ns, 349.7208 us/op
WorkloadResult  64: 4096 op, 1315412686.50 ns, 321.1457 us/op
WorkloadResult  65: 4096 op, 1377170255.50 ns, 336.2232 us/op
WorkloadResult  66: 4096 op, 1520674696.50 ns, 371.2585 us/op
WorkloadResult  67: 4096 op, 1428949933.50 ns, 348.8647 us/op
WorkloadResult  68: 4096 op, 1329243384.50 ns, 324.5223 us/op
WorkloadResult  69: 4096 op, 1277795300.50 ns, 311.9617 us/op
WorkloadResult  70: 4096 op, 1411696027.50 ns, 344.6524 us/op
WorkloadResult  71: 4096 op, 1260272179.50 ns, 307.6836 us/op
WorkloadResult  72: 4096 op, 1323686660.50 ns, 323.1657 us/op
WorkloadResult  73: 4096 op, 1295774993.50 ns, 316.3513 us/op
WorkloadResult  74: 4096 op, 1344514529.50 ns, 328.2506 us/op
WorkloadResult  75: 4096 op, 1378709870.50 ns, 336.5991 us/op
WorkloadResult  76: 4096 op, 1282252335.50 ns, 313.0499 us/op
WorkloadResult  77: 4096 op, 1291471480.50 ns, 315.3007 us/op
WorkloadResult  78: 4096 op, 1295402858.50 ns, 316.2605 us/op
WorkloadResult  79: 4096 op, 1444795917.50 ns, 352.7334 us/op
WorkloadResult  80: 4096 op, 1284929710.50 ns, 313.7035 us/op
WorkloadResult  81: 4096 op, 1325209654.50 ns, 323.5375 us/op
WorkloadResult  82: 4096 op, 1212594052.50 ns, 296.0435 us/op
WorkloadResult  83: 4096 op, 1196911416.50 ns, 292.2147 us/op
WorkloadResult  84: 4096 op, 1387001177.50 ns, 338.6233 us/op
WorkloadResult  85: 4096 op, 1351812703.50 ns, 330.0324 us/op
WorkloadResult  86: 4096 op, 1252413754.50 ns, 305.7651 us/op
WorkloadResult  87: 4096 op, 1276002330.50 ns, 311.5240 us/op
WorkloadResult  88: 4096 op, 1294062739.50 ns, 315.9333 us/op
WorkloadResult  89: 4096 op, 1331242886.50 ns, 325.0105 us/op
WorkloadResult  90: 4096 op, 1398214931.50 ns, 341.3611 us/op
WorkloadResult  91: 4096 op, 1415864303.50 ns, 345.6700 us/op
WorkloadResult  92: 4096 op, 1394514564.50 ns, 340.4577 us/op
WorkloadResult  93: 4096 op, 1446703417.50 ns, 353.1991 us/op
WorkloadResult  94: 4096 op, 1402947493.50 ns, 342.5165 us/op
WorkloadResult  95: 4096 op, 1531264897.50 ns, 373.8440 us/op
WorkloadResult  96: 4096 op, 1462949519.50 ns, 357.1654 us/op
WorkloadResult  97: 4096 op, 1452219418.50 ns, 354.5458 us/op
WorkloadResult  98: 4096 op, 1486414618.50 ns, 362.8942 us/op
WorkloadResult  99: 4096 op, 1462396418.50 ns, 357.0304 us/op
WorkloadResult  100: 4096 op, 1407587988.50 ns, 343.6494 us/op
// GC:  12 1 0 630882712 4096
// Threading:  16430 163 4096

// AfterAll
// Benchmark Process 1013454 has exited with code 0.

Mean = 281.422 μs, StdErr = 6.269 μs (2.23%), N = 100, StdDev = 62.690 μs
Min = 167.220 μs, Q1 = 215.938 μs, Median = 306.467 μs, Q3 = 335.609 μs, Max = 388.611 μs
IQR = 119.671 μs, LowerFence = 36.432 μs, UpperFence = 515.115 μs
ConfidenceInterval = [260.160 μs; 302.684 μs] (CI 99.9%), Margin = 21.262 μs (7.56% of Mean)
Skewness = -0.25, Kurtosis = 1.58, MValue = 3.33

// ** Remained 49 (98.0%) benchmark(s) to run. Estimated finish 2026-01-01 3:19 (1h 37m from now) **
// **************************
// Benchmark: Sorting.Sort_Kahn: DefaultJob [NumItems=100, GraphType=Complex]
// *** Execute ***
// Launch: 1 / 1
// Execute: dotnet NexusMods.Benchmarks-DefaultJob-1.dll --anonymousPipes 126 127 --benchmarkName "NexusMods.Benchmarks.Benchmarks.Sorting.Sort_Kahn(NumItems: 100, GraphType: Complex)" --job Default --benchmarkId 1 in /home/ryang/nexus-app/benchmarks/NexusMods.Benchmarks/bin/Release/net9.0/NexusMods.Benchmarks-DefaultJob-1/bin/Release/net9.0
// Failed to set up high priority (Permission denied). In order to run benchmarks with high priority, make sure you have the right permissions.
// BeforeAnythingElse

// Benchmark Process Environment Information:
// BenchmarkDotNet v0.15.2
// Runtime=.NET 9.0.11 (9.0.1125.51716), X64 RyuJIT AVX-512F+CD+BW+DQ+VL+VBMI
// GC=Concurrent Workstation
// HardwareIntrinsics=AVX-512F+CD+BW+DQ+VL+VBMI,AES,BMI1,BMI2,FMA,LZCNT,PCLMUL,POPCNT,AvxVnni VectorSize=256
// Job: DefaultJob

OverheadJitting  1: 1 op, 170076.00 ns, 170.0760 us/op
WorkloadJitting  1: 1 op, 1942731.00 ns, 1.9427 ms/op

OverheadJitting  2: 16 op, 476883.00 ns, 29.8052 us/op
WorkloadJitting  2: 16 op, 1990261.00 ns, 124.3913 us/op

WorkloadPilot    1: 16 op, 374206.00 ns, 23.3879 us/op
WorkloadPilot    2: 32 op, 681896.00 ns, 21.3093 us/op
WorkloadPilot    3: 64 op, 1959292.00 ns, 30.6139 us/op
WorkloadPilot    4: 128 op, 3082834.00 ns, 24.0846 us/op
WorkloadPilot    5: 256 op, 6440865.00 ns, 25.1596 us/op
WorkloadPilot    6: 512 op, 13422146.00 ns, 26.2151 us/op
WorkloadPilot    7: 1024 op, 32186314.00 ns, 31.4319 us/op
WorkloadPilot    8: 2048 op, 52434332.00 ns, 25.6027 us/op
WorkloadPilot    9: 4096 op, 46143714.00 ns, 11.2656 us/op
WorkloadPilot   10: 8192 op, 75587144.00 ns, 9.2269 us/op
WorkloadPilot   11: 16384 op, 138413219.00 ns, 8.4481 us/op
WorkloadPilot   12: 32768 op, 298927576.00 ns, 9.1225 us/op
WorkloadPilot   13: 65536 op, 551688674.00 ns, 8.4181 us/op

OverheadWarmup   1: 65536 op, 141651.00 ns, 2.1614 ns/op
OverheadWarmup   2: 65536 op, 169955.00 ns, 2.5933 ns/op
OverheadWarmup   3: 65536 op, 127745.00 ns, 1.9492 ns/op
OverheadWarmup   4: 65536 op, 127705.00 ns, 1.9486 ns/op
OverheadWarmup   5: 65536 op, 127594.00 ns, 1.9469 ns/op
OverheadWarmup   6: 65536 op, 127895.00 ns, 1.9515 ns/op
OverheadWarmup   7: 65536 op, 158974.00 ns, 2.4258 ns/op
OverheadWarmup   8: 65536 op, 210514.00 ns, 3.2122 ns/op
OverheadWarmup   9: 65536 op, 153744.00 ns, 2.3459 ns/op

OverheadActual   1: 65536 op, 153384.00 ns, 2.3405 ns/op
OverheadActual   2: 65536 op, 180636.00 ns, 2.7563 ns/op
OverheadActual   3: 65536 op, 181167.00 ns, 2.7644 ns/op
OverheadActual   4: 65536 op, 219400.00 ns, 3.3478 ns/op
OverheadActual   5: 65536 op, 145529.00 ns, 2.2206 ns/op
OverheadActual   6: 65536 op, 144707.00 ns, 2.2081 ns/op
OverheadActual   7: 65536 op, 128295.00 ns, 1.9576 ns/op
OverheadActual   8: 65536 op, 211305.00 ns, 3.2243 ns/op
OverheadActual   9: 65536 op, 210744.00 ns, 3.2157 ns/op
OverheadActual  10: 65536 op, 129468.00 ns, 1.9755 ns/op
OverheadActual  11: 65536 op, 132954.00 ns, 2.0287 ns/op
OverheadActual  12: 65536 op, 175106.00 ns, 2.6719 ns/op
OverheadActual  13: 65536 op, 130019.00 ns, 1.9839 ns/op
OverheadActual  14: 65536 op, 174865.00 ns, 2.6682 ns/op
OverheadActual  15: 65536 op, 250390.00 ns, 3.8206 ns/op
OverheadActual  16: 65536 op, 156871.00 ns, 2.3937 ns/op
OverheadActual  17: 65536 op, 175095.00 ns, 2.6717 ns/op
OverheadActual  18: 65536 op, 165136.00 ns, 2.5198 ns/op
OverheadActual  19: 65536 op, 145999.00 ns, 2.2278 ns/op
OverheadActual  20: 65536 op, 128156.00 ns, 1.9555 ns/op

OverheadWarmup   1: 65536 op, 201847.00 ns, 3.0799 ns/op
OverheadWarmup   2: 65536 op, 143184.00 ns, 2.1848 ns/op
OverheadWarmup   3: 65536 op, 132634.00 ns, 2.0238 ns/op
OverheadWarmup   4: 65536 op, 131613.00 ns, 2.0083 ns/op
OverheadWarmup   5: 65536 op, 130089.00 ns, 1.9850 ns/op
OverheadWarmup   6: 65536 op, 127784.00 ns, 1.9498 ns/op
OverheadWarmup   7: 65536 op, 187339.00 ns, 2.8586 ns/op
OverheadWarmup   8: 65536 op, 142433.00 ns, 2.1734 ns/op
OverheadWarmup   9: 65536 op, 170256.00 ns, 2.5979 ns/op
OverheadWarmup  10: 65536 op, 135660.00 ns, 2.0700 ns/op

// BeforeActualRun
WorkloadActual   1: 65536 op, 657723242.00 ns, 10.0361 us/op
WorkloadActual   2: 65536 op, 601603732.00 ns, 9.1797 us/op
WorkloadActual   3: 65536 op, 580831759.00 ns, 8.8628 us/op
WorkloadActual   4: 65536 op, 588061525.00 ns, 8.9731 us/op
WorkloadActual   5: 65536 op, 577030619.00 ns, 8.8048 us/op
WorkloadActual   6: 65536 op, 566747775.00 ns, 8.6479 us/op
WorkloadActual   7: 65536 op, 619042470.00 ns, 9.4458 us/op
WorkloadActual   8: 65536 op, 564164638.00 ns, 8.6085 us/op
WorkloadActual   9: 65536 op, 530314418.00 ns, 8.0920 us/op
WorkloadActual  10: 65536 op, 518178866.00 ns, 7.9068 us/op
WorkloadActual  11: 65536 op, 535314063.00 ns, 8.1682 us/op
WorkloadActual  12: 65536 op, 553497689.00 ns, 8.4457 us/op
WorkloadActual  13: 65536 op, 558077750.00 ns, 8.5156 us/op
WorkloadActual  14: 65536 op, 570144810.00 ns, 8.6997 us/op
WorkloadActual  15: 65536 op, 596162650.00 ns, 9.0967 us/op
WorkloadActual  16: 65536 op, 561102894.00 ns, 8.5618 us/op
WorkloadActual  17: 65536 op, 583162532.00 ns, 8.8984 us/op
WorkloadActual  18: 65536 op, 636339797.00 ns, 9.7098 us/op
WorkloadActual  19: 65536 op, 536867518.00 ns, 8.1919 us/op
WorkloadActual  20: 65536 op, 528552483.00 ns, 8.0651 us/op
WorkloadActual  21: 65536 op, 551452892.00 ns, 8.4145 us/op
WorkloadActual  22: 65536 op, 545243660.00 ns, 8.3198 us/op
WorkloadActual  23: 65536 op, 555037066.00 ns, 8.4692 us/op
WorkloadActual  24: 65536 op, 570850071.00 ns, 8.7105 us/op
WorkloadActual  25: 65536 op, 556434803.00 ns, 8.4905 us/op
WorkloadActual  26: 65536 op, 557908585.00 ns, 8.5130 us/op
WorkloadActual  27: 65536 op, 578540670.00 ns, 8.8278 us/op
WorkloadActual  28: 65536 op, 612512773.00 ns, 9.3462 us/op
WorkloadActual  29: 65536 op, 671273812.00 ns, 10.2428 us/op
WorkloadActual  30: 65536 op, 621234888.00 ns, 9.4793 us/op
WorkloadActual  31: 65536 op, 579710540.00 ns, 8.8457 us/op
WorkloadActual  32: 65536 op, 612360852.00 ns, 9.3439 us/op
WorkloadActual  33: 65536 op, 600392259.00 ns, 9.1613 us/op
WorkloadActual  34: 65536 op, 640236429.00 ns, 9.7692 us/op
WorkloadActual  35: 65536 op, 594915831.00 ns, 9.0777 us/op
WorkloadActual  36: 65536 op, 598911744.00 ns, 9.1387 us/op
WorkloadActual  37: 65536 op, 627490227.00 ns, 9.5747 us/op
WorkloadActual  38: 65536 op, 590080149.00 ns, 9.0039 us/op
WorkloadActual  39: 65536 op, 592329247.00 ns, 9.0382 us/op
WorkloadActual  40: 65536 op, 592888408.00 ns, 9.0468 us/op
WorkloadActual  41: 65536 op, 594871335.00 ns, 9.0770 us/op
WorkloadActual  42: 65536 op, 595595503.00 ns, 9.0881 us/op
WorkloadActual  43: 65536 op, 543925925.00 ns, 8.2997 us/op
WorkloadActual  44: 65536 op, 556515126.00 ns, 8.4917 us/op
WorkloadActual  45: 65536 op, 567347693.00 ns, 8.6570 us/op
WorkloadActual  46: 65536 op, 554965437.00 ns, 8.4681 us/op
WorkloadActual  47: 65536 op, 558794902.00 ns, 8.5265 us/op
WorkloadActual  48: 65536 op, 600517819.00 ns, 9.1632 us/op
WorkloadActual  49: 65536 op, 579057448.00 ns, 8.8357 us/op
WorkloadActual  50: 65536 op, 558320754.00 ns, 8.5193 us/op
WorkloadActual  51: 65536 op, 552715979.00 ns, 8.4338 us/op
WorkloadActual  52: 65536 op, 578796157.00 ns, 8.8317 us/op
WorkloadActual  53: 65536 op, 578900177.00 ns, 8.8333 us/op
WorkloadActual  54: 65536 op, 543643273.00 ns, 8.2953 us/op
WorkloadActual  55: 65536 op, 528984168.00 ns, 8.0717 us/op
WorkloadActual  56: 65536 op, 545514557.00 ns, 8.3239 us/op
WorkloadActual  57: 65536 op, 533370138.00 ns, 8.1386 us/op
WorkloadActual  58: 65536 op, 509742436.00 ns, 7.7781 us/op
WorkloadActual  59: 65536 op, 553916598.00 ns, 8.4521 us/op
WorkloadActual  60: 65536 op, 543733636.00 ns, 8.2967 us/op
WorkloadActual  61: 65536 op, 514876900.00 ns, 7.8564 us/op
WorkloadActual  62: 65536 op, 515374512.00 ns, 7.8640 us/op
WorkloadActual  63: 65536 op, 497461937.00 ns, 7.5907 us/op
WorkloadActual  64: 65536 op, 522818940.00 ns, 7.9776 us/op
WorkloadActual  65: 65536 op, 534792131.00 ns, 8.1603 us/op
WorkloadActual  66: 65536 op, 535664592.00 ns, 8.1736 us/op
WorkloadActual  67: 65536 op, 570771929.00 ns, 8.7093 us/op
WorkloadActual  68: 65536 op, 599009310.00 ns, 9.1402 us/op
WorkloadActual  69: 65536 op, 573674418.00 ns, 8.7536 us/op
WorkloadActual  70: 65536 op, 616717163.00 ns, 9.4104 us/op
WorkloadActual  71: 65536 op, 609575836.00 ns, 9.3014 us/op
WorkloadActual  72: 65536 op, 546468934.00 ns, 8.3385 us/op
WorkloadActual  73: 65536 op, 559181060.00 ns, 8.5324 us/op
WorkloadActual  74: 65536 op, 538172735.00 ns, 8.2119 us/op
WorkloadActual  75: 65536 op, 533611169.00 ns, 8.1423 us/op
WorkloadActual  76: 65536 op, 543040919.00 ns, 8.2861 us/op
WorkloadActual  77: 65536 op, 543449912.00 ns, 8.2924 us/op
WorkloadActual  78: 65536 op, 547417239.00 ns, 8.3529 us/op
WorkloadActual  79: 65536 op, 555123939.00 ns, 8.4705 us/op
WorkloadActual  80: 65536 op, 566333898.00 ns, 8.6416 us/op
WorkloadActual  81: 65536 op, 574288083.00 ns, 8.7629 us/op
WorkloadActual  82: 65536 op, 563607708.00 ns, 8.6000 us/op
WorkloadActual  83: 65536 op, 541380488.00 ns, 8.2608 us/op
WorkloadActual  84: 65536 op, 538464995.00 ns, 8.2163 us/op
WorkloadActual  85: 65536 op, 535250398.00 ns, 8.1673 us/op
WorkloadActual  86: 65536 op, 542222631.00 ns, 8.2737 us/op
WorkloadActual  87: 65536 op, 533311334.00 ns, 8.1377 us/op
WorkloadActual  88: 65536 op, 527853371.00 ns, 8.0544 us/op
WorkloadActual  89: 65536 op, 565972586.00 ns, 8.6361 us/op
WorkloadActual  90: 65536 op, 598924355.00 ns, 9.1389 us/op
WorkloadActual  91: 65536 op, 591214550.00 ns, 9.0212 us/op
WorkloadActual  92: 65536 op, 598860133.00 ns, 9.1379 us/op
WorkloadActual  93: 65536 op, 594074737.00 ns, 9.0649 us/op
WorkloadActual  94: 65536 op, 598266154.00 ns, 9.1288 us/op

// AfterActualRun
WorkloadResult   1: 65536 op, 657562238.50 ns, 10.0336 us/op
WorkloadResult   2: 65536 op, 601442728.50 ns, 9.1773 us/op
WorkloadResult   3: 65536 op, 580670755.50 ns, 8.8603 us/op
WorkloadResult   4: 65536 op, 587900521.50 ns, 8.9707 us/op
WorkloadResult   5: 65536 op, 576869615.50 ns, 8.8023 us/op
WorkloadResult   6: 65536 op, 566586771.50 ns, 8.6454 us/op
WorkloadResult   7: 65536 op, 618881466.50 ns, 9.4434 us/op
WorkloadResult   8: 65536 op, 564003634.50 ns, 8.6060 us/op
WorkloadResult   9: 65536 op, 530153414.50 ns, 8.0895 us/op
WorkloadResult  10: 65536 op, 518017862.50 ns, 7.9043 us/op
WorkloadResult  11: 65536 op, 535153059.50 ns, 8.1658 us/op
WorkloadResult  12: 65536 op, 553336685.50 ns, 8.4432 us/op
WorkloadResult  13: 65536 op, 557916746.50 ns, 8.5131 us/op
WorkloadResult  14: 65536 op, 569983806.50 ns, 8.6973 us/op
WorkloadResult  15: 65536 op, 596001646.50 ns, 9.0943 us/op
WorkloadResult  16: 65536 op, 560941890.50 ns, 8.5593 us/op
WorkloadResult  17: 65536 op, 583001528.50 ns, 8.8959 us/op
WorkloadResult  18: 65536 op, 636178793.50 ns, 9.7073 us/op
WorkloadResult  19: 65536 op, 536706514.50 ns, 8.1895 us/op
WorkloadResult  20: 65536 op, 528391479.50 ns, 8.0626 us/op
WorkloadResult  21: 65536 op, 551291888.50 ns, 8.4120 us/op
WorkloadResult  22: 65536 op, 545082656.50 ns, 8.3173 us/op
WorkloadResult  23: 65536 op, 554876062.50 ns, 8.4667 us/op
WorkloadResult  24: 65536 op, 570689067.50 ns, 8.7080 us/op
WorkloadResult  25: 65536 op, 556273799.50 ns, 8.4881 us/op
WorkloadResult  26: 65536 op, 557747581.50 ns, 8.5106 us/op
WorkloadResult  27: 65536 op, 578379666.50 ns, 8.8254 us/op
WorkloadResult  28: 65536 op, 612351769.50 ns, 9.3437 us/op
WorkloadResult  29: 65536 op, 621073884.50 ns, 9.4768 us/op
WorkloadResult  30: 65536 op, 579549536.50 ns, 8.8432 us/op
WorkloadResult  31: 65536 op, 612199848.50 ns, 9.3414 us/op
WorkloadResult  32: 65536 op, 600231255.50 ns, 9.1588 us/op
WorkloadResult  33: 65536 op, 640075425.50 ns, 9.7668 us/op
WorkloadResult  34: 65536 op, 594754827.50 ns, 9.0752 us/op
WorkloadResult  35: 65536 op, 598750740.50 ns, 9.1362 us/op
WorkloadResult  36: 65536 op, 627329223.50 ns, 9.5723 us/op
WorkloadResult  37: 65536 op, 589919145.50 ns, 9.0015 us/op
WorkloadResult  38: 65536 op, 592168243.50 ns, 9.0358 us/op
WorkloadResult  39: 65536 op, 592727404.50 ns, 9.0443 us/op
WorkloadResult  40: 65536 op, 594710331.50 ns, 9.0746 us/op
WorkloadResult  41: 65536 op, 595434499.50 ns, 9.0856 us/op
WorkloadResult  42: 65536 op, 543764921.50 ns, 8.2972 us/op
WorkloadResult  43: 65536 op, 556354122.50 ns, 8.4893 us/op
WorkloadResult  44: 65536 op, 567186689.50 ns, 8.6546 us/op
WorkloadResult  45: 65536 op, 554804433.50 ns, 8.4656 us/op
WorkloadResult  46: 65536 op, 558633898.50 ns, 8.5241 us/op
WorkloadResult  47: 65536 op, 600356815.50 ns, 9.1607 us/op
WorkloadResult  48: 65536 op, 578896444.50 ns, 8.8333 us/op
WorkloadResult  49: 65536 op, 558159750.50 ns, 8.5168 us/op
WorkloadResult  50: 65536 op, 552554975.50 ns, 8.4313 us/op
WorkloadResult  51: 65536 op, 578635153.50 ns, 8.8293 us/op
WorkloadResult  52: 65536 op, 578739173.50 ns, 8.8309 us/op
WorkloadResult  53: 65536 op, 543482269.50 ns, 8.2929 us/op
WorkloadResult  54: 65536 op, 528823164.50 ns, 8.0692 us/op
WorkloadResult  55: 65536 op, 545353553.50 ns, 8.3214 us/op
WorkloadResult  56: 65536 op, 533209134.50 ns, 8.1361 us/op
WorkloadResult  57: 65536 op, 509581432.50 ns, 7.7756 us/op
WorkloadResult  58: 65536 op, 553755594.50 ns, 8.4496 us/op
WorkloadResult  59: 65536 op, 543572632.50 ns, 8.2943 us/op
WorkloadResult  60: 65536 op, 514715896.50 ns, 7.8539 us/op
WorkloadResult  61: 65536 op, 515213508.50 ns, 7.8615 us/op
WorkloadResult  62: 65536 op, 497300933.50 ns, 7.5882 us/op
WorkloadResult  63: 65536 op, 522657936.50 ns, 7.9751 us/op
WorkloadResult  64: 65536 op, 534631127.50 ns, 8.1578 us/op
WorkloadResult  65: 65536 op, 535503588.50 ns, 8.1711 us/op
WorkloadResult  66: 65536 op, 570610925.50 ns, 8.7068 us/op
WorkloadResult  67: 65536 op, 598848306.50 ns, 9.1377 us/op
WorkloadResult  68: 65536 op, 573513414.50 ns, 8.7511 us/op
WorkloadResult  69: 65536 op, 616556159.50 ns, 9.4079 us/op
WorkloadResult  70: 65536 op, 609414832.50 ns, 9.2989 us/op
WorkloadResult  71: 65536 op, 546307930.50 ns, 8.3360 us/op
WorkloadResult  72: 65536 op, 559020056.50 ns, 8.5300 us/op
WorkloadResult  73: 65536 op, 538011731.50 ns, 8.2094 us/op
WorkloadResult  74: 65536 op, 533450165.50 ns, 8.1398 us/op
WorkloadResult  75: 65536 op, 542879915.50 ns, 8.2837 us/op
WorkloadResult  76: 65536 op, 543288908.50 ns, 8.2899 us/op
WorkloadResult  77: 65536 op, 547256235.50 ns, 8.3505 us/op
WorkloadResult  78: 65536 op, 554962935.50 ns, 8.4681 us/op
WorkloadResult  79: 65536 op, 566172894.50 ns, 8.6391 us/op
WorkloadResult  80: 65536 op, 574127079.50 ns, 8.7605 us/op
WorkloadResult  81: 65536 op, 563446704.50 ns, 8.5975 us/op
WorkloadResult  82: 65536 op, 541219484.50 ns, 8.2584 us/op
WorkloadResult  83: 65536 op, 538303991.50 ns, 8.2139 us/op
WorkloadResult  84: 65536 op, 535089394.50 ns, 8.1648 us/op
WorkloadResult  85: 65536 op, 542061627.50 ns, 8.2712 us/op
WorkloadResult  86: 65536 op, 533150330.50 ns, 8.1352 us/op
WorkloadResult  87: 65536 op, 527692367.50 ns, 8.0519 us/op
WorkloadResult  88: 65536 op, 565811582.50 ns, 8.6336 us/op
WorkloadResult  89: 65536 op, 598763351.50 ns, 9.1364 us/op
WorkloadResult  90: 65536 op, 591053546.50 ns, 9.0188 us/op
WorkloadResult  91: 65536 op, 598699129.50 ns, 9.1354 us/op
WorkloadResult  92: 65536 op, 593913733.50 ns, 9.0624 us/op
WorkloadResult  93: 65536 op, 598105150.50 ns, 9.1264 us/op
// GC:  25 1 0 1254621184 65536
// Threading:  0 0 65536

// AfterAll
// Benchmark Process 1026141 has exited with code 0.

Mean = 8.652 μs, StdErr = 0.051 μs (0.58%), N = 93, StdDev = 0.488 μs
Min = 7.588 μs, Q1 = 8.290 μs, Median = 8.598 μs, Q3 = 9.044 μs, Max = 10.034 μs
IQR = 0.754 μs, LowerFence = 7.158 μs, UpperFence = 10.176 μs
ConfidenceInterval = [8.480 μs; 8.824 μs] (CI 99.9%), Margin = 0.172 μs (1.99% of Mean)
Skewness = 0.36, Kurtosis = 2.67, MValue = 2.08

// ** Remained 48 (96.0%) benchmark(s) to run. Estimated finish 2026-01-01 2:52 (1h 9m from now) **
// **************************
// Benchmark: Sorting.Sort_Original: DefaultJob [NumItems=100, GraphType=Random]
// *** Execute ***
// Launch: 1 / 1
// Execute: dotnet NexusMods.Benchmarks-DefaultJob-1.dll --anonymousPipes 126 127 --benchmarkName "NexusMods.Benchmarks.Benchmarks.Sorting.Sort_Original(NumItems: 100, GraphType: Random)" --job Default --benchmarkId 2 in /home/ryang/nexus-app/benchmarks/NexusMods.Benchmarks/bin/Release/net9.0/NexusMods.Benchmarks-DefaultJob-1/bin/Release/net9.0
// Failed to set up high priority (Permission denied). In order to run benchmarks with high priority, make sure you have the right permissions.
// BeforeAnythingElse

// Benchmark Process Environment Information:
// BenchmarkDotNet v0.15.2
// Runtime=.NET 9.0.11 (9.0.1125.51716), X64 RyuJIT AVX-512F+CD+BW+DQ+VL+VBMI
// GC=Concurrent Workstation
// HardwareIntrinsics=AVX-512F+CD+BW+DQ+VL+VBMI,AES,BMI1,BMI2,FMA,LZCNT,PCLMUL,POPCNT,AvxVnni VectorSize=256
// Job: DefaultJob

OverheadJitting  1: 1 op, 199201.00 ns, 199.2010 us/op
WorkloadJitting  1: 1 op, 11607521.00 ns, 11.6075 ms/op

OverheadJitting  2: 16 op, 387041.00 ns, 24.1901 us/op
WorkloadJitting  2: 16 op, 12353890.00 ns, 772.1181 us/op

WorkloadPilot    1: 16 op, 8302251.00 ns, 518.8907 us/op
WorkloadPilot    2: 32 op, 15636106.00 ns, 488.6283 us/op
WorkloadPilot    3: 64 op, 27750327.00 ns, 433.5989 us/op
WorkloadPilot    4: 128 op, 52375890.00 ns, 409.1866 us/op
WorkloadPilot    5: 256 op, 125520766.00 ns, 490.3155 us/op
WorkloadPilot    6: 512 op, 165301605.00 ns, 322.8547 us/op
WorkloadPilot    7: 1024 op, 159912654.00 ns, 156.1647 us/op
WorkloadPilot    8: 2048 op, 274661179.00 ns, 134.1119 us/op
WorkloadPilot    9: 4096 op, 523588743.00 ns, 127.8293 us/op

OverheadWarmup   1: 4096 op, 10029.00 ns, 2.4485 ns/op
OverheadWarmup   2: 4096 op, 11502.00 ns, 2.8081 ns/op
OverheadWarmup   3: 4096 op, 12855.00 ns, 3.1384 ns/op
OverheadWarmup   4: 4096 op, 13015.00 ns, 3.1775 ns/op
OverheadWarmup   5: 4096 op, 8326.00 ns, 2.0327 ns/op
OverheadWarmup   6: 4096 op, 8055.00 ns, 1.9666 ns/op
OverheadWarmup   7: 4096 op, 7966.00 ns, 1.9448 ns/op
OverheadWarmup   8: 4096 op, 8136.00 ns, 1.9863 ns/op
OverheadWarmup   9: 4096 op, 9208.00 ns, 2.2480 ns/op
OverheadWarmup  10: 4096 op, 8316.00 ns, 2.0303 ns/op

OverheadActual   1: 4096 op, 8336.00 ns, 2.0352 ns/op
OverheadActual   2: 4096 op, 13296.00 ns, 3.2461 ns/op
OverheadActual   3: 4096 op, 13676.00 ns, 3.3389 ns/op
OverheadActual   4: 4096 op, 8366.00 ns, 2.0425 ns/op
OverheadActual   5: 4096 op, 8407.00 ns, 2.0525 ns/op
OverheadActual   6: 4096 op, 8165.00 ns, 1.9934 ns/op
OverheadActual   7: 4096 op, 9017.00 ns, 2.2014 ns/op
OverheadActual   8: 4096 op, 8426.00 ns, 2.0571 ns/op
OverheadActual   9: 4096 op, 9859.00 ns, 2.4070 ns/op
OverheadActual  10: 4096 op, 13265.00 ns, 3.2385 ns/op
OverheadActual  11: 4096 op, 8186.00 ns, 1.9985 ns/op
OverheadActual  12: 4096 op, 13606.00 ns, 3.3218 ns/op
OverheadActual  13: 4096 op, 13055.00 ns, 3.1873 ns/op
OverheadActual  14: 4096 op, 13806.00 ns, 3.3706 ns/op
OverheadActual  15: 4096 op, 8256.00 ns, 2.0156 ns/op
OverheadActual  16: 4096 op, 8446.00 ns, 2.0620 ns/op
OverheadActual  17: 4096 op, 7995.00 ns, 1.9519 ns/op
OverheadActual  18: 4096 op, 8306.00 ns, 2.0278 ns/op
OverheadActual  19: 4096 op, 13096.00 ns, 3.1973 ns/op
OverheadActual  20: 4096 op, 13907.00 ns, 3.3953 ns/op

OverheadWarmup   1: 4096 op, 8716.00 ns, 2.1279 ns/op
OverheadWarmup   2: 4096 op, 13666.00 ns, 3.3364 ns/op
OverheadWarmup   3: 4096 op, 40007.00 ns, 9.7673 ns/op
OverheadWarmup   4: 4096 op, 13185.00 ns, 3.2190 ns/op
OverheadWarmup   5: 4096 op, 13035.00 ns, 3.1824 ns/op
OverheadWarmup   6: 4096 op, 13236.00 ns, 3.2314 ns/op
OverheadWarmup   7: 4096 op, 13737.00 ns, 3.3538 ns/op
OverheadWarmup   8: 4096 op, 13627.00 ns, 3.3269 ns/op

// BeforeActualRun
WorkloadActual   1: 4096 op, 537650503.00 ns, 131.2623 us/op
WorkloadActual   2: 4096 op, 487379645.00 ns, 118.9892 us/op
WorkloadActual   3: 4096 op, 475959263.00 ns, 116.2010 us/op
WorkloadActual   4: 4096 op, 527363181.00 ns, 128.7508 us/op
WorkloadActual   5: 4096 op, 521808723.00 ns, 127.3947 us/op
WorkloadActual   6: 4096 op, 499653973.00 ns, 121.9858 us/op
WorkloadActual   7: 4096 op, 522887309.00 ns, 127.6580 us/op
WorkloadActual   8: 4096 op, 483499323.00 ns, 118.0418 us/op
WorkloadActual   9: 4096 op, 480092579.00 ns, 117.2101 us/op
WorkloadActual  10: 4096 op, 465394088.00 ns, 113.6216 us/op
WorkloadActual  11: 4096 op, 467351337.00 ns, 114.0994 us/op
WorkloadActual  12: 4096 op, 446715445.00 ns, 109.0614 us/op
WorkloadActual  13: 4096 op, 479525793.00 ns, 117.0717 us/op
WorkloadActual  14: 4096 op, 455194774.00 ns, 111.1315 us/op
WorkloadActual  15: 4096 op, 443511809.00 ns, 108.2793 us/op
WorkloadActual  16: 4096 op, 455467227.00 ns, 111.1981 us/op
WorkloadActual  17: 4096 op, 493081074.00 ns, 120.3811 us/op
WorkloadActual  18: 4096 op, 514058630.00 ns, 125.5026 us/op
WorkloadActual  19: 4096 op, 454123773.00 ns, 110.8701 us/op
WorkloadActual  20: 4096 op, 476401720.00 ns, 116.3090 us/op
WorkloadActual  21: 4096 op, 451204753.00 ns, 110.1574 us/op
WorkloadActual  22: 4096 op, 459546179.00 ns, 112.1939 us/op
WorkloadActual  23: 4096 op, 485819507.00 ns, 118.6083 us/op
WorkloadActual  24: 4096 op, 488878285.00 ns, 119.3551 us/op
WorkloadActual  25: 4096 op, 458297737.00 ns, 111.8891 us/op
WorkloadActual  26: 4096 op, 459545146.00 ns, 112.1936 us/op
WorkloadActual  27: 4096 op, 484746001.00 ns, 118.3462 us/op
WorkloadActual  28: 4096 op, 473599002.00 ns, 115.6248 us/op
WorkloadActual  29: 4096 op, 534412822.00 ns, 130.4719 us/op
WorkloadActual  30: 4096 op, 548301882.00 ns, 133.8628 us/op
WorkloadActual  31: 4096 op, 465012147.00 ns, 113.5284 us/op
WorkloadActual  32: 4096 op, 456946168.00 ns, 111.5591 us/op
WorkloadActual  33: 4096 op, 477312414.00 ns, 116.5314 us/op
WorkloadActual  34: 4096 op, 493084890.00 ns, 120.3821 us/op
WorkloadActual  35: 4096 op, 434563963.00 ns, 106.0947 us/op
WorkloadActual  36: 4096 op, 458299020.00 ns, 111.8894 us/op
WorkloadActual  37: 4096 op, 449903059.00 ns, 109.8396 us/op
WorkloadActual  38: 4096 op, 459276862.00 ns, 112.1281 us/op
WorkloadActual  39: 4096 op, 468734555.00 ns, 114.4371 us/op
WorkloadActual  40: 4096 op, 477124384.00 ns, 116.4854 us/op
WorkloadActual  41: 4096 op, 447814820.00 ns, 109.3298 us/op
WorkloadActual  42: 4096 op, 451410797.00 ns, 110.2077 us/op
WorkloadActual  43: 4096 op, 471209124.00 ns, 115.0413 us/op
WorkloadActual  44: 4096 op, 413377175.00 ns, 100.9222 us/op
WorkloadActual  45: 4096 op, 402443866.00 ns, 98.2529 us/op
WorkloadActual  46: 4096 op, 423599242.00 ns, 103.4178 us/op
WorkloadActual  47: 4096 op, 410806151.00 ns, 100.2945 us/op
WorkloadActual  48: 4096 op, 399934970.00 ns, 97.6404 us/op
WorkloadActual  49: 4096 op, 397938227.00 ns, 97.1529 us/op
WorkloadActual  50: 4096 op, 396472960.00 ns, 96.7952 us/op
WorkloadActual  51: 4096 op, 404160112.00 ns, 98.6719 us/op
WorkloadActual  52: 4096 op, 407112367.00 ns, 99.3927 us/op
WorkloadActual  53: 4096 op, 414506558.00 ns, 101.1979 us/op
WorkloadActual  54: 4096 op, 401924651.00 ns, 98.1261 us/op
WorkloadActual  55: 4096 op, 402362069.00 ns, 98.2329 us/op
WorkloadActual  56: 4096 op, 446820796.00 ns, 109.0871 us/op
WorkloadActual  57: 4096 op, 467548704.00 ns, 114.1476 us/op
WorkloadActual  58: 4096 op, 472767870.00 ns, 115.4218 us/op
WorkloadActual  59: 4096 op, 442319415.00 ns, 107.9881 us/op
WorkloadActual  60: 4096 op, 435664749.00 ns, 106.3635 us/op
WorkloadActual  61: 4096 op, 461611353.00 ns, 112.6981 us/op
WorkloadActual  62: 4096 op, 463479820.00 ns, 113.1543 us/op
WorkloadActual  63: 4096 op, 463451015.00 ns, 113.1472 us/op
WorkloadActual  64: 4096 op, 474436835.00 ns, 115.8293 us/op
WorkloadActual  65: 4096 op, 489905271.00 ns, 119.6058 us/op
WorkloadActual  66: 4096 op, 495478234.00 ns, 120.9664 us/op
WorkloadActual  67: 4096 op, 512107762.00 ns, 125.0263 us/op
WorkloadActual  68: 4096 op, 509068831.00 ns, 124.2844 us/op
WorkloadActual  69: 4096 op, 591853209.00 ns, 144.4954 us/op
WorkloadActual  70: 4096 op, 489973540.00 ns, 119.6224 us/op
WorkloadActual  71: 4096 op, 445058190.00 ns, 108.6568 us/op
WorkloadActual  72: 4096 op, 473504019.00 ns, 115.6016 us/op
WorkloadActual  73: 4096 op, 476672306.00 ns, 116.3751 us/op
WorkloadActual  74: 4096 op, 455188160.00 ns, 111.1299 us/op
WorkloadActual  75: 4096 op, 459153315.00 ns, 112.0980 us/op
WorkloadActual  76: 4096 op, 505003756.00 ns, 123.2919 us/op
WorkloadActual  77: 4096 op, 461179876.00 ns, 112.5927 us/op
WorkloadActual  78: 4096 op, 481367187.00 ns, 117.5213 us/op
WorkloadActual  79: 4096 op, 482842223.00 ns, 117.8814 us/op
WorkloadActual  80: 4096 op, 462885713.00 ns, 113.0092 us/op
WorkloadActual  81: 4096 op, 456038479.00 ns, 111.3375 us/op
WorkloadActual  82: 4096 op, 498737605.00 ns, 121.7621 us/op
WorkloadActual  83: 4096 op, 481454595.00 ns, 117.5426 us/op
WorkloadActual  84: 4096 op, 451753522.00 ns, 110.2914 us/op
WorkloadActual  85: 4096 op, 424325152.00 ns, 103.5950 us/op
WorkloadActual  86: 4096 op, 445883380.00 ns, 108.8582 us/op
WorkloadActual  87: 4096 op, 456675749.00 ns, 111.4931 us/op
WorkloadActual  88: 4096 op, 434357726.00 ns, 106.0444 us/op
WorkloadActual  89: 4096 op, 436825632.00 ns, 106.6469 us/op
WorkloadActual  90: 4096 op, 478687876.00 ns, 116.8672 us/op
WorkloadActual  91: 4096 op, 457204361.00 ns, 111.6222 us/op
WorkloadActual  92: 4096 op, 454626003.00 ns, 110.9927 us/op
WorkloadActual  93: 4096 op, 487420650.00 ns, 118.9992 us/op
WorkloadActual  94: 4096 op, 497444648.00 ns, 121.4464 us/op
WorkloadActual  95: 4096 op, 506449525.00 ns, 123.6449 us/op
WorkloadActual  96: 4096 op, 480963975.00 ns, 117.4228 us/op
WorkloadActual  97: 4096 op, 488337456.00 ns, 119.2230 us/op
WorkloadActual  98: 4096 op, 513207618.00 ns, 125.2948 us/op
WorkloadActual  99: 4096 op, 529766571.00 ns, 129.3375 us/op
WorkloadActual  100: 4096 op, 530009717.00 ns, 129.3969 us/op

// AfterActualRun
WorkloadResult   1: 4096 op, 537641771.50 ns, 131.2602 us/op
WorkloadResult   2: 4096 op, 487370913.50 ns, 118.9870 us/op
WorkloadResult   3: 4096 op, 475950531.50 ns, 116.1989 us/op
WorkloadResult   4: 4096 op, 527354449.50 ns, 128.7486 us/op
WorkloadResult   5: 4096 op, 521799991.50 ns, 127.3926 us/op
WorkloadResult   6: 4096 op, 499645241.50 ns, 121.9837 us/op
WorkloadResult   7: 4096 op, 522878577.50 ns, 127.6559 us/op
WorkloadResult   8: 4096 op, 483490591.50 ns, 118.0397 us/op
WorkloadResult   9: 4096 op, 480083847.50 ns, 117.2080 us/op
WorkloadResult  10: 4096 op, 465385356.50 ns, 113.6195 us/op
WorkloadResult  11: 4096 op, 467342605.50 ns, 114.0973 us/op
WorkloadResult  12: 4096 op, 446706713.50 ns, 109.0593 us/op
WorkloadResult  13: 4096 op, 479517061.50 ns, 117.0696 us/op
WorkloadResult  14: 4096 op, 455186042.50 ns, 111.1294 us/op
WorkloadResult  15: 4096 op, 443503077.50 ns, 108.2771 us/op
WorkloadResult  16: 4096 op, 455458495.50 ns, 111.1959 us/op
WorkloadResult  17: 4096 op, 493072342.50 ns, 120.3790 us/op
WorkloadResult  18: 4096 op, 514049898.50 ns, 125.5005 us/op
WorkloadResult  19: 4096 op, 454115041.50 ns, 110.8679 us/op
WorkloadResult  20: 4096 op, 476392988.50 ns, 116.3069 us/op
WorkloadResult  21: 4096 op, 451196021.50 ns, 110.1553 us/op
WorkloadResult  22: 4096 op, 459537447.50 ns, 112.1918 us/op
WorkloadResult  23: 4096 op, 485810775.50 ns, 118.6061 us/op
WorkloadResult  24: 4096 op, 488869553.50 ns, 119.3529 us/op
WorkloadResult  25: 4096 op, 458289005.50 ns, 111.8870 us/op
WorkloadResult  26: 4096 op, 459536414.50 ns, 112.1915 us/op
WorkloadResult  27: 4096 op, 484737269.50 ns, 118.3441 us/op
WorkloadResult  28: 4096 op, 473590270.50 ns, 115.6226 us/op
WorkloadResult  29: 4096 op, 534404090.50 ns, 130.4697 us/op
WorkloadResult  30: 4096 op, 465003415.50 ns, 113.5262 us/op
WorkloadResult  31: 4096 op, 456937436.50 ns, 111.5570 us/op
WorkloadResult  32: 4096 op, 477303682.50 ns, 116.5292 us/op
WorkloadResult  33: 4096 op, 493076158.50 ns, 120.3799 us/op
WorkloadResult  34: 4096 op, 434555231.50 ns, 106.0926 us/op
WorkloadResult  35: 4096 op, 458290288.50 ns, 111.8873 us/op
WorkloadResult  36: 4096 op, 449894327.50 ns, 109.8375 us/op
WorkloadResult  37: 4096 op, 459268130.50 ns, 112.1260 us/op
WorkloadResult  38: 4096 op, 468725823.50 ns, 114.4350 us/op
WorkloadResult  39: 4096 op, 477115652.50 ns, 116.4833 us/op
WorkloadResult  40: 4096 op, 447806088.50 ns, 109.3277 us/op
WorkloadResult  41: 4096 op, 451402065.50 ns, 110.2056 us/op
WorkloadResult  42: 4096 op, 471200392.50 ns, 115.0392 us/op
WorkloadResult  43: 4096 op, 413368443.50 ns, 100.9200 us/op
WorkloadResult  44: 4096 op, 402435134.50 ns, 98.2508 us/op
WorkloadResult  45: 4096 op, 423590510.50 ns, 103.4157 us/op
WorkloadResult  46: 4096 op, 410797419.50 ns, 100.2923 us/op
WorkloadResult  47: 4096 op, 399926238.50 ns, 97.6382 us/op
WorkloadResult  48: 4096 op, 397929495.50 ns, 97.1508 us/op
WorkloadResult  49: 4096 op, 396464228.50 ns, 96.7930 us/op
WorkloadResult  50: 4096 op, 404151380.50 ns, 98.6698 us/op
WorkloadResult  51: 4096 op, 407103635.50 ns, 99.3905 us/op
WorkloadResult  52: 4096 op, 414497826.50 ns, 101.1958 us/op
WorkloadResult  53: 4096 op, 401915919.50 ns, 98.1240 us/op
WorkloadResult  54: 4096 op, 402353337.50 ns, 98.2308 us/op
WorkloadResult  55: 4096 op, 446812064.50 ns, 109.0850 us/op
WorkloadResult  56: 4096 op, 467539972.50 ns, 114.1455 us/op
WorkloadResult  57: 4096 op, 472759138.50 ns, 115.4197 us/op
WorkloadResult  58: 4096 op, 442310683.50 ns, 107.9860 us/op
WorkloadResult  59: 4096 op, 435656017.50 ns, 106.3613 us/op
WorkloadResult  60: 4096 op, 461602621.50 ns, 112.6960 us/op
WorkloadResult  61: 4096 op, 463471088.50 ns, 113.1521 us/op
WorkloadResult  62: 4096 op, 463442283.50 ns, 113.1451 us/op
WorkloadResult  63: 4096 op, 474428103.50 ns, 115.8272 us/op
WorkloadResult  64: 4096 op, 489896539.50 ns, 119.6036 us/op
WorkloadResult  65: 4096 op, 495469502.50 ns, 120.9642 us/op
WorkloadResult  66: 4096 op, 512099030.50 ns, 125.0242 us/op
WorkloadResult  67: 4096 op, 509060099.50 ns, 124.2823 us/op
WorkloadResult  68: 4096 op, 489964808.50 ns, 119.6203 us/op
WorkloadResult  69: 4096 op, 445049458.50 ns, 108.6547 us/op
WorkloadResult  70: 4096 op, 473495287.50 ns, 115.5994 us/op
WorkloadResult  71: 4096 op, 476663574.50 ns, 116.3729 us/op
WorkloadResult  72: 4096 op, 455179428.50 ns, 111.1278 us/op
WorkloadResult  73: 4096 op, 459144583.50 ns, 112.0958 us/op
WorkloadResult  74: 4096 op, 504995024.50 ns, 123.2898 us/op
WorkloadResult  75: 4096 op, 461171144.50 ns, 112.5906 us/op
WorkloadResult  76: 4096 op, 481358455.50 ns, 117.5192 us/op
WorkloadResult  77: 4096 op, 482833491.50 ns, 117.8793 us/op
WorkloadResult  78: 4096 op, 462876981.50 ns, 113.0071 us/op
WorkloadResult  79: 4096 op, 456029747.50 ns, 111.3354 us/op
WorkloadResult  80: 4096 op, 498728873.50 ns, 121.7600 us/op
WorkloadResult  81: 4096 op, 481445863.50 ns, 117.5405 us/op
WorkloadResult  82: 4096 op, 451744790.50 ns, 110.2893 us/op
WorkloadResult  83: 4096 op, 424316420.50 ns, 103.5929 us/op
WorkloadResult  84: 4096 op, 445874648.50 ns, 108.8561 us/op
WorkloadResult  85: 4096 op, 456667017.50 ns, 111.4910 us/op
WorkloadResult  86: 4096 op, 434348994.50 ns, 106.0422 us/op
WorkloadResult  87: 4096 op, 436816900.50 ns, 106.6448 us/op
WorkloadResult  88: 4096 op, 478679144.50 ns, 116.8650 us/op
WorkloadResult  89: 4096 op, 457195629.50 ns, 111.6200 us/op
WorkloadResult  90: 4096 op, 454617271.50 ns, 110.9905 us/op
WorkloadResult  91: 4096 op, 487411918.50 ns, 118.9971 us/op
WorkloadResult  92: 4096 op, 497435916.50 ns, 121.4443 us/op
WorkloadResult  93: 4096 op, 506440793.50 ns, 123.6428 us/op
WorkloadResult  94: 4096 op, 480955243.50 ns, 117.4207 us/op
WorkloadResult  95: 4096 op, 488328724.50 ns, 119.2209 us/op
WorkloadResult  96: 4096 op, 513198886.50 ns, 125.2927 us/op
WorkloadResult  97: 4096 op, 529757839.50 ns, 129.3354 us/op
WorkloadResult  98: 4096 op, 530000985.50 ns, 129.3948 us/op
// GC:  3 0 0 151647096 4096
// Threading:  9651 31 4096

// AfterAll
// Benchmark Process 1032016 has exited with code 0.

Mean = 113.862 μs, StdErr = 0.815 μs (0.72%), N = 98, StdDev = 8.073 μs
Min = 96.793 μs, Q1 = 109.917 μs, Median = 113.573 μs, Q3 = 118.892 μs, Max = 131.260 μs
IQR = 8.975 μs, LowerFence = 96.455 μs, UpperFence = 132.354 μs
ConfidenceInterval = [111.095 μs; 116.630 μs] (CI 99.9%), Margin = 2.768 μs (2.43% of Mean)
Skewness = -0.13, Kurtosis = 2.76, MValue = 2.71

// ** Remained 47 (94.0%) benchmark(s) to run. Estimated finish 2026-01-01 2:42 (0h 58m from now) **
// **************************
// Benchmark: Sorting.Sort_Kahn: DefaultJob [NumItems=100, GraphType=Random]
// *** Execute ***
// Launch: 1 / 1
// Execute: dotnet NexusMods.Benchmarks-DefaultJob-1.dll --anonymousPipes 126 127 --benchmarkName "NexusMods.Benchmarks.Benchmarks.Sorting.Sort_Kahn(NumItems: 100, GraphType: Random)" --job Default --benchmarkId 3 in /home/ryang/nexus-app/benchmarks/NexusMods.Benchmarks/bin/Release/net9.0/NexusMods.Benchmarks-DefaultJob-1/bin/Release/net9.0
// Failed to set up high priority (Permission denied). In order to run benchmarks with high priority, make sure you have the right permissions.
// BeforeAnythingElse

// Benchmark Process Environment Information:
// BenchmarkDotNet v0.15.2
// Runtime=.NET 9.0.11 (9.0.1125.51716), X64 RyuJIT AVX-512F+CD+BW+DQ+VL+VBMI
// GC=Concurrent Workstation
// HardwareIntrinsics=AVX-512F+CD+BW+DQ+VL+VBMI,AES,BMI1,BMI2,FMA,LZCNT,PCLMUL,POPCNT,AvxVnni VectorSize=256
// Job: DefaultJob

OverheadJitting  1: 1 op, 195354.00 ns, 195.3540 us/op
WorkloadJitting  1: 1 op, 1858700.00 ns, 1.8587 ms/op

OverheadJitting  2: 16 op, 394947.00 ns, 24.6842 us/op
WorkloadJitting  2: 16 op, 1869150.00 ns, 116.8219 us/op

WorkloadPilot    1: 16 op, 249969.00 ns, 15.6231 us/op
WorkloadPilot    2: 32 op, 545785.00 ns, 17.0558 us/op
WorkloadPilot    3: 64 op, 1539769.00 ns, 24.0589 us/op
WorkloadPilot    4: 128 op, 3399490.00 ns, 26.5585 us/op
WorkloadPilot    5: 256 op, 6615470.00 ns, 25.8417 us/op
WorkloadPilot    6: 512 op, 12422582.00 ns, 24.2629 us/op
WorkloadPilot    7: 1024 op, 23207106.00 ns, 22.6632 us/op
WorkloadPilot    8: 2048 op, 42130317.00 ns, 20.5714 us/op
WorkloadPilot    9: 4096 op, 56956863.00 ns, 13.9055 us/op
WorkloadPilot   10: 8192 op, 51587941.00 ns, 6.2974 us/op
WorkloadPilot   11: 16384 op, 103875851.00 ns, 6.3401 us/op
WorkloadPilot   12: 32768 op, 215059960.00 ns, 6.5631 us/op
WorkloadPilot   13: 65536 op, 415867643.00 ns, 6.3456 us/op
WorkloadPilot   14: 131072 op, 870685423.00 ns, 6.6428 us/op

OverheadWarmup   1: 131072 op, 427458.00 ns, 3.2612 ns/op
OverheadWarmup   2: 131072 op, 422329.00 ns, 3.2221 ns/op
OverheadWarmup   3: 131072 op, 433941.00 ns, 3.3107 ns/op
OverheadWarmup   4: 131072 op, 468898.00 ns, 3.5774 ns/op
OverheadWarmup   5: 131072 op, 425895.00 ns, 3.2493 ns/op
OverheadWarmup   6: 131072 op, 422880.00 ns, 3.2263 ns/op
OverheadWarmup   7: 131072 op, 437307.00 ns, 3.3364 ns/op
OverheadWarmup   8: 131072 op, 429202.00 ns, 3.2746 ns/op

OverheadActual   1: 131072 op, 432990.00 ns, 3.3035 ns/op
OverheadActual   2: 131072 op, 428420.00 ns, 3.2686 ns/op
OverheadActual   3: 131072 op, 428350.00 ns, 3.2681 ns/op
OverheadActual   4: 131072 op, 423191.00 ns, 3.2287 ns/op
OverheadActual   5: 131072 op, 424372.00 ns, 3.2377 ns/op
OverheadActual   6: 131072 op, 428611.00 ns, 3.2700 ns/op
OverheadActual   7: 131072 op, 430715.00 ns, 3.2861 ns/op
OverheadActual   8: 131072 op, 429212.00 ns, 3.2746 ns/op
OverheadActual   9: 131072 op, 431216.00 ns, 3.2899 ns/op
OverheadActual  10: 131072 op, 438089.00 ns, 3.3424 ns/op
OverheadActual  11: 131072 op, 433530.00 ns, 3.3076 ns/op
OverheadActual  12: 131072 op, 322598.00 ns, 2.4612 ns/op
OverheadActual  13: 131072 op, 485139.00 ns, 3.7013 ns/op
OverheadActual  14: 131072 op, 456064.00 ns, 3.4795 ns/op
OverheadActual  15: 131072 op, 444872.00 ns, 3.3941 ns/op
OverheadActual  16: 131072 op, 434653.00 ns, 3.3161 ns/op
OverheadActual  17: 131072 op, 423311.00 ns, 3.2296 ns/op
OverheadActual  18: 131072 op, 681104.00 ns, 5.1964 ns/op
OverheadActual  19: 131072 op, 419874.00 ns, 3.2034 ns/op
OverheadActual  20: 131072 op, 438209.00 ns, 3.3433 ns/op

OverheadWarmup   1: 131072 op, 478336.00 ns, 3.6494 ns/op
OverheadWarmup   2: 131072 op, 317969.00 ns, 2.4259 ns/op
OverheadWarmup   3: 131072 op, 533843.00 ns, 4.0729 ns/op
OverheadWarmup   4: 131072 op, 256421.00 ns, 1.9563 ns/op
OverheadWarmup   5: 131072 op, 353988.00 ns, 2.7007 ns/op
OverheadWarmup   6: 131072 op, 383153.00 ns, 2.9232 ns/op
OverheadWarmup   7: 131072 op, 376471.00 ns, 2.8722 ns/op

// BeforeActualRun
WorkloadActual   1: 131072 op, 940762424.00 ns, 7.1774 us/op
WorkloadActual   2: 131072 op, 826313692.00 ns, 6.3043 us/op
WorkloadActual   3: 131072 op, 848995743.00 ns, 6.4773 us/op
WorkloadActual   4: 131072 op, 822921836.00 ns, 6.2784 us/op
WorkloadActual   5: 131072 op, 853845180.00 ns, 6.5143 us/op
WorkloadActual   6: 131072 op, 884726053.00 ns, 6.7499 us/op
WorkloadActual   7: 131072 op, 904771003.00 ns, 6.9029 us/op
WorkloadActual   8: 131072 op, 884875068.00 ns, 6.7511 us/op
WorkloadActual   9: 131072 op, 918877559.00 ns, 7.0105 us/op
WorkloadActual  10: 131072 op, 855586855.00 ns, 6.5276 us/op
WorkloadActual  11: 131072 op, 834581477.00 ns, 6.3674 us/op
WorkloadActual  12: 131072 op, 830915044.00 ns, 6.3394 us/op
WorkloadActual  13: 131072 op, 861412192.00 ns, 6.5721 us/op
WorkloadActual  14: 131072 op, 843500377.00 ns, 6.4354 us/op
WorkloadActual  15: 131072 op, 918694899.00 ns, 7.0091 us/op
WorkloadActual  16: 131072 op, 848426682.00 ns, 6.4730 us/op
WorkloadActual  17: 131072 op, 851863413.00 ns, 6.4992 us/op
WorkloadActual  18: 131072 op, 821229344.00 ns, 6.2655 us/op
WorkloadActual  19: 131072 op, 796480936.00 ns, 6.0767 us/op
WorkloadActual  20: 131072 op, 822028834.00 ns, 6.2716 us/op
WorkloadActual  21: 131072 op, 794223252.00 ns, 6.0594 us/op
WorkloadActual  22: 131072 op, 860020055.00 ns, 6.5614 us/op
WorkloadActual  23: 131072 op, 840370943.00 ns, 6.4115 us/op
WorkloadActual  24: 131072 op, 804721638.00 ns, 6.1395 us/op
WorkloadActual  25: 131072 op, 806119084.00 ns, 6.1502 us/op
WorkloadActual  26: 131072 op, 810749773.00 ns, 6.1855 us/op
WorkloadActual  27: 131072 op, 813111316.00 ns, 6.2035 us/op
WorkloadActual  28: 131072 op, 809998554.00 ns, 6.1798 us/op
WorkloadActual  29: 131072 op, 825287886.00 ns, 6.2964 us/op
WorkloadActual  30: 131072 op, 838479309.00 ns, 6.3971 us/op
WorkloadActual  31: 131072 op, 789356460.00 ns, 6.0223 us/op
WorkloadActual  32: 131072 op, 781822331.00 ns, 5.9648 us/op
WorkloadActual  33: 131072 op, 774222706.00 ns, 5.9069 us/op
WorkloadActual  34: 131072 op, 795824938.00 ns, 6.0717 us/op
WorkloadActual  35: 131072 op, 817757754.00 ns, 6.2390 us/op
WorkloadActual  36: 131072 op, 862220218.00 ns, 6.5782 us/op
WorkloadActual  37: 131072 op, 859270044.00 ns, 6.5557 us/op
WorkloadActual  38: 131072 op, 848100488.00 ns, 6.4705 us/op
WorkloadActual  39: 131072 op, 836658700.00 ns, 6.3832 us/op
WorkloadActual  40: 131072 op, 922185827.00 ns, 7.0357 us/op
WorkloadActual  41: 131072 op, 825451563.00 ns, 6.2977 us/op
WorkloadActual  42: 131072 op, 779108175.00 ns, 5.9441 us/op
WorkloadActual  43: 131072 op, 795095605.00 ns, 6.0661 us/op
WorkloadActual  44: 131072 op, 839333875.00 ns, 6.4036 us/op
WorkloadActual  45: 131072 op, 813935317.00 ns, 6.2098 us/op
WorkloadActual  46: 131072 op, 816615768.00 ns, 6.2303 us/op
WorkloadActual  47: 131072 op, 789066972.00 ns, 6.0201 us/op
WorkloadActual  48: 131072 op, 819013730.00 ns, 6.2486 us/op
WorkloadActual  49: 131072 op, 836172483.00 ns, 6.3795 us/op
WorkloadActual  50: 131072 op, 837353244.00 ns, 6.3885 us/op

// AfterActualRun
WorkloadResult   1: 131072 op, 825882726.50 ns, 6.3010 us/op
WorkloadResult   2: 131072 op, 848564777.50 ns, 6.4740 us/op
WorkloadResult   3: 131072 op, 822490870.50 ns, 6.2751 us/op
WorkloadResult   4: 131072 op, 853414214.50 ns, 6.5110 us/op
WorkloadResult   5: 131072 op, 884295087.50 ns, 6.7466 us/op
WorkloadResult   6: 131072 op, 904340037.50 ns, 6.8996 us/op
WorkloadResult   7: 131072 op, 884444102.50 ns, 6.7478 us/op
WorkloadResult   8: 131072 op, 855155889.50 ns, 6.5243 us/op
WorkloadResult   9: 131072 op, 834150511.50 ns, 6.3641 us/op
WorkloadResult  10: 131072 op, 830484078.50 ns, 6.3361 us/op
WorkloadResult  11: 131072 op, 860981226.50 ns, 6.5688 us/op
WorkloadResult  12: 131072 op, 843069411.50 ns, 6.4321 us/op
WorkloadResult  13: 131072 op, 847995716.50 ns, 6.4697 us/op
WorkloadResult  14: 131072 op, 851432447.50 ns, 6.4959 us/op
WorkloadResult  15: 131072 op, 820798378.50 ns, 6.2622 us/op
WorkloadResult  16: 131072 op, 796049970.50 ns, 6.0734 us/op
WorkloadResult  17: 131072 op, 821597868.50 ns, 6.2683 us/op
WorkloadResult  18: 131072 op, 793792286.50 ns, 6.0562 us/op
WorkloadResult  19: 131072 op, 859589089.50 ns, 6.5581 us/op
WorkloadResult  20: 131072 op, 839939977.50 ns, 6.4082 us/op
WorkloadResult  21: 131072 op, 804290672.50 ns, 6.1363 us/op
WorkloadResult  22: 131072 op, 805688118.50 ns, 6.1469 us/op
WorkloadResult  23: 131072 op, 810318807.50 ns, 6.1822 us/op
WorkloadResult  24: 131072 op, 812680350.50 ns, 6.2003 us/op
WorkloadResult  25: 131072 op, 809567588.50 ns, 6.1765 us/op
WorkloadResult  26: 131072 op, 824856920.50 ns, 6.2932 us/op
WorkloadResult  27: 131072 op, 838048343.50 ns, 6.3938 us/op
WorkloadResult  28: 131072 op, 788925494.50 ns, 6.0190 us/op
WorkloadResult  29: 131072 op, 781391365.50 ns, 5.9615 us/op
WorkloadResult  30: 131072 op, 773791740.50 ns, 5.9036 us/op
WorkloadResult  31: 131072 op, 795393972.50 ns, 6.0684 us/op
WorkloadResult  32: 131072 op, 817326788.50 ns, 6.2357 us/op
WorkloadResult  33: 131072 op, 861789252.50 ns, 6.5749 us/op
WorkloadResult  34: 131072 op, 858839078.50 ns, 6.5524 us/op
WorkloadResult  35: 131072 op, 847669522.50 ns, 6.4672 us/op
WorkloadResult  36: 131072 op, 836227734.50 ns, 6.3799 us/op
WorkloadResult  37: 131072 op, 825020597.50 ns, 6.2944 us/op
WorkloadResult  38: 131072 op, 778677209.50 ns, 5.9408 us/op
WorkloadResult  39: 131072 op, 794664639.50 ns, 6.0628 us/op
WorkloadResult  40: 131072 op, 838902909.50 ns, 6.4003 us/op
WorkloadResult  41: 131072 op, 813504351.50 ns, 6.2065 us/op
WorkloadResult  42: 131072 op, 816184802.50 ns, 6.2270 us/op
WorkloadResult  43: 131072 op, 788636006.50 ns, 6.0168 us/op
WorkloadResult  44: 131072 op, 818582764.50 ns, 6.2453 us/op
WorkloadResult  45: 131072 op, 835741517.50 ns, 6.3762 us/op
WorkloadResult  46: 131072 op, 836922278.50 ns, 6.3852 us/op
// GC:  37 0 0 1877999616 131072
// Threading:  0 0 131072

// AfterAll
// Benchmark Process 1037187 has exited with code 0.

Mean = 6.318 μs, StdErr = 0.033 μs (0.52%), N = 46, StdDev = 0.222 μs
Min = 5.904 μs, Q1 = 6.178 μs, Median = 6.298 μs, Q3 = 6.469 μs, Max = 6.900 μs
IQR = 0.291 μs, LowerFence = 5.741 μs, UpperFence = 6.906 μs
ConfidenceInterval = [6.203 μs; 6.433 μs] (CI 99.9%), Margin = 0.115 μs (1.82% of Mean)
Skewness = 0.28, Kurtosis = 2.75, MValue = 2.35

// ** Remained 46 (92.0%) benchmark(s) to run. Estimated finish 2026-01-01 2:35 (0h 51m from now) **
// **************************
// Benchmark: Sorting.Sort_Original: DefaultJob [NumItems=100, GraphType=Chain]
// *** Execute ***
// Launch: 1 / 1
// Execute: dotnet NexusMods.Benchmarks-DefaultJob-1.dll --anonymousPipes 128 129 --benchmarkName "NexusMods.Benchmarks.Benchmarks.Sorting.Sort_Original(NumItems: 100, GraphType: Chain)" --job Default --benchmarkId 4 in /home/ryang/nexus-app/benchmarks/NexusMods.Benchmarks/bin/Release/net9.0/NexusMods.Benchmarks-DefaultJob-1/bin/Release/net9.0
// Failed to set up high priority (Permission denied). In order to run benchmarks with high priority, make sure you have the right permissions.
// BeforeAnythingElse

// Benchmark Process Environment Information:
// BenchmarkDotNet v0.15.2
// Runtime=.NET 9.0.11 (9.0.1125.51716), X64 RyuJIT AVX-512F+CD+BW+DQ+VL+VBMI
// GC=Concurrent Workstation
// HardwareIntrinsics=AVX-512F+CD+BW+DQ+VL+VBMI,AES,BMI1,BMI2,FMA,LZCNT,PCLMUL,POPCNT,AvxVnni VectorSize=256
// Job: DefaultJob

OverheadJitting  1: 1 op, 198239.00 ns, 198.2390 us/op
WorkloadJitting  1: 1 op, 14193977.00 ns, 14.1940 ms/op

OverheadJitting  2: 16 op, 654362.00 ns, 40.8976 us/op
WorkloadJitting  2: 16 op, 17311995.00 ns, 1.0820 ms/op

WorkloadPilot    1: 16 op, 10861429.00 ns, 678.8393 us/op
WorkloadPilot    2: 32 op, 19141476.00 ns, 598.1711 us/op
WorkloadPilot    3: 64 op, 29763456.00 ns, 465.0540 us/op
WorkloadPilot    4: 128 op, 53463007.00 ns, 417.6797 us/op
WorkloadPilot    5: 256 op, 160525502.00 ns, 627.0527 us/op
WorkloadPilot    6: 512 op, 270135353.00 ns, 527.6081 us/op
WorkloadPilot    7: 1024 op, 236982660.00 ns, 231.4284 us/op
WorkloadPilot    8: 2048 op, 344766737.00 ns, 168.3431 us/op
WorkloadPilot    9: 4096 op, 641946223.00 ns, 156.7252 us/op

OverheadWarmup   1: 4096 op, 15951.00 ns, 3.8943 ns/op
OverheadWarmup   2: 4096 op, 13536.00 ns, 3.3047 ns/op
OverheadWarmup   3: 4096 op, 13496.00 ns, 3.2949 ns/op
OverheadWarmup   4: 4096 op, 13967.00 ns, 3.4099 ns/op
OverheadWarmup   5: 4096 op, 8326.00 ns, 2.0327 ns/op
OverheadWarmup   6: 4096 op, 8145.00 ns, 1.9885 ns/op
OverheadWarmup   7: 4096 op, 8155.00 ns, 1.9910 ns/op
OverheadWarmup   8: 4096 op, 8326.00 ns, 2.0327 ns/op
OverheadWarmup   9: 4096 op, 8175.00 ns, 1.9958 ns/op

OverheadActual   1: 4096 op, 13556.00 ns, 3.3096 ns/op
OverheadActual   2: 4096 op, 13897.00 ns, 3.3928 ns/op
OverheadActual   3: 4096 op, 14067.00 ns, 3.4343 ns/op
OverheadActual   4: 4096 op, 9999.00 ns, 2.4412 ns/op
OverheadActual   5: 4096 op, 13917.00 ns, 3.3977 ns/op
OverheadActual   6: 4096 op, 9749.00 ns, 2.3801 ns/op
OverheadActual   7: 4096 op, 9839.00 ns, 2.4021 ns/op
OverheadActual   8: 4096 op, 10119.00 ns, 2.4705 ns/op
OverheadActual   9: 4096 op, 8226.00 ns, 2.0083 ns/op
OverheadActual  10: 4096 op, 14318.00 ns, 3.4956 ns/op
OverheadActual  11: 4096 op, 14207.00 ns, 3.4685 ns/op
OverheadActual  12: 4096 op, 13095.00 ns, 3.1970 ns/op
OverheadActual  13: 4096 op, 14278.00 ns, 3.4858 ns/op
OverheadActual  14: 4096 op, 8356.00 ns, 2.0400 ns/op
OverheadActual  15: 4096 op, 8186.00 ns, 1.9985 ns/op
OverheadActual  16: 4096 op, 12704.00 ns, 3.1016 ns/op
OverheadActual  17: 4096 op, 8306.00 ns, 2.0278 ns/op
OverheadActual  18: 4096 op, 14338.00 ns, 3.5005 ns/op
OverheadActual  19: 4096 op, 13355.00 ns, 3.2605 ns/op
OverheadActual  20: 4096 op, 8326.00 ns, 2.0327 ns/op

OverheadWarmup   1: 4096 op, 8446.00 ns, 2.0620 ns/op
OverheadWarmup   2: 4096 op, 10490.00 ns, 2.5610 ns/op
OverheadWarmup   3: 4096 op, 8026.00 ns, 1.9595 ns/op
OverheadWarmup   4: 4096 op, 14277.00 ns, 3.4856 ns/op
OverheadWarmup   5: 4096 op, 14388.00 ns, 3.5127 ns/op
OverheadWarmup   6: 4096 op, 14097.00 ns, 3.4417 ns/op

// BeforeActualRun
WorkloadActual   1: 4096 op, 640034335.00 ns, 156.2584 us/op
WorkloadActual   2: 4096 op, 652914558.00 ns, 159.4030 us/op
WorkloadActual   3: 4096 op, 619726948.00 ns, 151.3005 us/op
WorkloadActual   4: 4096 op, 593295099.00 ns, 144.8474 us/op
WorkloadActual   5: 4096 op, 670044848.00 ns, 163.5852 us/op
WorkloadActual   6: 4096 op, 687698667.00 ns, 167.8952 us/op
WorkloadActual   7: 4096 op, 723990410.00 ns, 176.7555 us/op
WorkloadActual   8: 4096 op, 692040970.00 ns, 168.9553 us/op
WorkloadActual   9: 4096 op, 629223278.00 ns, 153.6190 us/op
WorkloadActual  10: 4096 op, 658018413.00 ns, 160.6490 us/op
WorkloadActual  11: 4096 op, 639928700.00 ns, 156.2326 us/op
WorkloadActual  12: 4096 op, 647714743.00 ns, 158.1335 us/op
WorkloadActual  13: 4096 op, 631588689.00 ns, 154.1965 us/op
WorkloadActual  14: 4096 op, 616515941.00 ns, 150.5166 us/op
WorkloadActual  15: 4096 op, 635980746.00 ns, 155.2687 us/op
WorkloadActual  16: 4096 op, 711114564.00 ns, 173.6120 us/op
WorkloadActual  17: 4096 op, 646361456.00 ns, 157.8031 us/op
WorkloadActual  18: 4096 op, 624880002.00 ns, 152.5586 us/op
WorkloadActual  19: 4096 op, 603294178.00 ns, 147.2886 us/op
WorkloadActual  20: 4096 op, 650353079.00 ns, 158.7776 us/op
WorkloadActual  21: 4096 op, 681996486.00 ns, 166.5030 us/op
WorkloadActual  22: 4096 op, 652508777.00 ns, 159.3039 us/op
WorkloadActual  23: 4096 op, 634159303.00 ns, 154.8240 us/op
WorkloadActual  24: 4096 op, 758013726.00 ns, 185.0619 us/op
WorkloadActual  25: 4096 op, 755185454.00 ns, 184.3714 us/op
WorkloadActual  26: 4096 op, 662063287.00 ns, 161.6365 us/op
WorkloadActual  27: 4096 op, 680235129.00 ns, 166.0730 us/op
WorkloadActual  28: 4096 op, 717881426.00 ns, 175.2640 us/op
WorkloadActual  29: 4096 op, 650637140.00 ns, 158.8470 us/op
WorkloadActual  30: 4096 op, 712985316.00 ns, 174.0687 us/op
WorkloadActual  31: 4096 op, 693464825.00 ns, 169.3029 us/op
WorkloadActual  32: 4096 op, 686718924.00 ns, 167.6560 us/op
WorkloadActual  33: 4096 op, 719917447.00 ns, 175.7611 us/op
WorkloadActual  34: 4096 op, 755967970.00 ns, 184.5625 us/op
WorkloadActual  35: 4096 op, 687276624.00 ns, 167.7921 us/op
WorkloadActual  36: 4096 op, 657598590.00 ns, 160.5465 us/op
WorkloadActual  37: 4096 op, 636165678.00 ns, 155.3139 us/op
WorkloadActual  38: 4096 op, 624730782.00 ns, 152.5222 us/op
WorkloadActual  39: 4096 op, 645998649.00 ns, 157.7145 us/op
WorkloadActual  40: 4096 op, 634218944.00 ns, 154.8386 us/op
WorkloadActual  41: 4096 op, 658539786.00 ns, 160.7763 us/op
WorkloadActual  42: 4096 op, 722909973.00 ns, 176.4917 us/op
WorkloadActual  43: 4096 op, 697435876.00 ns, 170.2724 us/op
WorkloadActual  44: 4096 op, 615334421.00 ns, 150.2281 us/op
WorkloadActual  45: 4096 op, 621708341.00 ns, 151.7843 us/op
WorkloadActual  46: 4096 op, 633000115.00 ns, 154.5410 us/op
WorkloadActual  47: 4096 op, 629125710.00 ns, 153.5951 us/op
WorkloadActual  48: 4096 op, 619302549.00 ns, 151.1969 us/op
WorkloadActual  49: 4096 op, 635189618.00 ns, 155.0756 us/op
WorkloadActual  50: 4096 op, 629756910.00 ns, 153.7492 us/op
WorkloadActual  51: 4096 op, 670160385.00 ns, 163.6134 us/op
WorkloadActual  52: 4096 op, 766672414.00 ns, 187.1759 us/op
WorkloadActual  53: 4096 op, 666814853.00 ns, 162.7966 us/op
WorkloadActual  54: 4096 op, 637994010.00 ns, 155.7603 us/op
WorkloadActual  55: 4096 op, 658012217.00 ns, 160.6475 us/op
WorkloadActual  56: 4096 op, 656962898.00 ns, 160.3913 us/op
WorkloadActual  57: 4096 op, 636086901.00 ns, 155.2947 us/op
WorkloadActual  58: 4096 op, 674845218.00 ns, 164.7571 us/op
WorkloadActual  59: 4096 op, 685192203.00 ns, 167.2833 us/op
WorkloadActual  60: 4096 op, 681268453.00 ns, 166.3253 us/op
WorkloadActual  61: 4096 op, 713167541.00 ns, 174.1132 us/op
WorkloadActual  62: 4096 op, 624378244.00 ns, 152.4361 us/op
WorkloadActual  63: 4096 op, 614688808.00 ns, 150.0705 us/op
WorkloadActual  64: 4096 op, 618284752.00 ns, 150.9484 us/op
WorkloadActual  65: 4096 op, 601850266.00 ns, 146.9361 us/op
WorkloadActual  66: 4096 op, 590558384.00 ns, 144.1793 us/op
WorkloadActual  67: 4096 op, 644257688.00 ns, 157.2895 us/op
WorkloadActual  68: 4096 op, 658959750.00 ns, 160.8788 us/op
WorkloadActual  69: 4096 op, 641875530.00 ns, 156.7079 us/op
WorkloadActual  70: 4096 op, 701606059.00 ns, 171.2905 us/op
WorkloadActual  71: 4096 op, 649509874.00 ns, 158.5717 us/op
WorkloadActual  72: 4096 op, 597237372.00 ns, 145.8099 us/op
WorkloadActual  73: 4096 op, 579306010.00 ns, 141.4321 us/op
WorkloadActual  74: 4096 op, 583910654.00 ns, 142.5563 us/op
WorkloadActual  75: 4096 op, 616076583.00 ns, 150.4093 us/op
WorkloadActual  76: 4096 op, 646922785.00 ns, 157.9401 us/op
WorkloadActual  77: 4096 op, 592109220.00 ns, 144.5579 us/op
WorkloadActual  78: 4096 op, 619786426.00 ns, 151.3150 us/op
WorkloadActual  79: 4096 op, 607946294.00 ns, 148.4244 us/op
WorkloadActual  80: 4096 op, 690149868.00 ns, 168.4936 us/op
WorkloadActual  81: 4096 op, 638272271.00 ns, 155.8282 us/op
WorkloadActual  82: 4096 op, 595085348.00 ns, 145.2845 us/op
WorkloadActual  83: 4096 op, 609829541.00 ns, 148.8842 us/op
WorkloadActual  84: 4096 op, 596621159.00 ns, 145.6595 us/op
WorkloadActual  85: 4096 op, 612531003.00 ns, 149.5437 us/op
WorkloadActual  86: 4096 op, 592923653.00 ns, 144.7568 us/op
WorkloadActual  87: 4096 op, 609264611.00 ns, 148.7462 us/op
WorkloadActual  88: 4096 op, 602406996.00 ns, 147.0720 us/op
WorkloadActual  89: 4096 op, 634433608.00 ns, 154.8910 us/op
WorkloadActual  90: 4096 op, 699576849.00 ns, 170.7951 us/op
WorkloadActual  91: 4096 op, 623900318.00 ns, 152.3194 us/op
WorkloadActual  92: 4096 op, 613488569.00 ns, 149.7775 us/op
WorkloadActual  93: 4096 op, 650153200.00 ns, 158.7288 us/op
WorkloadActual  94: 4096 op, 615279359.00 ns, 150.2147 us/op
WorkloadActual  95: 4096 op, 622384229.00 ns, 151.9493 us/op
WorkloadActual  96: 4096 op, 622552351.00 ns, 151.9903 us/op
WorkloadActual  97: 4096 op, 665346254.00 ns, 162.4381 us/op
WorkloadActual  98: 4096 op, 636574612.00 ns, 155.4137 us/op
WorkloadActual  99: 4096 op, 741760298.00 ns, 181.0938 us/op
WorkloadActual  100: 4096 op, 649889169.00 ns, 158.6643 us/op

// AfterActualRun
WorkloadResult   1: 4096 op, 640021435.50 ns, 156.2552 us/op
WorkloadResult   2: 4096 op, 652901658.50 ns, 159.3998 us/op
WorkloadResult   3: 4096 op, 619714048.50 ns, 151.2974 us/op
WorkloadResult   4: 4096 op, 593282199.50 ns, 144.8443 us/op
WorkloadResult   5: 4096 op, 670031948.50 ns, 163.5820 us/op
WorkloadResult   6: 4096 op, 687685767.50 ns, 167.8920 us/op
WorkloadResult   7: 4096 op, 723977510.50 ns, 176.7523 us/op
WorkloadResult   8: 4096 op, 692028070.50 ns, 168.9522 us/op
WorkloadResult   9: 4096 op, 629210378.50 ns, 153.6158 us/op
WorkloadResult  10: 4096 op, 658005513.50 ns, 160.6459 us/op
WorkloadResult  11: 4096 op, 639915800.50 ns, 156.2294 us/op
WorkloadResult  12: 4096 op, 647701843.50 ns, 158.1303 us/op
WorkloadResult  13: 4096 op, 631575789.50 ns, 154.1933 us/op
WorkloadResult  14: 4096 op, 616503041.50 ns, 150.5134 us/op
WorkloadResult  15: 4096 op, 635967846.50 ns, 155.2656 us/op
WorkloadResult  16: 4096 op, 711101664.50 ns, 173.6088 us/op
WorkloadResult  17: 4096 op, 646348556.50 ns, 157.7999 us/op
WorkloadResult  18: 4096 op, 624867102.50 ns, 152.5554 us/op
WorkloadResult  19: 4096 op, 603281278.50 ns, 147.2855 us/op
WorkloadResult  20: 4096 op, 650340179.50 ns, 158.7745 us/op
WorkloadResult  21: 4096 op, 681983586.50 ns, 166.4999 us/op
WorkloadResult  22: 4096 op, 652495877.50 ns, 159.3008 us/op
WorkloadResult  23: 4096 op, 634146403.50 ns, 154.8209 us/op
WorkloadResult  24: 4096 op, 758000826.50 ns, 185.0588 us/op
WorkloadResult  25: 4096 op, 755172554.50 ns, 184.3683 us/op
WorkloadResult  26: 4096 op, 662050387.50 ns, 161.6334 us/op
WorkloadResult  27: 4096 op, 680222229.50 ns, 166.0699 us/op
WorkloadResult  28: 4096 op, 717868526.50 ns, 175.2609 us/op
WorkloadResult  29: 4096 op, 650624240.50 ns, 158.8438 us/op
WorkloadResult  30: 4096 op, 712972416.50 ns, 174.0655 us/op
WorkloadResult  31: 4096 op, 693451925.50 ns, 169.2998 us/op
WorkloadResult  32: 4096 op, 686706024.50 ns, 167.6528 us/op
WorkloadResult  33: 4096 op, 719904547.50 ns, 175.7579 us/op
WorkloadResult  34: 4096 op, 755955070.50 ns, 184.5593 us/op
WorkloadResult  35: 4096 op, 687263724.50 ns, 167.7890 us/op
WorkloadResult  36: 4096 op, 657585690.50 ns, 160.5434 us/op
WorkloadResult  37: 4096 op, 636152778.50 ns, 155.3107 us/op
WorkloadResult  38: 4096 op, 624717882.50 ns, 152.5190 us/op
WorkloadResult  39: 4096 op, 645985749.50 ns, 157.7114 us/op
WorkloadResult  40: 4096 op, 634206044.50 ns, 154.8355 us/op
WorkloadResult  41: 4096 op, 658526886.50 ns, 160.7732 us/op
WorkloadResult  42: 4096 op, 722897073.50 ns, 176.4885 us/op
WorkloadResult  43: 4096 op, 697422976.50 ns, 170.2693 us/op
WorkloadResult  44: 4096 op, 615321521.50 ns, 150.2250 us/op
WorkloadResult  45: 4096 op, 621695441.50 ns, 151.7811 us/op
WorkloadResult  46: 4096 op, 632987215.50 ns, 154.5379 us/op
WorkloadResult  47: 4096 op, 629112810.50 ns, 153.5920 us/op
WorkloadResult  48: 4096 op, 619289649.50 ns, 151.1938 us/op
WorkloadResult  49: 4096 op, 635176718.50 ns, 155.0724 us/op
WorkloadResult  50: 4096 op, 629744010.50 ns, 153.7461 us/op
WorkloadResult  51: 4096 op, 670147485.50 ns, 163.6102 us/op
WorkloadResult  52: 4096 op, 666801953.50 ns, 162.7934 us/op
WorkloadResult  53: 4096 op, 637981110.50 ns, 155.7571 us/op
WorkloadResult  54: 4096 op, 657999317.50 ns, 160.6444 us/op
WorkloadResult  55: 4096 op, 656949998.50 ns, 160.3882 us/op
WorkloadResult  56: 4096 op, 636074001.50 ns, 155.2915 us/op
WorkloadResult  57: 4096 op, 674832318.50 ns, 164.7540 us/op
WorkloadResult  58: 4096 op, 685179303.50 ns, 167.2801 us/op
WorkloadResult  59: 4096 op, 681255553.50 ns, 166.3222 us/op
WorkloadResult  60: 4096 op, 713154641.50 ns, 174.1100 us/op
WorkloadResult  61: 4096 op, 624365344.50 ns, 152.4329 us/op
WorkloadResult  62: 4096 op, 614675908.50 ns, 150.0674 us/op
WorkloadResult  63: 4096 op, 618271852.50 ns, 150.9453 us/op
WorkloadResult  64: 4096 op, 601837366.50 ns, 146.9330 us/op
WorkloadResult  65: 4096 op, 590545484.50 ns, 144.1761 us/op
WorkloadResult  66: 4096 op, 644244788.50 ns, 157.2863 us/op
WorkloadResult  67: 4096 op, 658946850.50 ns, 160.8757 us/op
WorkloadResult  68: 4096 op, 641862630.50 ns, 156.7047 us/op
WorkloadResult  69: 4096 op, 701593159.50 ns, 171.2874 us/op
WorkloadResult  70: 4096 op, 649496974.50 ns, 158.5686 us/op
WorkloadResult  71: 4096 op, 597224472.50 ns, 145.8068 us/op
WorkloadResult  72: 4096 op, 579293110.50 ns, 141.4290 us/op
WorkloadResult  73: 4096 op, 583897754.50 ns, 142.5532 us/op
WorkloadResult  74: 4096 op, 616063683.50 ns, 150.4062 us/op
WorkloadResult  75: 4096 op, 646909885.50 ns, 157.9370 us/op
WorkloadResult  76: 4096 op, 592096320.50 ns, 144.5548 us/op
WorkloadResult  77: 4096 op, 619773526.50 ns, 151.3119 us/op
WorkloadResult  78: 4096 op, 607933394.50 ns, 148.4212 us/op
WorkloadResult  79: 4096 op, 690136968.50 ns, 168.4905 us/op
WorkloadResult  80: 4096 op, 638259371.50 ns, 155.8250 us/op
WorkloadResult  81: 4096 op, 595072448.50 ns, 145.2814 us/op
WorkloadResult  82: 4096 op, 609816641.50 ns, 148.8810 us/op
WorkloadResult  83: 4096 op, 596608259.50 ns, 145.6563 us/op
WorkloadResult  84: 4096 op, 612518103.50 ns, 149.5406 us/op
WorkloadResult  85: 4096 op, 592910753.50 ns, 144.7536 us/op
WorkloadResult  86: 4096 op, 609251711.50 ns, 148.7431 us/op
WorkloadResult  87: 4096 op, 602394096.50 ns, 147.0689 us/op
WorkloadResult  88: 4096 op, 634420708.50 ns, 154.8879 us/op
WorkloadResult  89: 4096 op, 699563949.50 ns, 170.7920 us/op
WorkloadResult  90: 4096 op, 623887418.50 ns, 152.3163 us/op
WorkloadResult  91: 4096 op, 613475669.50 ns, 149.7743 us/op
WorkloadResult  92: 4096 op, 650140300.50 ns, 158.7257 us/op
WorkloadResult  93: 4096 op, 615266459.50 ns, 150.2115 us/op
WorkloadResult  94: 4096 op, 622371329.50 ns, 151.9461 us/op
WorkloadResult  95: 4096 op, 622539451.50 ns, 151.9872 us/op
WorkloadResult  96: 4096 op, 665333354.50 ns, 162.4349 us/op
WorkloadResult  97: 4096 op, 636561712.50 ns, 155.4106 us/op
WorkloadResult  98: 4096 op, 741747398.50 ns, 181.0907 us/op
WorkloadResult  99: 4096 op, 649876269.50 ns, 158.6612 us/op
// GC:  3 0 0 153337960 4096
// Threading:  11669 17 4096

// AfterAll
// Benchmark Process 1041856 has exited with code 0.

Mean = 158.508 μs, StdErr = 0.999 μs (0.63%), N = 99, StdDev = 9.943 μs
Min = 141.429 μs, Q1 = 151.305 μs, Median = 156.255 μs, Q3 = 164.182 μs, Max = 185.059 μs
IQR = 12.877 μs, LowerFence = 131.988 μs, UpperFence = 183.498 μs
ConfidenceInterval = [155.118 μs; 161.898 μs] (CI 99.9%), Margin = 3.390 μs (2.14% of Mean)
Skewness = 0.72, Kurtosis = 2.99, MValue = 2.52

// ** Remained 45 (90.0%) benchmark(s) to run. Estimated finish 2026-01-01 2:36 (0h 50m from now) **
// **************************
// Benchmark: Sorting.Sort_Kahn: DefaultJob [NumItems=100, GraphType=Chain]
// *** Execute ***
// Launch: 1 / 1
// Execute: dotnet NexusMods.Benchmarks-DefaultJob-1.dll --anonymousPipes 126 127 --benchmarkName "NexusMods.Benchmarks.Benchmarks.Sorting.Sort_Kahn(NumItems: 100, GraphType: Chain)" --job Default --benchmarkId 5 in /home/ryang/nexus-app/benchmarks/NexusMods.Benchmarks/bin/Release/net9.0/NexusMods.Benchmarks-DefaultJob-1/bin/Release/net9.0
// Failed to set up high priority (Permission denied). In order to run benchmarks with high priority, make sure you have the right permissions.
// BeforeAnythingElse

// Benchmark Process Environment Information:
// BenchmarkDotNet v0.15.2
// Runtime=.NET 9.0.11 (9.0.1125.51716), X64 RyuJIT AVX-512F+CD+BW+DQ+VL+VBMI
// GC=Concurrent Workstation
// HardwareIntrinsics=AVX-512F+CD+BW+DQ+VL+VBMI,AES,BMI1,BMI2,FMA,LZCNT,PCLMUL,POPCNT,AvxVnni VectorSize=256
// Job: DefaultJob

OverheadJitting  1: 1 op, 195754.00 ns, 195.7540 us/op
WorkloadJitting  1: 1 op, 1668052.00 ns, 1.6681 ms/op

OverheadJitting  2: 16 op, 376852.00 ns, 23.5533 us/op
WorkloadJitting  2: 16 op, 1695375.00 ns, 105.9609 us/op

WorkloadPilot    1: 16 op, 344419.00 ns, 21.5262 us/op
WorkloadPilot    2: 32 op, 735407.00 ns, 22.9815 us/op
WorkloadPilot    3: 64 op, 1675267.00 ns, 26.1760 us/op
WorkloadPilot    4: 128 op, 3305728.00 ns, 25.8260 us/op
WorkloadPilot    5: 256 op, 6126327.00 ns, 23.9310 us/op
WorkloadPilot    6: 512 op, 11404469.00 ns, 22.2744 us/op
WorkloadPilot    7: 1024 op, 21324747.00 ns, 20.8249 us/op
WorkloadPilot    8: 2048 op, 38395132.00 ns, 18.7476 us/op
WorkloadPilot    9: 4096 op, 62357238.00 ns, 15.2239 us/op
WorkloadPilot   10: 8192 op, 50898635.00 ns, 6.2132 us/op
WorkloadPilot   11: 16384 op, 98607585.00 ns, 6.0185 us/op
WorkloadPilot   12: 32768 op, 206927529.00 ns, 6.3149 us/op
WorkloadPilot   13: 65536 op, 431451911.00 ns, 6.5834 us/op
WorkloadPilot   14: 131072 op, 852743866.00 ns, 6.5059 us/op

OverheadWarmup   1: 131072 op, 453678.00 ns, 3.4613 ns/op
OverheadWarmup   2: 131072 op, 447216.00 ns, 3.4120 ns/op
OverheadWarmup   3: 131072 op, 401929.00 ns, 3.0665 ns/op
OverheadWarmup   4: 131072 op, 404014.00 ns, 3.0824 ns/op
OverheadWarmup   5: 131072 op, 403582.00 ns, 3.0791 ns/op
OverheadWarmup   6: 131072 op, 407019.00 ns, 3.1053 ns/op
OverheadWarmup   7: 131072 op, 447797.00 ns, 3.4164 ns/op
OverheadWarmup   8: 131072 op, 445383.00 ns, 3.3980 ns/op

OverheadActual   1: 131072 op, 445062.00 ns, 3.3956 ns/op
OverheadActual   2: 131072 op, 440473.00 ns, 3.3605 ns/op
OverheadActual   3: 131072 op, 444782.00 ns, 3.3934 ns/op
OverheadActual   4: 131072 op, 458328.00 ns, 3.4968 ns/op
OverheadActual   5: 131072 op, 324111.00 ns, 2.4728 ns/op
OverheadActual   6: 131072 op, 267282.00 ns, 2.0392 ns/op
OverheadActual   7: 131072 op, 442127.00 ns, 3.3732 ns/op
OverheadActual   8: 131072 op, 412870.00 ns, 3.1499 ns/op
OverheadActual   9: 131072 op, 303391.00 ns, 2.3147 ns/op
OverheadActual  10: 131072 op, 417298.00 ns, 3.1837 ns/op
OverheadActual  11: 131072 op, 316326.00 ns, 2.4134 ns/op
OverheadActual  12: 131072 op, 271259.00 ns, 2.0695 ns/op
OverheadActual  13: 131072 op, 275828.00 ns, 2.1044 ns/op
OverheadActual  14: 131072 op, 282691.00 ns, 2.1568 ns/op
OverheadActual  15: 131072 op, 363105.00 ns, 2.7703 ns/op
OverheadActual  16: 131072 op, 400206.00 ns, 3.0533 ns/op
OverheadActual  17: 131072 op, 438769.00 ns, 3.3475 ns/op
OverheadActual  18: 131072 op, 258715.00 ns, 1.9738 ns/op
OverheadActual  19: 131072 op, 262913.00 ns, 2.0059 ns/op
OverheadActual  20: 131072 op, 282210.00 ns, 2.1531 ns/op

OverheadWarmup   1: 131072 op, 365901.00 ns, 2.7916 ns/op
OverheadWarmup   2: 131072 op, 258896.00 ns, 1.9752 ns/op
OverheadWarmup   3: 131072 op, 302339.00 ns, 2.3067 ns/op
OverheadWarmup   4: 131072 op, 262332.00 ns, 2.0014 ns/op
OverheadWarmup   5: 131072 op, 264186.00 ns, 2.0156 ns/op
OverheadWarmup   6: 131072 op, 260489.00 ns, 1.9874 ns/op

// BeforeActualRun
WorkloadActual   1: 131072 op, 877766733.00 ns, 6.6968 us/op
WorkloadActual   2: 131072 op, 848606378.00 ns, 6.4744 us/op
WorkloadActual   3: 131072 op, 877078419.00 ns, 6.6916 us/op
WorkloadActual   4: 131072 op, 872243485.00 ns, 6.6547 us/op
WorkloadActual   5: 131072 op, 829114132.00 ns, 6.3256 us/op
WorkloadActual   6: 131072 op, 841174909.00 ns, 6.4177 us/op
WorkloadActual   7: 131072 op, 849985124.00 ns, 6.4849 us/op
WorkloadActual   8: 131072 op, 822816922.00 ns, 6.2776 us/op
WorkloadActual   9: 131072 op, 882672293.00 ns, 6.7343 us/op
WorkloadActual  10: 131072 op, 916911933.00 ns, 6.9955 us/op
WorkloadActual  11: 131072 op, 853057410.00 ns, 6.5083 us/op
WorkloadActual  12: 131072 op, 844586195.00 ns, 6.4437 us/op
WorkloadActual  13: 131072 op, 805360004.00 ns, 6.1444 us/op
WorkloadActual  14: 131072 op, 827981945.00 ns, 6.3170 us/op
WorkloadActual  15: 131072 op, 838227968.00 ns, 6.3952 us/op
WorkloadActual  16: 131072 op, 824836166.00 ns, 6.2930 us/op
WorkloadActual  17: 131072 op, 852022715.00 ns, 6.5004 us/op
WorkloadActual  18: 131072 op, 863047800.00 ns, 6.5845 us/op
WorkloadActual  19: 131072 op, 812444920.00 ns, 6.1985 us/op
WorkloadActual  20: 131072 op, 824254477.00 ns, 6.2886 us/op
WorkloadActual  21: 131072 op, 831147052.00 ns, 6.3411 us/op
WorkloadActual  22: 131072 op, 816042230.00 ns, 6.2259 us/op
WorkloadActual  23: 131072 op, 849491808.00 ns, 6.4811 us/op
WorkloadActual  24: 131072 op, 870601295.00 ns, 6.6422 us/op
WorkloadActual  25: 131072 op, 940356758.00 ns, 7.1744 us/op
WorkloadActual  26: 131072 op, 812902093.00 ns, 6.2020 us/op
WorkloadActual  27: 131072 op, 843633910.00 ns, 6.4364 us/op
WorkloadActual  28: 131072 op, 851548540.00 ns, 6.4968 us/op
WorkloadActual  29: 131072 op, 834047302.00 ns, 6.3633 us/op
WorkloadActual  30: 131072 op, 848379987.00 ns, 6.4726 us/op

// AfterActualRun
WorkloadResult   1: 131072 op, 877423125.00 ns, 6.6942 us/op
WorkloadResult   2: 131072 op, 848262770.00 ns, 6.4717 us/op
WorkloadResult   3: 131072 op, 876734811.00 ns, 6.6890 us/op
WorkloadResult   4: 131072 op, 871899877.00 ns, 6.6521 us/op
WorkloadResult   5: 131072 op, 828770524.00 ns, 6.3230 us/op
WorkloadResult   6: 131072 op, 840831301.00 ns, 6.4150 us/op
WorkloadResult   7: 131072 op, 849641516.00 ns, 6.4823 us/op
WorkloadResult   8: 131072 op, 822473314.00 ns, 6.2750 us/op
WorkloadResult   9: 131072 op, 882328685.00 ns, 6.7316 us/op
WorkloadResult  10: 131072 op, 852713802.00 ns, 6.5057 us/op
WorkloadResult  11: 131072 op, 844242587.00 ns, 6.4411 us/op
WorkloadResult  12: 131072 op, 805016396.00 ns, 6.1418 us/op
WorkloadResult  13: 131072 op, 827638337.00 ns, 6.3144 us/op
WorkloadResult  14: 131072 op, 837884360.00 ns, 6.3926 us/op
WorkloadResult  15: 131072 op, 824492558.00 ns, 6.2904 us/op
WorkloadResult  16: 131072 op, 851679107.00 ns, 6.4978 us/op
WorkloadResult  17: 131072 op, 862704192.00 ns, 6.5819 us/op
WorkloadResult  18: 131072 op, 812101312.00 ns, 6.1958 us/op
WorkloadResult  19: 131072 op, 823910869.00 ns, 6.2859 us/op
WorkloadResult  20: 131072 op, 830803444.00 ns, 6.3385 us/op
WorkloadResult  21: 131072 op, 815698622.00 ns, 6.2233 us/op
WorkloadResult  22: 131072 op, 849148200.00 ns, 6.4785 us/op
WorkloadResult  23: 131072 op, 870257687.00 ns, 6.6395 us/op
WorkloadResult  24: 131072 op, 812558485.00 ns, 6.1993 us/op
WorkloadResult  25: 131072 op, 843290302.00 ns, 6.4338 us/op
WorkloadResult  26: 131072 op, 851204932.00 ns, 6.4942 us/op
WorkloadResult  27: 131072 op, 833703694.00 ns, 6.3607 us/op
WorkloadResult  28: 131072 op, 848036379.00 ns, 6.4700 us/op
// GC:  37 0 0 1895825408 131072
// Threading:  0 0 131072

// AfterAll
// Benchmark Process 1048886 has exited with code 0.

Mean = 6.429 μs, StdErr = 0.031 μs (0.47%), N = 28, StdDev = 0.162 μs
Min = 6.142 μs, Q1 = 6.308 μs, Median = 6.437 μs, Q3 = 6.500 μs, Max = 6.732 μs
IQR = 0.191 μs, LowerFence = 6.021 μs, UpperFence = 6.787 μs
ConfidenceInterval = [6.317 μs; 6.542 μs] (CI 99.9%), Margin = 0.113 μs (1.75% of Mean)
Skewness = 0.16, Kurtosis = 2.05, MValue = 2

// ** Remained 44 (88.0%) benchmark(s) to run. Estimated finish 2026-01-01 2:30 (0h 44m from now) **
// **************************
// Benchmark: Sorting.Sort_Original: DefaultJob [NumItems=100, GraphType=Star]
// *** Execute ***
// Launch: 1 / 1
// Execute: dotnet NexusMods.Benchmarks-DefaultJob-1.dll --anonymousPipes 126 127 --benchmarkName "NexusMods.Benchmarks.Benchmarks.Sorting.Sort_Original(NumItems: 100, GraphType: Star)" --job Default --benchmarkId 6 in /home/ryang/nexus-app/benchmarks/NexusMods.Benchmarks/bin/Release/net9.0/NexusMods.Benchmarks-DefaultJob-1/bin/Release/net9.0
// Failed to set up high priority (Permission denied). In order to run benchmarks with high priority, make sure you have the right permissions.
// BeforeAnythingElse

// Benchmark Process Environment Information:
// BenchmarkDotNet v0.15.2
// Runtime=.NET 9.0.11 (9.0.1125.51716), X64 RyuJIT AVX-512F+CD+BW+DQ+VL+VBMI
// GC=Concurrent Workstation
// HardwareIntrinsics=AVX-512F+CD+BW+DQ+VL+VBMI,AES,BMI1,BMI2,FMA,LZCNT,PCLMUL,POPCNT,AvxVnni VectorSize=256
// Job: DefaultJob

OverheadJitting  1: 1 op, 198960.00 ns, 198.9600 us/op
WorkloadJitting  1: 1 op, 12956521.00 ns, 12.9565 ms/op

OverheadJitting  2: 16 op, 393944.00 ns, 24.6215 us/op
WorkloadJitting  2: 16 op, 12786636.00 ns, 799.1648 us/op

WorkloadPilot    1: 16 op, 10588749.00 ns, 661.7968 us/op
WorkloadPilot    2: 32 op, 16795128.00 ns, 524.8478 us/op
WorkloadPilot    3: 64 op, 27620379.00 ns, 431.5684 us/op
WorkloadPilot    4: 128 op, 53407380.00 ns, 417.2452 us/op
WorkloadPilot    5: 256 op, 114927407.00 ns, 448.9352 us/op
WorkloadPilot    6: 512 op, 217879281.00 ns, 425.5455 us/op
WorkloadPilot    7: 1024 op, 110663997.00 ns, 108.0703 us/op
WorkloadPilot    8: 2048 op, 187173647.00 ns, 91.3934 us/op
WorkloadPilot    9: 4096 op, 283396061.00 ns, 69.1885 us/op
WorkloadPilot   10: 8192 op, 612924235.00 ns, 74.8199 us/op

OverheadWarmup   1: 8192 op, 28004.00 ns, 3.4185 ns/op
OverheadWarmup   2: 8192 op, 16562.00 ns, 2.0217 ns/op
OverheadWarmup   3: 8192 op, 21832.00 ns, 2.6650 ns/op
OverheadWarmup   4: 8192 op, 27603.00 ns, 3.3695 ns/op
OverheadWarmup   5: 8192 op, 26110.00 ns, 3.1873 ns/op
OverheadWarmup   6: 8192 op, 26651.00 ns, 3.2533 ns/op
OverheadWarmup   7: 8192 op, 19047.00 ns, 2.3251 ns/op

OverheadActual   1: 8192 op, 25879.00 ns, 3.1591 ns/op
OverheadActual   2: 8192 op, 28305.00 ns, 3.4552 ns/op
OverheadActual   3: 8192 op, 26341.00 ns, 3.2155 ns/op
OverheadActual   4: 8192 op, 16312.00 ns, 1.9912 ns/op
OverheadActual   5: 8192 op, 16321.00 ns, 1.9923 ns/op
OverheadActual   6: 8192 op, 16101.00 ns, 1.9655 ns/op
OverheadActual   7: 8192 op, 24387.00 ns, 2.9769 ns/op
OverheadActual   8: 8192 op, 28975.00 ns, 3.5370 ns/op
OverheadActual   9: 8192 op, 16361.00 ns, 1.9972 ns/op
OverheadActual  10: 8192 op, 16451.00 ns, 2.0082 ns/op
OverheadActual  11: 8192 op, 16351.00 ns, 1.9960 ns/op
OverheadActual  12: 8192 op, 16452.00 ns, 2.0083 ns/op
OverheadActual  13: 8192 op, 16281.00 ns, 1.9874 ns/op
OverheadActual  14: 8192 op, 16111.00 ns, 1.9667 ns/op
OverheadActual  15: 8192 op, 16161.00 ns, 1.9728 ns/op
OverheadActual  16: 8192 op, 26501.00 ns, 3.2350 ns/op
OverheadActual  17: 8192 op, 24667.00 ns, 3.0111 ns/op
OverheadActual  18: 8192 op, 16963.00 ns, 2.0707 ns/op
OverheadActual  19: 8192 op, 16392.00 ns, 2.0010 ns/op
OverheadActual  20: 8192 op, 16391.00 ns, 2.0009 ns/op

OverheadWarmup   1: 8192 op, 16382.00 ns, 1.9998 ns/op
OverheadWarmup   2: 8192 op, 16231.00 ns, 1.9813 ns/op
OverheadWarmup   3: 8192 op, 22854.00 ns, 2.7898 ns/op
OverheadWarmup   4: 8192 op, 16221.00 ns, 1.9801 ns/op
OverheadWarmup   5: 8192 op, 16281.00 ns, 1.9874 ns/op
OverheadWarmup   6: 8192 op, 16852.00 ns, 2.0571 ns/op
OverheadWarmup   7: 8192 op, 16121.00 ns, 1.9679 ns/op

// BeforeActualRun
WorkloadActual   1: 8192 op, 609241036.00 ns, 74.3702 us/op
WorkloadActual   2: 8192 op, 568059478.00 ns, 69.3432 us/op
WorkloadActual   3: 8192 op, 596177120.00 ns, 72.7755 us/op
WorkloadActual   4: 8192 op, 613466275.00 ns, 74.8860 us/op
WorkloadActual   5: 8192 op, 573699747.00 ns, 70.0317 us/op
WorkloadActual   6: 8192 op, 588126222.00 ns, 71.7928 us/op
WorkloadActual   7: 8192 op, 640021367.00 ns, 78.1276 us/op
WorkloadActual   8: 8192 op, 699729348.00 ns, 85.4162 us/op
WorkloadActual   9: 8192 op, 579992814.00 ns, 70.7999 us/op
WorkloadActual  10: 8192 op, 553997515.00 ns, 67.6266 us/op
WorkloadActual  11: 8192 op, 564196049.00 ns, 68.8716 us/op
WorkloadActual  12: 8192 op, 541327775.00 ns, 66.0801 us/op
WorkloadActual  13: 8192 op, 594477532.00 ns, 72.5681 us/op
WorkloadActual  14: 8192 op, 605745692.00 ns, 73.9436 us/op
WorkloadActual  15: 8192 op, 609937957.00 ns, 74.4553 us/op
WorkloadActual  16: 8192 op, 610935207.00 ns, 74.5771 us/op
WorkloadActual  17: 8192 op, 634937401.00 ns, 77.5070 us/op
WorkloadActual  18: 8192 op, 690006333.00 ns, 84.2293 us/op
WorkloadActual  19: 8192 op, 571089758.00 ns, 69.7131 us/op
WorkloadActual  20: 8192 op, 564039172.00 ns, 68.8524 us/op
WorkloadActual  21: 8192 op, 551509259.00 ns, 67.3229 us/op
WorkloadActual  22: 8192 op, 590732869.00 ns, 72.1109 us/op
WorkloadActual  23: 8192 op, 653614997.00 ns, 79.7870 us/op
WorkloadActual  24: 8192 op, 591356003.00 ns, 72.1870 us/op
WorkloadActual  25: 8192 op, 576427037.00 ns, 70.3646 us/op
WorkloadActual  26: 8192 op, 589675788.00 ns, 71.9819 us/op
WorkloadActual  27: 8192 op, 682733908.00 ns, 83.3415 us/op
WorkloadActual  28: 8192 op, 652914539.00 ns, 79.7015 us/op
WorkloadActual  29: 8192 op, 580142501.00 ns, 70.8182 us/op
WorkloadActual  30: 8192 op, 582110730.00 ns, 71.0584 us/op
WorkloadActual  31: 8192 op, 604030318.00 ns, 73.7342 us/op
WorkloadActual  32: 8192 op, 605738078.00 ns, 73.9426 us/op
WorkloadActual  33: 8192 op, 575706773.00 ns, 70.2767 us/op
WorkloadActual  34: 8192 op, 583582779.00 ns, 71.2381 us/op
WorkloadActual  35: 8192 op, 617368451.00 ns, 75.3624 us/op
WorkloadActual  36: 8192 op, 580848617.00 ns, 70.9044 us/op
WorkloadActual  37: 8192 op, 653754181.00 ns, 79.8040 us/op
WorkloadActual  38: 8192 op, 601129760.00 ns, 73.3801 us/op
WorkloadActual  39: 8192 op, 597278788.00 ns, 72.9100 us/op
WorkloadActual  40: 8192 op, 576307456.00 ns, 70.3500 us/op
WorkloadActual  41: 8192 op, 651933258.00 ns, 79.5817 us/op
WorkloadActual  42: 8192 op, 600058260.00 ns, 73.2493 us/op
WorkloadActual  43: 8192 op, 613540147.00 ns, 74.8950 us/op
WorkloadActual  44: 8192 op, 663352829.00 ns, 80.9757 us/op
WorkloadActual  45: 8192 op, 667577206.00 ns, 81.4914 us/op
WorkloadActual  46: 8192 op, 652335310.00 ns, 79.6308 us/op
WorkloadActual  47: 8192 op, 786446906.00 ns, 96.0018 us/op
WorkloadActual  48: 8192 op, 643346556.00 ns, 78.5335 us/op
WorkloadActual  49: 8192 op, 650041201.00 ns, 79.3507 us/op
WorkloadActual  50: 8192 op, 639191023.00 ns, 78.0262 us/op
WorkloadActual  51: 8192 op, 675205362.00 ns, 82.4225 us/op
WorkloadActual  52: 8192 op, 642387362.00 ns, 78.4164 us/op
WorkloadActual  53: 8192 op, 662153149.00 ns, 80.8292 us/op
WorkloadActual  54: 8192 op, 630443460.00 ns, 76.9584 us/op
WorkloadActual  55: 8192 op, 669909767.00 ns, 81.7761 us/op
WorkloadActual  56: 8192 op, 694569842.00 ns, 84.7864 us/op
WorkloadActual  57: 8192 op, 639359359.00 ns, 78.0468 us/op
WorkloadActual  58: 8192 op, 616401484.00 ns, 75.2443 us/op
WorkloadActual  59: 8192 op, 631250498.00 ns, 77.0569 us/op
WorkloadActual  60: 8192 op, 639949861.00 ns, 78.1189 us/op
WorkloadActual  61: 8192 op, 642620934.00 ns, 78.4449 us/op
WorkloadActual  62: 8192 op, 587587140.00 ns, 71.7269 us/op
WorkloadActual  63: 8192 op, 570778314.00 ns, 69.6751 us/op
WorkloadActual  64: 8192 op, 613647175.00 ns, 74.9081 us/op
WorkloadActual  65: 8192 op, 695257875.00 ns, 84.8703 us/op
WorkloadActual  66: 8192 op, 624089875.00 ns, 76.1828 us/op
WorkloadActual  67: 8192 op, 603383770.00 ns, 73.6552 us/op
WorkloadActual  68: 8192 op, 565320400.00 ns, 69.0088 us/op
WorkloadActual  69: 8192 op, 562836325.00 ns, 68.7056 us/op
WorkloadActual  70: 8192 op, 592923198.00 ns, 72.3783 us/op
WorkloadActual  71: 8192 op, 604637993.00 ns, 73.8083 us/op
WorkloadActual  72: 8192 op, 648356650.00 ns, 79.1451 us/op
WorkloadActual  73: 8192 op, 629725907.00 ns, 76.8708 us/op
WorkloadActual  74: 8192 op, 664408738.00 ns, 81.1046 us/op
WorkloadActual  75: 8192 op, 692155712.00 ns, 84.4917 us/op
WorkloadActual  76: 8192 op, 640605575.00 ns, 78.1989 us/op
WorkloadActual  77: 8192 op, 652744853.00 ns, 79.6808 us/op
WorkloadActual  78: 8192 op, 617456745.00 ns, 75.3731 us/op
WorkloadActual  79: 8192 op, 597051044.00 ns, 72.8822 us/op
WorkloadActual  80: 8192 op, 610952536.00 ns, 74.5792 us/op
WorkloadActual  81: 8192 op, 577873826.00 ns, 70.5412 us/op
WorkloadActual  82: 8192 op, 615228120.00 ns, 75.1011 us/op
WorkloadActual  83: 8192 op, 614895905.00 ns, 75.0605 us/op
WorkloadActual  84: 8192 op, 680802065.00 ns, 83.1057 us/op
WorkloadActual  85: 8192 op, 709151512.00 ns, 86.5663 us/op
WorkloadActual  86: 8192 op, 644905913.00 ns, 78.7239 us/op
WorkloadActual  87: 8192 op, 617823892.00 ns, 75.4180 us/op
WorkloadActual  88: 8192 op, 619211159.00 ns, 75.5873 us/op
WorkloadActual  89: 8192 op, 671679625.00 ns, 81.9921 us/op
WorkloadActual  90: 8192 op, 598087464.00 ns, 73.0087 us/op
WorkloadActual  91: 8192 op, 649152794.00 ns, 79.2423 us/op
WorkloadActual  92: 8192 op, 741421960.00 ns, 90.5056 us/op
WorkloadActual  93: 8192 op, 661242949.00 ns, 80.7181 us/op
WorkloadActual  94: 8192 op, 704494023.00 ns, 85.9978 us/op
WorkloadActual  95: 8192 op, 672977965.00 ns, 82.1506 us/op
WorkloadActual  96: 8192 op, 697048001.00 ns, 85.0889 us/op
WorkloadActual  97: 8192 op, 641531400.00 ns, 78.3119 us/op
WorkloadActual  98: 8192 op, 667326408.00 ns, 81.4607 us/op
WorkloadActual  99: 8192 op, 616064461.00 ns, 75.2032 us/op
WorkloadActual  100: 8192 op, 621890915.00 ns, 75.9144 us/op

// AfterActualRun
WorkloadResult   1: 8192 op, 609224614.50 ns, 74.3682 us/op
WorkloadResult   2: 8192 op, 568043056.50 ns, 69.3412 us/op
WorkloadResult   3: 8192 op, 596160698.50 ns, 72.7735 us/op
WorkloadResult   4: 8192 op, 613449853.50 ns, 74.8840 us/op
WorkloadResult   5: 8192 op, 573683325.50 ns, 70.0297 us/op
WorkloadResult   6: 8192 op, 588109800.50 ns, 71.7907 us/op
WorkloadResult   7: 8192 op, 640004945.50 ns, 78.1256 us/op
WorkloadResult   8: 8192 op, 699712926.50 ns, 85.4142 us/op
WorkloadResult   9: 8192 op, 579976392.50 ns, 70.7979 us/op
WorkloadResult  10: 8192 op, 553981093.50 ns, 67.6246 us/op
WorkloadResult  11: 8192 op, 564179627.50 ns, 68.8696 us/op
WorkloadResult  12: 8192 op, 541311353.50 ns, 66.0780 us/op
WorkloadResult  13: 8192 op, 594461110.50 ns, 72.5661 us/op
WorkloadResult  14: 8192 op, 605729270.50 ns, 73.9416 us/op
WorkloadResult  15: 8192 op, 609921535.50 ns, 74.4533 us/op
WorkloadResult  16: 8192 op, 610918785.50 ns, 74.5750 us/op
WorkloadResult  17: 8192 op, 634920979.50 ns, 77.5050 us/op
WorkloadResult  18: 8192 op, 689989911.50 ns, 84.2273 us/op
WorkloadResult  19: 8192 op, 571073336.50 ns, 69.7111 us/op
WorkloadResult  20: 8192 op, 564022750.50 ns, 68.8504 us/op
WorkloadResult  21: 8192 op, 551492837.50 ns, 67.3209 us/op
WorkloadResult  22: 8192 op, 590716447.50 ns, 72.1089 us/op
WorkloadResult  23: 8192 op, 653598575.50 ns, 79.7850 us/op
WorkloadResult  24: 8192 op, 591339581.50 ns, 72.1850 us/op
WorkloadResult  25: 8192 op, 576410615.50 ns, 70.3626 us/op
WorkloadResult  26: 8192 op, 589659366.50 ns, 71.9799 us/op
WorkloadResult  27: 8192 op, 682717486.50 ns, 83.3395 us/op
WorkloadResult  28: 8192 op, 652898117.50 ns, 79.6995 us/op
WorkloadResult  29: 8192 op, 580126079.50 ns, 70.8162 us/op
WorkloadResult  30: 8192 op, 582094308.50 ns, 71.0564 us/op
WorkloadResult  31: 8192 op, 604013896.50 ns, 73.7322 us/op
WorkloadResult  32: 8192 op, 605721656.50 ns, 73.9406 us/op
WorkloadResult  33: 8192 op, 575690351.50 ns, 70.2747 us/op
WorkloadResult  34: 8192 op, 583566357.50 ns, 71.2361 us/op
WorkloadResult  35: 8192 op, 617352029.50 ns, 75.3604 us/op
WorkloadResult  36: 8192 op, 580832195.50 ns, 70.9024 us/op
WorkloadResult  37: 8192 op, 653737759.50 ns, 79.8020 us/op
WorkloadResult  38: 8192 op, 601113338.50 ns, 73.3781 us/op
WorkloadResult  39: 8192 op, 597262366.50 ns, 72.9080 us/op
WorkloadResult  40: 8192 op, 576291034.50 ns, 70.3480 us/op
WorkloadResult  41: 8192 op, 651916836.50 ns, 79.5797 us/op
WorkloadResult  42: 8192 op, 600041838.50 ns, 73.2473 us/op
WorkloadResult  43: 8192 op, 613523725.50 ns, 74.8930 us/op
WorkloadResult  44: 8192 op, 663336407.50 ns, 80.9737 us/op
WorkloadResult  45: 8192 op, 667560784.50 ns, 81.4894 us/op
WorkloadResult  46: 8192 op, 652318888.50 ns, 79.6288 us/op
WorkloadResult  47: 8192 op, 643330134.50 ns, 78.5315 us/op
WorkloadResult  48: 8192 op, 650024779.50 ns, 79.3487 us/op
WorkloadResult  49: 8192 op, 639174601.50 ns, 78.0242 us/op
WorkloadResult  50: 8192 op, 675188940.50 ns, 82.4205 us/op
WorkloadResult  51: 8192 op, 642370940.50 ns, 78.4144 us/op
WorkloadResult  52: 8192 op, 662136727.50 ns, 80.8272 us/op
WorkloadResult  53: 8192 op, 630427038.50 ns, 76.9564 us/op
WorkloadResult  54: 8192 op, 669893345.50 ns, 81.7741 us/op
WorkloadResult  55: 8192 op, 694553420.50 ns, 84.7844 us/op
WorkloadResult  56: 8192 op, 639342937.50 ns, 78.0448 us/op
WorkloadResult  57: 8192 op, 616385062.50 ns, 75.2423 us/op
WorkloadResult  58: 8192 op, 631234076.50 ns, 77.0549 us/op
WorkloadResult  59: 8192 op, 639933439.50 ns, 78.1169 us/op
WorkloadResult  60: 8192 op, 642604512.50 ns, 78.4429 us/op
WorkloadResult  61: 8192 op, 587570718.50 ns, 71.7249 us/op
WorkloadResult  62: 8192 op, 570761892.50 ns, 69.6731 us/op
WorkloadResult  63: 8192 op, 613630753.50 ns, 74.9061 us/op
WorkloadResult  64: 8192 op, 695241453.50 ns, 84.8683 us/op
WorkloadResult  65: 8192 op, 624073453.50 ns, 76.1808 us/op
WorkloadResult  66: 8192 op, 603367348.50 ns, 73.6532 us/op
WorkloadResult  67: 8192 op, 565303978.50 ns, 69.0068 us/op
WorkloadResult  68: 8192 op, 562819903.50 ns, 68.7036 us/op
WorkloadResult  69: 8192 op, 592906776.50 ns, 72.3763 us/op
WorkloadResult  70: 8192 op, 604621571.50 ns, 73.8063 us/op
WorkloadResult  71: 8192 op, 648340228.50 ns, 79.1431 us/op
WorkloadResult  72: 8192 op, 629709485.50 ns, 76.8688 us/op
WorkloadResult  73: 8192 op, 664392316.50 ns, 81.1026 us/op
WorkloadResult  74: 8192 op, 692139290.50 ns, 84.4897 us/op
WorkloadResult  75: 8192 op, 640589153.50 ns, 78.1969 us/op
WorkloadResult  76: 8192 op, 652728431.50 ns, 79.6788 us/op
WorkloadResult  77: 8192 op, 617440323.50 ns, 75.3711 us/op
WorkloadResult  78: 8192 op, 597034622.50 ns, 72.8802 us/op
WorkloadResult  79: 8192 op, 610936114.50 ns, 74.5772 us/op
WorkloadResult  80: 8192 op, 577857404.50 ns, 70.5392 us/op
WorkloadResult  81: 8192 op, 615211698.50 ns, 75.0991 us/op
WorkloadResult  82: 8192 op, 614879483.50 ns, 75.0585 us/op
WorkloadResult  83: 8192 op, 680785643.50 ns, 83.1037 us/op
WorkloadResult  84: 8192 op, 709135090.50 ns, 86.5643 us/op
WorkloadResult  85: 8192 op, 644889491.50 ns, 78.7219 us/op
WorkloadResult  86: 8192 op, 617807470.50 ns, 75.4160 us/op
WorkloadResult  87: 8192 op, 619194737.50 ns, 75.5853 us/op
WorkloadResult  88: 8192 op, 671663203.50 ns, 81.9901 us/op
WorkloadResult  89: 8192 op, 598071042.50 ns, 73.0067 us/op
WorkloadResult  90: 8192 op, 649136372.50 ns, 79.2403 us/op
WorkloadResult  91: 8192 op, 741405538.50 ns, 90.5036 us/op
WorkloadResult  92: 8192 op, 661226527.50 ns, 80.7161 us/op
WorkloadResult  93: 8192 op, 704477601.50 ns, 85.9958 us/op
WorkloadResult  94: 8192 op, 672961543.50 ns, 82.1486 us/op
WorkloadResult  95: 8192 op, 697031579.50 ns, 85.0869 us/op
WorkloadResult  96: 8192 op, 641514978.50 ns, 78.3099 us/op
WorkloadResult  97: 8192 op, 667309986.50 ns, 81.4587 us/op
WorkloadResult  98: 8192 op, 616048039.50 ns, 75.2012 us/op
WorkloadResult  99: 8192 op, 621874493.50 ns, 75.9124 us/op
// GC:  6 0 0 313798056 8192
// Threading:  33392 122 8192

// AfterAll
// Benchmark Process 1051974 has exited with code 0.

Mean = 76.173 μs, StdErr = 0.510 μs (0.67%), N = 99, StdDev = 5.079 μs
Min = 66.078 μs, Q1 = 72.281 μs, Median = 75.360 μs, Q3 = 79.654 μs, Max = 90.504 μs
IQR = 7.373 μs, LowerFence = 61.221 μs, UpperFence = 90.713 μs
ConfidenceInterval = [74.441 μs; 77.905 μs] (CI 99.9%), Margin = 1.732 μs (2.27% of Mean)
Skewness = 0.34, Kurtosis = 2.48, MValue = 2.08

// ** Remained 43 (86.0%) benchmark(s) to run. Estimated finish 2026-01-01 2:31 (0h 43m from now) **
// **************************
// Benchmark: Sorting.Sort_Kahn: DefaultJob [NumItems=100, GraphType=Star]
// *** Execute ***
// Launch: 1 / 1
// Execute: dotnet NexusMods.Benchmarks-DefaultJob-1.dll --anonymousPipes 126 127 --benchmarkName "NexusMods.Benchmarks.Benchmarks.Sorting.Sort_Kahn(NumItems: 100, GraphType: Star)" --job Default --benchmarkId 7 in /home/ryang/nexus-app/benchmarks/NexusMods.Benchmarks/bin/Release/net9.0/NexusMods.Benchmarks-DefaultJob-1/bin/Release/net9.0
// Failed to set up high priority (Permission denied). In order to run benchmarks with high priority, make sure you have the right permissions.
// BeforeAnythingElse

// Benchmark Process Environment Information:
// BenchmarkDotNet v0.15.2
// Runtime=.NET 9.0.11 (9.0.1125.51716), X64 RyuJIT AVX-512F+CD+BW+DQ+VL+VBMI
// GC=Concurrent Workstation
// HardwareIntrinsics=AVX-512F+CD+BW+DQ+VL+VBMI,AES,BMI1,BMI2,FMA,LZCNT,PCLMUL,POPCNT,AvxVnni VectorSize=256
// Job: DefaultJob

OverheadJitting  1: 1 op, 181307.00 ns, 181.3070 us/op
WorkloadJitting  1: 1 op, 1672892.00 ns, 1.6729 ms/op

OverheadJitting  2: 16 op, 530316.00 ns, 33.1448 us/op
WorkloadJitting  2: 16 op, 1723749.00 ns, 107.7343 us/op

WorkloadPilot    1: 16 op, 224209.00 ns, 14.0131 us/op
WorkloadPilot    2: 32 op, 583867.00 ns, 18.2458 us/op
WorkloadPilot    3: 64 op, 1409618.00 ns, 22.0253 us/op
WorkloadPilot    4: 128 op, 2398512.00 ns, 18.7384 us/op
WorkloadPilot    5: 256 op, 5106595.00 ns, 19.9476 us/op
WorkloadPilot    6: 512 op, 9540122.00 ns, 18.6331 us/op
WorkloadPilot    7: 1024 op, 20759338.00 ns, 20.2728 us/op
WorkloadPilot    8: 2048 op, 34330085.00 ns, 16.7627 us/op
WorkloadPilot    9: 4096 op, 68338066.00 ns, 16.6841 us/op
WorkloadPilot   10: 8192 op, 48101437.00 ns, 5.8718 us/op
WorkloadPilot   11: 16384 op, 102896868.00 ns, 6.2803 us/op
WorkloadPilot   12: 32768 op, 199366414.00 ns, 6.0842 us/op
WorkloadPilot   13: 65536 op, 416793812.00 ns, 6.3598 us/op
WorkloadPilot   14: 131072 op, 809801101.00 ns, 6.1783 us/op

OverheadWarmup   1: 131072 op, 556976.00 ns, 4.2494 ns/op
OverheadWarmup   2: 131072 op, 295566.00 ns, 2.2550 ns/op
OverheadWarmup   3: 131072 op, 297018.00 ns, 2.2661 ns/op
OverheadWarmup   4: 131072 op, 313250.00 ns, 2.3899 ns/op
OverheadWarmup   5: 131072 op, 256541.00 ns, 1.9573 ns/op
OverheadWarmup   6: 131072 op, 406317.00 ns, 3.1000 ns/op
OverheadWarmup   7: 131072 op, 417159.00 ns, 3.1827 ns/op
OverheadWarmup   8: 131072 op, 432879.00 ns, 3.3026 ns/op
OverheadWarmup   9: 131072 op, 433049.00 ns, 3.3039 ns/op
OverheadWarmup  10: 131072 op, 431707.00 ns, 3.2937 ns/op

OverheadActual   1: 131072 op, 429352.00 ns, 3.2757 ns/op
OverheadActual   2: 131072 op, 430303.00 ns, 3.2830 ns/op
OverheadActual   3: 131072 op, 431957.00 ns, 3.2956 ns/op
OverheadActual   4: 131072 op, 412590.00 ns, 3.1478 ns/op
OverheadActual   5: 131072 op, 404905.00 ns, 3.0892 ns/op
OverheadActual   6: 131072 op, 415876.00 ns, 3.1729 ns/op
OverheadActual   7: 131072 op, 441235.00 ns, 3.3664 ns/op
OverheadActual   8: 131072 op, 419162.00 ns, 3.1980 ns/op
OverheadActual   9: 131072 op, 423130.00 ns, 3.2282 ns/op
OverheadActual  10: 131072 op, 419243.00 ns, 3.1986 ns/op
OverheadActual  11: 131072 op, 428420.00 ns, 3.2686 ns/op
OverheadActual  12: 131072 op, 420816.00 ns, 3.2106 ns/op
OverheadActual  13: 131072 op, 426166.00 ns, 3.2514 ns/op
OverheadActual  14: 131072 op, 406058.00 ns, 3.0980 ns/op
OverheadActual  15: 131072 op, 417169.00 ns, 3.1827 ns/op

OverheadWarmup   1: 131072 op, 255971.00 ns, 1.9529 ns/op
OverheadWarmup   2: 131072 op, 342626.00 ns, 2.6140 ns/op
OverheadWarmup   3: 131072 op, 416747.00 ns, 3.1795 ns/op
OverheadWarmup   4: 131072 op, 289534.00 ns, 2.2090 ns/op
OverheadWarmup   5: 131072 op, 305344.00 ns, 2.3296 ns/op
OverheadWarmup   6: 131072 op, 362444.00 ns, 2.7652 ns/op
OverheadWarmup   7: 131072 op, 323890.00 ns, 2.4711 ns/op

// BeforeActualRun
WorkloadActual   1: 131072 op, 846665159.00 ns, 6.4595 us/op
WorkloadActual   2: 131072 op, 836017457.00 ns, 6.3783 us/op
WorkloadActual   3: 131072 op, 814408004.00 ns, 6.2134 us/op
WorkloadActual   4: 131072 op, 773987019.00 ns, 5.9051 us/op
WorkloadActual   5: 131072 op, 853594417.00 ns, 6.5124 us/op
WorkloadActual   6: 131072 op, 802859900.00 ns, 6.1253 us/op
WorkloadActual   7: 131072 op, 887224214.00 ns, 6.7690 us/op
WorkloadActual   8: 131072 op, 840195391.00 ns, 6.4102 us/op
WorkloadActual   9: 131072 op, 815714970.00 ns, 6.2234 us/op
WorkloadActual  10: 131072 op, 786389054.00 ns, 5.9997 us/op
WorkloadActual  11: 131072 op, 847670553.00 ns, 6.4672 us/op
WorkloadActual  12: 131072 op, 788000089.00 ns, 6.0120 us/op
WorkloadActual  13: 131072 op, 840290708.00 ns, 6.4109 us/op
WorkloadActual  14: 131072 op, 886497701.00 ns, 6.7634 us/op
WorkloadActual  15: 131072 op, 792132954.00 ns, 6.0435 us/op
WorkloadActual  16: 131072 op, 813246761.00 ns, 6.2046 us/op
WorkloadActual  17: 131072 op, 779214496.00 ns, 5.9449 us/op
WorkloadActual  18: 131072 op, 779732308.00 ns, 5.9489 us/op
WorkloadActual  19: 131072 op, 855058103.00 ns, 6.5236 us/op
WorkloadActual  20: 131072 op, 803338278.00 ns, 6.1290 us/op
WorkloadActual  21: 131072 op, 815641992.00 ns, 6.2229 us/op
WorkloadActual  22: 131072 op, 813198154.00 ns, 6.2042 us/op
WorkloadActual  23: 131072 op, 804479926.00 ns, 6.1377 us/op
WorkloadActual  24: 131072 op, 790659431.00 ns, 6.0323 us/op
WorkloadActual  25: 131072 op, 791805225.00 ns, 6.0410 us/op
WorkloadActual  26: 131072 op, 784686979.00 ns, 5.9867 us/op
WorkloadActual  27: 131072 op, 823283555.00 ns, 6.2812 us/op
WorkloadActual  28: 131072 op, 800686519.00 ns, 6.1088 us/op
WorkloadActual  29: 131072 op, 843741067.00 ns, 6.4372 us/op
WorkloadActual  30: 131072 op, 744449778.00 ns, 5.6797 us/op
WorkloadActual  31: 131072 op, 759160729.00 ns, 5.7919 us/op
WorkloadActual  32: 131072 op, 758518741.00 ns, 5.7870 us/op
WorkloadActual  33: 131072 op, 826446594.00 ns, 6.3053 us/op
WorkloadActual  34: 131072 op, 808665858.00 ns, 6.1696 us/op
WorkloadActual  35: 131072 op, 783609985.00 ns, 5.9785 us/op
WorkloadActual  36: 131072 op, 848675920.00 ns, 6.4749 us/op
WorkloadActual  37: 131072 op, 847510500.00 ns, 6.4660 us/op
WorkloadActual  38: 131072 op, 753610119.00 ns, 5.7496 us/op
WorkloadActual  39: 131072 op, 743924709.00 ns, 5.6757 us/op
WorkloadActual  40: 131072 op, 751543114.00 ns, 5.7338 us/op
WorkloadActual  41: 131072 op, 742661743.00 ns, 5.6661 us/op
WorkloadActual  42: 131072 op, 740687154.00 ns, 5.6510 us/op
WorkloadActual  43: 131072 op, 761879513.00 ns, 5.8127 us/op
WorkloadActual  44: 131072 op, 816557723.00 ns, 6.2298 us/op
WorkloadActual  45: 131072 op, 830582521.00 ns, 6.3368 us/op
WorkloadActual  46: 131072 op, 812666355.00 ns, 6.2002 us/op
WorkloadActual  47: 131072 op, 775676488.00 ns, 5.9179 us/op
WorkloadActual  48: 131072 op, 801727106.00 ns, 6.1167 us/op
WorkloadActual  49: 131072 op, 794481747.00 ns, 6.0614 us/op
WorkloadActual  50: 131072 op, 812164889.00 ns, 6.1963 us/op
WorkloadActual  51: 131072 op, 826189236.00 ns, 6.3033 us/op
WorkloadActual  52: 131072 op, 797305585.00 ns, 6.0830 us/op
WorkloadActual  53: 131072 op, 774254690.00 ns, 5.9071 us/op
WorkloadActual  54: 131072 op, 757074202.00 ns, 5.7760 us/op
WorkloadActual  55: 131072 op, 746940705.00 ns, 5.6987 us/op
WorkloadActual  56: 131072 op, 789669681.00 ns, 6.0247 us/op
WorkloadActual  57: 131072 op, 781950785.00 ns, 5.9658 us/op
WorkloadActual  58: 131072 op, 782482905.00 ns, 5.9699 us/op
WorkloadActual  59: 131072 op, 849644894.00 ns, 6.4823 us/op
WorkloadActual  60: 131072 op, 787240634.00 ns, 6.0062 us/op

// AfterActualRun
WorkloadResult   1: 131072 op, 846244343.00 ns, 6.4563 us/op
WorkloadResult   2: 131072 op, 835596641.00 ns, 6.3751 us/op
WorkloadResult   3: 131072 op, 813987188.00 ns, 6.2102 us/op
WorkloadResult   4: 131072 op, 773566203.00 ns, 5.9018 us/op
WorkloadResult   5: 131072 op, 853173601.00 ns, 6.5092 us/op
WorkloadResult   6: 131072 op, 802439084.00 ns, 6.1221 us/op
WorkloadResult   7: 131072 op, 886803398.00 ns, 6.7658 us/op
WorkloadResult   8: 131072 op, 839774575.00 ns, 6.4070 us/op
WorkloadResult   9: 131072 op, 815294154.00 ns, 6.2202 us/op
WorkloadResult  10: 131072 op, 785968238.00 ns, 5.9965 us/op
WorkloadResult  11: 131072 op, 847249737.00 ns, 6.4640 us/op
WorkloadResult  12: 131072 op, 787579273.00 ns, 6.0088 us/op
WorkloadResult  13: 131072 op, 839869892.00 ns, 6.4077 us/op
WorkloadResult  14: 131072 op, 886076885.00 ns, 6.7602 us/op
WorkloadResult  15: 131072 op, 791712138.00 ns, 6.0403 us/op
WorkloadResult  16: 131072 op, 812825945.00 ns, 6.2014 us/op
WorkloadResult  17: 131072 op, 778793680.00 ns, 5.9417 us/op
WorkloadResult  18: 131072 op, 779311492.00 ns, 5.9457 us/op
WorkloadResult  19: 131072 op, 854637287.00 ns, 6.5204 us/op
WorkloadResult  20: 131072 op, 802917462.00 ns, 6.1258 us/op
WorkloadResult  21: 131072 op, 815221176.00 ns, 6.2196 us/op
WorkloadResult  22: 131072 op, 812777338.00 ns, 6.2010 us/op
WorkloadResult  23: 131072 op, 804059110.00 ns, 6.1345 us/op
WorkloadResult  24: 131072 op, 790238615.00 ns, 6.0290 us/op
WorkloadResult  25: 131072 op, 791384409.00 ns, 6.0378 us/op
WorkloadResult  26: 131072 op, 784266163.00 ns, 5.9835 us/op
WorkloadResult  27: 131072 op, 822862739.00 ns, 6.2779 us/op
WorkloadResult  28: 131072 op, 800265703.00 ns, 6.1055 us/op
WorkloadResult  29: 131072 op, 843320251.00 ns, 6.4340 us/op
WorkloadResult  30: 131072 op, 744028962.00 ns, 5.6765 us/op
WorkloadResult  31: 131072 op, 758739913.00 ns, 5.7887 us/op
WorkloadResult  32: 131072 op, 758097925.00 ns, 5.7838 us/op
WorkloadResult  33: 131072 op, 826025778.00 ns, 6.3021 us/op
WorkloadResult  34: 131072 op, 808245042.00 ns, 6.1664 us/op
WorkloadResult  35: 131072 op, 783189169.00 ns, 5.9753 us/op
WorkloadResult  36: 131072 op, 848255104.00 ns, 6.4717 us/op
WorkloadResult  37: 131072 op, 847089684.00 ns, 6.4628 us/op
WorkloadResult  38: 131072 op, 753189303.00 ns, 5.7464 us/op
WorkloadResult  39: 131072 op, 743503893.00 ns, 5.6725 us/op
WorkloadResult  40: 131072 op, 751122298.00 ns, 5.7306 us/op
WorkloadResult  41: 131072 op, 742240927.00 ns, 5.6628 us/op
WorkloadResult  42: 131072 op, 740266338.00 ns, 5.6478 us/op
WorkloadResult  43: 131072 op, 761458697.00 ns, 5.8095 us/op
WorkloadResult  44: 131072 op, 816136907.00 ns, 6.2266 us/op
WorkloadResult  45: 131072 op, 830161705.00 ns, 6.3336 us/op
WorkloadResult  46: 131072 op, 812245539.00 ns, 6.1969 us/op
WorkloadResult  47: 131072 op, 775255672.00 ns, 5.9147 us/op
WorkloadResult  48: 131072 op, 801306290.00 ns, 6.1135 us/op
WorkloadResult  49: 131072 op, 794060931.00 ns, 6.0582 us/op
WorkloadResult  50: 131072 op, 811744073.00 ns, 6.1931 us/op
WorkloadResult  51: 131072 op, 825768420.00 ns, 6.3001 us/op
WorkloadResult  52: 131072 op, 796884769.00 ns, 6.0797 us/op
WorkloadResult  53: 131072 op, 773833874.00 ns, 5.9039 us/op
WorkloadResult  54: 131072 op, 756653386.00 ns, 5.7728 us/op
WorkloadResult  55: 131072 op, 746519889.00 ns, 5.6955 us/op
WorkloadResult  56: 131072 op, 789248865.00 ns, 6.0215 us/op
WorkloadResult  57: 131072 op, 781529969.00 ns, 5.9626 us/op
WorkloadResult  58: 131072 op, 782062089.00 ns, 5.9667 us/op
WorkloadResult  59: 131072 op, 849224078.00 ns, 6.4791 us/op
WorkloadResult  60: 131072 op, 786819818.00 ns, 6.0030 us/op
// GC:  33 1 0 1673527296 131072
// Threading:  0 0 131072

// AfterAll
// Benchmark Process 1058466 has exited with code 0.

Mean = 6.115 μs, StdErr = 0.035 μs (0.57%), N = 60, StdDev = 0.272 μs
Min = 5.648 μs, Q1 = 5.945 μs, Median = 6.110 μs, Q3 = 6.301 μs, Max = 6.766 μs
IQR = 0.356 μs, LowerFence = 5.411 μs, UpperFence = 6.834 μs
ConfidenceInterval = [5.994 μs; 6.237 μs] (CI 99.9%), Margin = 0.122 μs (1.99% of Mean)
Skewness = 0.23, Kurtosis = 2.45, MValue = 2.89

// ** Remained 42 (84.0%) benchmark(s) to run. Estimated finish 2026-01-01 2:30 (0h 42m from now) **
// **************************
// Benchmark: Sorting.Sort_Original: DefaultJob [NumItems=100, GraphType=Independent]
// *** Execute ***
// Launch: 1 / 1
// Execute: dotnet NexusMods.Benchmarks-DefaultJob-1.dll --anonymousPipes 126 127 --benchmarkName "NexusMods.Benchmarks.Benchmarks.Sorting.Sort_Original(NumItems: 100, GraphType: Independent)" --job Default --benchmarkId 8 in /home/ryang/nexus-app/benchmarks/NexusMods.Benchmarks/bin/Release/net9.0/NexusMods.Benchmarks-DefaultJob-1/bin/Release/net9.0
// Failed to set up high priority (Permission denied). In order to run benchmarks with high priority, make sure you have the right permissions.
// BeforeAnythingElse

// Benchmark Process Environment Information:
// BenchmarkDotNet v0.15.2
// Runtime=.NET 9.0.11 (9.0.1125.51716), X64 RyuJIT AVX-512F+CD+BW+DQ+VL+VBMI
// GC=Concurrent Workstation
// HardwareIntrinsics=AVX-512F+CD+BW+DQ+VL+VBMI,AES,BMI1,BMI2,FMA,LZCNT,PCLMUL,POPCNT,AvxVnni VectorSize=256
// Job: DefaultJob

OverheadJitting  1: 1 op, 175446.00 ns, 175.4460 us/op
WorkloadJitting  1: 1 op, 12206337.00 ns, 12.2063 ms/op

OverheadJitting  2: 16 op, 697576.00 ns, 43.5985 us/op
WorkloadJitting  2: 16 op, 6524059.00 ns, 407.7537 us/op

WorkloadPilot    1: 16 op, 6647916.00 ns, 415.4948 us/op
WorkloadPilot    2: 32 op, 12546528.00 ns, 392.0790 us/op
WorkloadPilot    3: 64 op, 23699428.00 ns, 370.3036 us/op
WorkloadPilot    4: 128 op, 41560870.00 ns, 324.6943 us/op
WorkloadPilot    5: 256 op, 91848045.00 ns, 358.7814 us/op
WorkloadPilot    6: 512 op, 176450359.00 ns, 344.6296 us/op
WorkloadPilot    7: 1024 op, 159551800.00 ns, 155.8123 us/op
WorkloadPilot    8: 2048 op, 129283288.00 ns, 63.1266 us/op
WorkloadPilot    9: 4096 op, 237961941.00 ns, 58.0962 us/op
WorkloadPilot   10: 8192 op, 406305922.00 ns, 49.5979 us/op
WorkloadPilot   11: 16384 op, 951923561.00 ns, 58.1008 us/op

OverheadWarmup   1: 16384 op, 33735.00 ns, 2.0590 ns/op
OverheadWarmup   2: 16384 op, 34135.00 ns, 2.0834 ns/op
OverheadWarmup   3: 16384 op, 57601.00 ns, 3.5157 ns/op
OverheadWarmup   4: 16384 op, 33885.00 ns, 2.0682 ns/op
OverheadWarmup   5: 16384 op, 32532.00 ns, 1.9856 ns/op
OverheadWarmup   6: 16384 op, 44035.00 ns, 2.6877 ns/op
OverheadWarmup   7: 16384 op, 32822.00 ns, 2.0033 ns/op

OverheadActual   1: 16384 op, 61578.00 ns, 3.7584 ns/op
OverheadActual   2: 16384 op, 63281.00 ns, 3.8624 ns/op
OverheadActual   3: 16384 op, 52250.00 ns, 3.1891 ns/op
OverheadActual   4: 16384 op, 56798.00 ns, 3.4667 ns/op
OverheadActual   5: 16384 op, 34696.00 ns, 2.1177 ns/op
OverheadActual   6: 16384 op, 34696.00 ns, 2.1177 ns/op
OverheadActual   7: 16384 op, 33955.00 ns, 2.0724 ns/op
OverheadActual   8: 16384 op, 33845.00 ns, 2.0657 ns/op
OverheadActual   9: 16384 op, 36510.00 ns, 2.2284 ns/op
OverheadActual  10: 16384 op, 34305.00 ns, 2.0938 ns/op
OverheadActual  11: 16384 op, 50286.00 ns, 3.0692 ns/op
OverheadActual  12: 16384 op, 33935.00 ns, 2.0712 ns/op
OverheadActual  13: 16384 op, 32282.00 ns, 1.9703 ns/op
OverheadActual  14: 16384 op, 34426.00 ns, 2.1012 ns/op
OverheadActual  15: 16384 op, 33744.00 ns, 2.0596 ns/op
OverheadActual  16: 16384 op, 53503.00 ns, 3.2656 ns/op
OverheadActual  17: 16384 op, 56458.00 ns, 3.4459 ns/op
OverheadActual  18: 16384 op, 53182.00 ns, 3.2460 ns/op
OverheadActual  19: 16384 op, 52531.00 ns, 3.2062 ns/op
OverheadActual  20: 16384 op, 34145.00 ns, 2.0840 ns/op

OverheadWarmup   1: 16384 op, 45677.00 ns, 2.7879 ns/op
OverheadWarmup   2: 16384 op, 38273.00 ns, 2.3360 ns/op
OverheadWarmup   3: 16384 op, 58632.00 ns, 3.5786 ns/op
OverheadWarmup   4: 16384 op, 63943.00 ns, 3.9028 ns/op
OverheadWarmup   5: 16384 op, 32122.00 ns, 1.9606 ns/op
OverheadWarmup   6: 16384 op, 53433.00 ns, 3.2613 ns/op
OverheadWarmup   7: 16384 op, 52861.00 ns, 3.2264 ns/op

// BeforeActualRun
WorkloadActual   1: 16384 op, 825339181.00 ns, 50.3747 us/op
WorkloadActual   2: 16384 op, 837732206.00 ns, 51.1311 us/op
WorkloadActual   3: 16384 op, 890640939.00 ns, 54.3604 us/op
WorkloadActual   4: 16384 op, 783247988.00 ns, 47.8057 us/op
WorkloadActual   5: 16384 op, 793606007.00 ns, 48.4379 us/op
WorkloadActual   6: 16384 op, 786932011.00 ns, 48.0305 us/op
WorkloadActual   7: 16384 op, 762953630.00 ns, 46.5670 us/op
WorkloadActual   8: 16384 op, 794492847.00 ns, 48.4920 us/op
WorkloadActual   9: 16384 op, 819464331.00 ns, 50.0161 us/op
WorkloadActual  10: 16384 op, 925953746.00 ns, 56.5157 us/op
WorkloadActual  11: 16384 op, 796312853.00 ns, 48.6031 us/op
WorkloadActual  12: 16384 op, 824893637.00 ns, 50.3475 us/op
WorkloadActual  13: 16384 op, 826459014.00 ns, 50.4431 us/op
WorkloadActual  14: 16384 op, 824669328.00 ns, 50.3338 us/op
WorkloadActual  15: 16384 op, 764654282.00 ns, 46.6708 us/op
WorkloadActual  16: 16384 op, 781921758.00 ns, 47.7247 us/op
WorkloadActual  17: 16384 op, 873815914.00 ns, 53.3335 us/op
WorkloadActual  18: 16384 op, 732626342.00 ns, 44.7160 us/op
WorkloadActual  19: 16384 op, 752652429.00 ns, 45.9383 us/op
WorkloadActual  20: 16384 op, 782488406.00 ns, 47.7593 us/op
WorkloadActual  21: 16384 op, 741496284.00 ns, 45.2573 us/op
WorkloadActual  22: 16384 op, 833027455.00 ns, 50.8440 us/op
WorkloadActual  23: 16384 op, 784709239.00 ns, 47.8949 us/op
WorkloadActual  24: 16384 op, 821850330.00 ns, 50.1618 us/op
WorkloadActual  25: 16384 op, 821273677.00 ns, 50.1266 us/op
WorkloadActual  26: 16384 op, 737057150.00 ns, 44.9864 us/op
WorkloadActual  27: 16384 op, 751218440.00 ns, 45.8507 us/op
WorkloadActual  28: 16384 op, 760737343.00 ns, 46.4317 us/op
WorkloadActual  29: 16384 op, 786011697.00 ns, 47.9743 us/op
WorkloadActual  30: 16384 op, 757259055.00 ns, 46.2194 us/op
WorkloadActual  31: 16384 op, 725099011.00 ns, 44.2565 us/op
WorkloadActual  32: 16384 op, 810292781.00 ns, 49.4563 us/op
WorkloadActual  33: 16384 op, 887106860.00 ns, 54.1447 us/op
WorkloadActual  34: 16384 op, 780025481.00 ns, 47.6090 us/op
WorkloadActual  35: 16384 op, 827071414.00 ns, 50.4804 us/op
WorkloadActual  36: 16384 op, 832437526.00 ns, 50.8080 us/op
WorkloadActual  37: 16384 op, 840326240.00 ns, 51.2894 us/op
WorkloadActual  38: 16384 op, 790278081.00 ns, 48.2347 us/op
WorkloadActual  39: 16384 op, 809797519.00 ns, 49.4261 us/op
WorkloadActual  40: 16384 op, 854705709.00 ns, 52.1671 us/op
WorkloadActual  41: 16384 op, 790614908.00 ns, 48.2553 us/op
WorkloadActual  42: 16384 op, 810708985.00 ns, 49.4817 us/op
WorkloadActual  43: 16384 op, 781917640.00 ns, 47.7245 us/op
WorkloadActual  44: 16384 op, 764663320.00 ns, 46.6713 us/op
WorkloadActual  45: 16384 op, 782785533.00 ns, 47.7774 us/op
WorkloadActual  46: 16384 op, 797865522.00 ns, 48.6978 us/op
WorkloadActual  47: 16384 op, 847486975.00 ns, 51.7265 us/op
WorkloadActual  48: 16384 op, 802834876.00 ns, 49.0012 us/op
WorkloadActual  49: 16384 op, 771946156.00 ns, 47.1159 us/op
WorkloadActual  50: 16384 op, 793096766.00 ns, 48.4068 us/op
WorkloadActual  51: 16384 op, 776654951.00 ns, 47.4033 us/op
WorkloadActual  52: 16384 op, 773726495.00 ns, 47.2245 us/op
WorkloadActual  53: 16384 op, 832210355.00 ns, 50.7941 us/op
WorkloadActual  54: 16384 op, 803576941.00 ns, 49.0464 us/op
WorkloadActual  55: 16384 op, 864772171.00 ns, 52.7815 us/op
WorkloadActual  56: 16384 op, 759506427.00 ns, 46.3566 us/op
WorkloadActual  57: 16384 op, 775389462.00 ns, 47.3260 us/op
WorkloadActual  58: 16384 op, 875414417.00 ns, 53.4311 us/op
WorkloadActual  59: 16384 op, 827296363.00 ns, 50.4942 us/op
WorkloadActual  60: 16384 op, 849343760.00 ns, 51.8398 us/op
WorkloadActual  61: 16384 op, 861467800.00 ns, 52.5798 us/op
WorkloadActual  62: 16384 op, 937806692.00 ns, 57.2392 us/op
WorkloadActual  63: 16384 op, 849311541.00 ns, 51.8379 us/op
WorkloadActual  64: 16384 op, 800285218.00 ns, 48.8455 us/op
WorkloadActual  65: 16384 op, 862217810.00 ns, 52.6256 us/op
WorkloadActual  66: 16384 op, 801499384.00 ns, 48.9196 us/op
WorkloadActual  67: 16384 op, 819297276.00 ns, 50.0059 us/op
WorkloadActual  68: 16384 op, 816439225.00 ns, 49.8315 us/op
WorkloadActual  69: 16384 op, 866137085.00 ns, 52.8648 us/op
WorkloadActual  70: 16384 op, 825413306.00 ns, 50.3792 us/op
WorkloadActual  71: 16384 op, 810624135.00 ns, 49.4766 us/op

// AfterActualRun
WorkloadResult   1: 16384 op, 825303578.00 ns, 50.3725 us/op
WorkloadResult   2: 16384 op, 837696603.00 ns, 51.1289 us/op
WorkloadResult   3: 16384 op, 890605336.00 ns, 54.3582 us/op
WorkloadResult   4: 16384 op, 783212385.00 ns, 47.8035 us/op
WorkloadResult   5: 16384 op, 793570404.00 ns, 48.4357 us/op
WorkloadResult   6: 16384 op, 786896408.00 ns, 48.0283 us/op
WorkloadResult   7: 16384 op, 762918027.00 ns, 46.5648 us/op
WorkloadResult   8: 16384 op, 794457244.00 ns, 48.4898 us/op
WorkloadResult   9: 16384 op, 819428728.00 ns, 50.0140 us/op
WorkloadResult  10: 16384 op, 796277250.00 ns, 48.6009 us/op
WorkloadResult  11: 16384 op, 824858034.00 ns, 50.3453 us/op
WorkloadResult  12: 16384 op, 826423411.00 ns, 50.4409 us/op
WorkloadResult  13: 16384 op, 824633725.00 ns, 50.3316 us/op
WorkloadResult  14: 16384 op, 764618679.00 ns, 46.6686 us/op
WorkloadResult  15: 16384 op, 781886155.00 ns, 47.7225 us/op
WorkloadResult  16: 16384 op, 873780311.00 ns, 53.3313 us/op
WorkloadResult  17: 16384 op, 732590739.00 ns, 44.7138 us/op
WorkloadResult  18: 16384 op, 752616826.00 ns, 45.9361 us/op
WorkloadResult  19: 16384 op, 782452803.00 ns, 47.7571 us/op
WorkloadResult  20: 16384 op, 741460681.00 ns, 45.2552 us/op
WorkloadResult  21: 16384 op, 832991852.00 ns, 50.8418 us/op
WorkloadResult  22: 16384 op, 784673636.00 ns, 47.8927 us/op
WorkloadResult  23: 16384 op, 821814727.00 ns, 50.1596 us/op
WorkloadResult  24: 16384 op, 821238074.00 ns, 50.1244 us/op
WorkloadResult  25: 16384 op, 737021547.00 ns, 44.9842 us/op
WorkloadResult  26: 16384 op, 751182837.00 ns, 45.8486 us/op
WorkloadResult  27: 16384 op, 760701740.00 ns, 46.4295 us/op
WorkloadResult  28: 16384 op, 785976094.00 ns, 47.9722 us/op
WorkloadResult  29: 16384 op, 757223452.00 ns, 46.2173 us/op
WorkloadResult  30: 16384 op, 725063408.00 ns, 44.2544 us/op
WorkloadResult  31: 16384 op, 810257178.00 ns, 49.4542 us/op
WorkloadResult  32: 16384 op, 887071257.00 ns, 54.1425 us/op
WorkloadResult  33: 16384 op, 779989878.00 ns, 47.6068 us/op
WorkloadResult  34: 16384 op, 827035811.00 ns, 50.4783 us/op
WorkloadResult  35: 16384 op, 832401923.00 ns, 50.8058 us/op
WorkloadResult  36: 16384 op, 840290637.00 ns, 51.2873 us/op
WorkloadResult  37: 16384 op, 790242478.00 ns, 48.2326 us/op
WorkloadResult  38: 16384 op, 809761916.00 ns, 49.4239 us/op
WorkloadResult  39: 16384 op, 854670106.00 ns, 52.1649 us/op
WorkloadResult  40: 16384 op, 790579305.00 ns, 48.2531 us/op
WorkloadResult  41: 16384 op, 810673382.00 ns, 49.4796 us/op
WorkloadResult  42: 16384 op, 781882037.00 ns, 47.7223 us/op
WorkloadResult  43: 16384 op, 764627717.00 ns, 46.6692 us/op
WorkloadResult  44: 16384 op, 782749930.00 ns, 47.7753 us/op
WorkloadResult  45: 16384 op, 797829919.00 ns, 48.6957 us/op
WorkloadResult  46: 16384 op, 847451372.00 ns, 51.7243 us/op
WorkloadResult  47: 16384 op, 802799273.00 ns, 48.9990 us/op
WorkloadResult  48: 16384 op, 771910553.00 ns, 47.1137 us/op
WorkloadResult  49: 16384 op, 793061163.00 ns, 48.4046 us/op
WorkloadResult  50: 16384 op, 776619348.00 ns, 47.4011 us/op
WorkloadResult  51: 16384 op, 773690892.00 ns, 47.2223 us/op
WorkloadResult  52: 16384 op, 832174752.00 ns, 50.7919 us/op
WorkloadResult  53: 16384 op, 803541338.00 ns, 49.0443 us/op
WorkloadResult  54: 16384 op, 864736568.00 ns, 52.7793 us/op
WorkloadResult  55: 16384 op, 759470824.00 ns, 46.3544 us/op
WorkloadResult  56: 16384 op, 775353859.00 ns, 47.3238 us/op
WorkloadResult  57: 16384 op, 875378814.00 ns, 53.4289 us/op
WorkloadResult  58: 16384 op, 827260760.00 ns, 50.4920 us/op
WorkloadResult  59: 16384 op, 849308157.00 ns, 51.8377 us/op
WorkloadResult  60: 16384 op, 861432197.00 ns, 52.5776 us/op
WorkloadResult  61: 16384 op, 849275938.00 ns, 51.8357 us/op
WorkloadResult  62: 16384 op, 800249615.00 ns, 48.8434 us/op
WorkloadResult  63: 16384 op, 862182207.00 ns, 52.6234 us/op
WorkloadResult  64: 16384 op, 801463781.00 ns, 48.9175 us/op
WorkloadResult  65: 16384 op, 819261673.00 ns, 50.0038 us/op
WorkloadResult  66: 16384 op, 816403622.00 ns, 49.8293 us/op
WorkloadResult  67: 16384 op, 866101482.00 ns, 52.8626 us/op
WorkloadResult  68: 16384 op, 825377703.00 ns, 50.3771 us/op
WorkloadResult  69: 16384 op, 810588532.00 ns, 49.4744 us/op
// GC:  11 0 0 564560920 16384
// Threading:  63894 339 16384

// AfterAll
// Benchmark Process 1063731 has exited with code 0.

Mean = 49.181 μs, StdErr = 0.283 μs (0.58%), N = 69, StdDev = 2.350 μs
Min = 44.254 μs, Q1 = 47.722 μs, Median = 48.999 μs, Q3 = 50.492 μs, Max = 54.358 μs
IQR = 2.770 μs, LowerFence = 43.568 μs, UpperFence = 54.647 μs
ConfidenceInterval = [48.208 μs; 50.154 μs] (CI 99.9%), Margin = 0.973 μs (1.98% of Mean)
Skewness = 0.14, Kurtosis = 2.4, MValue = 2

// ** Remained 41 (82.0%) benchmark(s) to run. Estimated finish 2026-01-01 2:30 (0h 41m from now) **
// **************************
// Benchmark: Sorting.Sort_Kahn: DefaultJob [NumItems=100, GraphType=Independent]
// *** Execute ***
// Launch: 1 / 1
// Execute: dotnet NexusMods.Benchmarks-DefaultJob-1.dll --anonymousPipes 126 127 --benchmarkName "NexusMods.Benchmarks.Benchmarks.Sorting.Sort_Kahn(NumItems: 100, GraphType: Independent)" --job Default --benchmarkId 9 in /home/ryang/nexus-app/benchmarks/NexusMods.Benchmarks/bin/Release/net9.0/NexusMods.Benchmarks-DefaultJob-1/bin/Release/net9.0
// Failed to set up high priority (Permission denied). In order to run benchmarks with high priority, make sure you have the right permissions.
// BeforeAnythingElse

// Benchmark Process Environment Information:
// BenchmarkDotNet v0.15.2
// Runtime=.NET 9.0.11 (9.0.1125.51716), X64 RyuJIT AVX-512F+CD+BW+DQ+VL+VBMI
// GC=Concurrent Workstation
// HardwareIntrinsics=AVX-512F+CD+BW+DQ+VL+VBMI,AES,BMI1,BMI2,FMA,LZCNT,PCLMUL,POPCNT,AvxVnni VectorSize=256
// Job: DefaultJob

OverheadJitting  1: 1 op, 226443.00 ns, 226.4430 us/op
WorkloadJitting  1: 1 op, 1733709.00 ns, 1.7337 ms/op

OverheadJitting  2: 16 op, 465201.00 ns, 29.0751 us/op
WorkloadJitting  2: 16 op, 653080.00 ns, 40.8175 us/op

WorkloadPilot    1: 16 op, 219120.00 ns, 13.6950 us/op
WorkloadPilot    2: 32 op, 423731.00 ns, 13.2416 us/op
WorkloadPilot    3: 64 op, 986870.00 ns, 15.4198 us/op
WorkloadPilot    4: 128 op, 2035656.00 ns, 15.9036 us/op
WorkloadPilot    5: 256 op, 4053210.00 ns, 15.8329 us/op
WorkloadPilot    6: 512 op, 6771472.00 ns, 13.2255 us/op
WorkloadPilot    7: 1024 op, 13055553.00 ns, 12.7496 us/op
WorkloadPilot    8: 2048 op, 27854353.00 ns, 13.6008 us/op
WorkloadPilot    9: 4096 op, 58871131.00 ns, 14.3728 us/op
WorkloadPilot   10: 8192 op, 37316237.00 ns, 4.5552 us/op
WorkloadPilot   11: 16384 op, 52436683.00 ns, 3.2005 us/op
WorkloadPilot   12: 32768 op, 93861536.00 ns, 2.8644 us/op
WorkloadPilot   13: 65536 op, 199912728.00 ns, 3.0504 us/op
WorkloadPilot   14: 131072 op, 392999547.00 ns, 2.9983 us/op
WorkloadPilot   15: 262144 op, 791518612.00 ns, 3.0194 us/op

OverheadWarmup   1: 262144 op, 831181.00 ns, 3.1707 ns/op
OverheadWarmup   2: 262144 op, 832193.00 ns, 3.1746 ns/op
OverheadWarmup   3: 262144 op, 827334.00 ns, 3.1560 ns/op
OverheadWarmup   4: 262144 op, 542880.00 ns, 2.0709 ns/op
OverheadWarmup   5: 262144 op, 902317.00 ns, 3.4421 ns/op
OverheadWarmup   6: 262144 op, 832163.00 ns, 3.1744 ns/op

OverheadActual   1: 262144 op, 832824.00 ns, 3.1770 ns/op
OverheadActual   2: 262144 op, 580061.00 ns, 2.2128 ns/op
OverheadActual   3: 262144 op, 831773.00 ns, 3.1730 ns/op
OverheadActual   4: 262144 op, 580862.00 ns, 2.2158 ns/op
OverheadActual   5: 262144 op, 681314.00 ns, 2.5990 ns/op
OverheadActual   6: 262144 op, 828636.00 ns, 3.1610 ns/op
OverheadActual   7: 262144 op, 831232.00 ns, 3.1709 ns/op
OverheadActual   8: 262144 op, 826041.00 ns, 3.1511 ns/op
OverheadActual   9: 262144 op, 749996.00 ns, 2.8610 ns/op
OverheadActual  10: 262144 op, 520937.00 ns, 1.9872 ns/op
OverheadActual  11: 262144 op, 939979.00 ns, 3.5857 ns/op
OverheadActual  12: 262144 op, 901195.00 ns, 3.4378 ns/op
OverheadActual  13: 262144 op, 931253.00 ns, 3.5524 ns/op
OverheadActual  14: 262144 op, 917717.00 ns, 3.5008 ns/op
OverheadActual  15: 262144 op, 669431.00 ns, 2.5537 ns/op
OverheadActual  16: 262144 op, 563809.00 ns, 2.1508 ns/op
OverheadActual  17: 262144 op, 796184.00 ns, 3.0372 ns/op
OverheadActual  18: 262144 op, 589669.00 ns, 2.2494 ns/op
OverheadActual  19: 262144 op, 760025.00 ns, 2.8993 ns/op
OverheadActual  20: 262144 op, 560242.00 ns, 2.1372 ns/op

OverheadWarmup   1: 262144 op, 595620.00 ns, 2.2721 ns/op
OverheadWarmup   2: 262144 op, 895034.00 ns, 3.4143 ns/op
OverheadWarmup   3: 262144 op, 644694.00 ns, 2.4593 ns/op
OverheadWarmup   4: 262144 op, 568168.00 ns, 2.1674 ns/op
OverheadWarmup   5: 262144 op, 545995.00 ns, 2.0828 ns/op
OverheadWarmup   6: 262144 op, 567887.00 ns, 2.1663 ns/op
OverheadWarmup   7: 262144 op, 612592.00 ns, 2.3369 ns/op
OverheadWarmup   8: 262144 op, 901125.00 ns, 3.4375 ns/op
OverheadWarmup   9: 262144 op, 596973.00 ns, 2.2773 ns/op

// BeforeActualRun
WorkloadActual   1: 262144 op, 805095054.00 ns, 3.0712 us/op
WorkloadActual   2: 262144 op, 871942174.00 ns, 3.3262 us/op
WorkloadActual   3: 262144 op, 888347521.00 ns, 3.3888 us/op
WorkloadActual   4: 262144 op, 821639548.00 ns, 3.1343 us/op
WorkloadActual   5: 262144 op, 771552232.00 ns, 2.9432 us/op
WorkloadActual   6: 262144 op, 833950838.00 ns, 3.1813 us/op
WorkloadActual   7: 262144 op, 772248978.00 ns, 2.9459 us/op
WorkloadActual   8: 262144 op, 808892718.00 ns, 3.0857 us/op
WorkloadActual   9: 262144 op, 857431220.00 ns, 3.2708 us/op
WorkloadActual  10: 262144 op, 794325292.00 ns, 3.0301 us/op
WorkloadActual  11: 262144 op, 803119258.00 ns, 3.0637 us/op
WorkloadActual  12: 262144 op, 794998542.00 ns, 3.0327 us/op
WorkloadActual  13: 262144 op, 777168039.00 ns, 2.9647 us/op
WorkloadActual  14: 262144 op, 808793332.00 ns, 3.0853 us/op
WorkloadActual  15: 262144 op, 805450744.00 ns, 3.0726 us/op
WorkloadActual  16: 262144 op, 821386923.00 ns, 3.1333 us/op
WorkloadActual  17: 262144 op, 906568785.00 ns, 3.4583 us/op
WorkloadActual  18: 262144 op, 861435984.00 ns, 3.2861 us/op
WorkloadActual  19: 262144 op, 806168892.00 ns, 3.0753 us/op
WorkloadActual  20: 262144 op, 808957032.00 ns, 3.0859 us/op
WorkloadActual  21: 262144 op, 803664439.00 ns, 3.0657 us/op
WorkloadActual  22: 262144 op, 793195418.00 ns, 3.0258 us/op
WorkloadActual  23: 262144 op, 791495885.00 ns, 3.0193 us/op
WorkloadActual  24: 262144 op, 806349090.00 ns, 3.0760 us/op
WorkloadActual  25: 262144 op, 853765094.00 ns, 3.2569 us/op
WorkloadActual  26: 262144 op, 786928072.00 ns, 3.0019 us/op
WorkloadActual  27: 262144 op, 783346866.00 ns, 2.9882 us/op
WorkloadActual  28: 262144 op, 792274949.00 ns, 3.0223 us/op
WorkloadActual  29: 262144 op, 762922768.00 ns, 2.9103 us/op
WorkloadActual  30: 262144 op, 778550496.00 ns, 2.9699 us/op
WorkloadActual  31: 262144 op, 797598733.00 ns, 3.0426 us/op
WorkloadActual  32: 262144 op, 849879049.00 ns, 3.2420 us/op
WorkloadActual  33: 262144 op, 847422377.00 ns, 3.2327 us/op
WorkloadActual  34: 262144 op, 828826718.00 ns, 3.1617 us/op
WorkloadActual  35: 262144 op, 841446569.00 ns, 3.2099 us/op
WorkloadActual  36: 262144 op, 819866225.00 ns, 3.1275 us/op
WorkloadActual  37: 262144 op, 788740238.00 ns, 3.0088 us/op
WorkloadActual  38: 262144 op, 831126623.00 ns, 3.1705 us/op
WorkloadActual  39: 262144 op, 830788919.00 ns, 3.1692 us/op
WorkloadActual  40: 262144 op, 783533663.00 ns, 2.9889 us/op
WorkloadActual  41: 262144 op, 750511536.00 ns, 2.8630 us/op
WorkloadActual  42: 262144 op, 734401314.00 ns, 2.8015 us/op
WorkloadActual  43: 262144 op, 733493998.00 ns, 2.7981 us/op
WorkloadActual  44: 262144 op, 747933071.00 ns, 2.8531 us/op
WorkloadActual  45: 262144 op, 734992788.00 ns, 2.8038 us/op
WorkloadActual  46: 262144 op, 779581601.00 ns, 2.9739 us/op
WorkloadActual  47: 262144 op, 856861968.00 ns, 3.2687 us/op
WorkloadActual  48: 262144 op, 819270884.00 ns, 3.1253 us/op
WorkloadActual  49: 262144 op, 848354452.00 ns, 3.2362 us/op
WorkloadActual  50: 262144 op, 815124196.00 ns, 3.1095 us/op
WorkloadActual  51: 262144 op, 832566699.00 ns, 3.1760 us/op
WorkloadActual  52: 262144 op, 766261234.00 ns, 2.9231 us/op
WorkloadActual  53: 262144 op, 793253589.00 ns, 3.0260 us/op
WorkloadActual  54: 262144 op, 872811096.00 ns, 3.3295 us/op
WorkloadActual  55: 262144 op, 802915948.00 ns, 3.0629 us/op
WorkloadActual  56: 262144 op, 778066035.00 ns, 2.9681 us/op
WorkloadActual  57: 262144 op, 755820910.00 ns, 2.8832 us/op
WorkloadActual  58: 262144 op, 757333425.00 ns, 2.8890 us/op
WorkloadActual  59: 262144 op, 761802352.00 ns, 2.9060 us/op
WorkloadActual  60: 262144 op, 772668565.00 ns, 2.9475 us/op
WorkloadActual  61: 262144 op, 825557046.00 ns, 3.1493 us/op
WorkloadActual  62: 262144 op, 873130643.00 ns, 3.3307 us/op
WorkloadActual  63: 262144 op, 791831242.00 ns, 3.0206 us/op
WorkloadActual  64: 262144 op, 807420317.00 ns, 3.0801 us/op
WorkloadActual  65: 262144 op, 839061893.00 ns, 3.2008 us/op
WorkloadActual  66: 262144 op, 810732690.00 ns, 3.0927 us/op
WorkloadActual  67: 262144 op, 800523937.00 ns, 3.0538 us/op

// AfterActualRun
WorkloadResult   1: 262144 op, 804316949.50 ns, 3.0682 us/op
WorkloadResult   2: 262144 op, 871164069.50 ns, 3.3232 us/op
WorkloadResult   3: 262144 op, 887569416.50 ns, 3.3858 us/op
WorkloadResult   4: 262144 op, 820861443.50 ns, 3.1313 us/op
WorkloadResult   5: 262144 op, 770774127.50 ns, 2.9403 us/op
WorkloadResult   6: 262144 op, 833172733.50 ns, 3.1783 us/op
WorkloadResult   7: 262144 op, 771470873.50 ns, 2.9429 us/op
WorkloadResult   8: 262144 op, 808114613.50 ns, 3.0827 us/op
WorkloadResult   9: 262144 op, 856653115.50 ns, 3.2679 us/op
WorkloadResult  10: 262144 op, 793547187.50 ns, 3.0271 us/op
WorkloadResult  11: 262144 op, 802341153.50 ns, 3.0607 us/op
WorkloadResult  12: 262144 op, 794220437.50 ns, 3.0297 us/op
WorkloadResult  13: 262144 op, 776389934.50 ns, 2.9617 us/op
WorkloadResult  14: 262144 op, 808015227.50 ns, 3.0823 us/op
WorkloadResult  15: 262144 op, 804672639.50 ns, 3.0696 us/op
WorkloadResult  16: 262144 op, 820608818.50 ns, 3.1304 us/op
WorkloadResult  17: 262144 op, 860657879.50 ns, 3.2831 us/op
WorkloadResult  18: 262144 op, 805390787.50 ns, 3.0723 us/op
WorkloadResult  19: 262144 op, 808178927.50 ns, 3.0830 us/op
WorkloadResult  20: 262144 op, 802886334.50 ns, 3.0628 us/op
WorkloadResult  21: 262144 op, 792417313.50 ns, 3.0228 us/op
WorkloadResult  22: 262144 op, 790717780.50 ns, 3.0163 us/op
WorkloadResult  23: 262144 op, 805570985.50 ns, 3.0730 us/op
WorkloadResult  24: 262144 op, 852986989.50 ns, 3.2539 us/op
WorkloadResult  25: 262144 op, 786149967.50 ns, 2.9989 us/op
WorkloadResult  26: 262144 op, 782568761.50 ns, 2.9853 us/op
WorkloadResult  27: 262144 op, 791496844.50 ns, 3.0193 us/op
WorkloadResult  28: 262144 op, 762144663.50 ns, 2.9074 us/op
WorkloadResult  29: 262144 op, 777772391.50 ns, 2.9670 us/op
WorkloadResult  30: 262144 op, 796820628.50 ns, 3.0396 us/op
WorkloadResult  31: 262144 op, 849100944.50 ns, 3.2391 us/op
WorkloadResult  32: 262144 op, 846644272.50 ns, 3.2297 us/op
WorkloadResult  33: 262144 op, 828048613.50 ns, 3.1588 us/op
WorkloadResult  34: 262144 op, 840668464.50 ns, 3.2069 us/op
WorkloadResult  35: 262144 op, 819088120.50 ns, 3.1246 us/op
WorkloadResult  36: 262144 op, 787962133.50 ns, 3.0058 us/op
WorkloadResult  37: 262144 op, 830348518.50 ns, 3.1675 us/op
WorkloadResult  38: 262144 op, 830010814.50 ns, 3.1662 us/op
WorkloadResult  39: 262144 op, 782755558.50 ns, 2.9860 us/op
WorkloadResult  40: 262144 op, 749733431.50 ns, 2.8600 us/op
WorkloadResult  41: 262144 op, 733623209.50 ns, 2.7986 us/op
WorkloadResult  42: 262144 op, 732715893.50 ns, 2.7951 us/op
WorkloadResult  43: 262144 op, 747154966.50 ns, 2.8502 us/op
WorkloadResult  44: 262144 op, 734214683.50 ns, 2.8008 us/op
WorkloadResult  45: 262144 op, 778803496.50 ns, 2.9709 us/op
WorkloadResult  46: 262144 op, 856083863.50 ns, 3.2657 us/op
WorkloadResult  47: 262144 op, 818492779.50 ns, 3.1223 us/op
WorkloadResult  48: 262144 op, 847576347.50 ns, 3.2332 us/op
WorkloadResult  49: 262144 op, 814346091.50 ns, 3.1065 us/op
WorkloadResult  50: 262144 op, 831788594.50 ns, 3.1730 us/op
WorkloadResult  51: 262144 op, 765483129.50 ns, 2.9201 us/op
WorkloadResult  52: 262144 op, 792475484.50 ns, 3.0231 us/op
WorkloadResult  53: 262144 op, 872032991.50 ns, 3.3265 us/op
WorkloadResult  54: 262144 op, 802137843.50 ns, 3.0599 us/op
WorkloadResult  55: 262144 op, 777287930.50 ns, 2.9651 us/op
WorkloadResult  56: 262144 op, 755042805.50 ns, 2.8803 us/op
WorkloadResult  57: 262144 op, 756555320.50 ns, 2.8860 us/op
WorkloadResult  58: 262144 op, 761024247.50 ns, 2.9031 us/op
WorkloadResult  59: 262144 op, 771890460.50 ns, 2.9445 us/op
WorkloadResult  60: 262144 op, 824778941.50 ns, 3.1463 us/op
WorkloadResult  61: 262144 op, 872352538.50 ns, 3.3278 us/op
WorkloadResult  62: 262144 op, 791053137.50 ns, 3.0176 us/op
WorkloadResult  63: 262144 op, 806642212.50 ns, 3.0771 us/op
WorkloadResult  64: 262144 op, 838283788.50 ns, 3.1978 us/op
WorkloadResult  65: 262144 op, 809954585.50 ns, 3.0897 us/op
WorkloadResult  66: 262144 op, 799745832.50 ns, 3.0508 us/op
// GC:  60 1 0 3045064704 262144
// Threading:  0 0 262144

// AfterAll
// Benchmark Process 1069685 has exited with code 0.

Mean = 3.069 μs, StdErr = 0.017 μs (0.55%), N = 66, StdDev = 0.138 μs
Min = 2.795 μs, Q1 = 2.974 μs, Median = 3.065 μs, Q3 = 3.164 μs, Max = 3.386 μs
IQR = 0.190 μs, LowerFence = 2.690 μs, UpperFence = 3.449 μs
ConfidenceInterval = [3.010 μs; 3.127 μs] (CI 99.9%), Margin = 0.058 μs (1.90% of Mean)
Skewness = 0.13, Kurtosis = 2.49, MValue = 2

// ** Remained 40 (80.0%) benchmark(s) to run. Estimated finish 2026-01-01 2:29 (0h 39m from now) **
// **************************
// Benchmark: Sorting.Sort_Original: DefaultJob [NumItems=1000, GraphType=Complex]
// *** Execute ***
// Launch: 1 / 1
// Execute: dotnet NexusMods.Benchmarks-DefaultJob-1.dll --anonymousPipes 126 127 --benchmarkName "NexusMods.Benchmarks.Benchmarks.Sorting.Sort_Original(NumItems: 1000, GraphType: Complex)" --job Default --benchmarkId 10 in /home/ryang/nexus-app/benchmarks/NexusMods.Benchmarks/bin/Release/net9.0/NexusMods.Benchmarks-DefaultJob-1/bin/Release/net9.0
// Failed to set up high priority (Permission denied). In order to run benchmarks with high priority, make sure you have the right permissions.
// BeforeAnythingElse

// Benchmark Process Environment Information:
// BenchmarkDotNet v0.15.2
// Runtime=.NET 9.0.11 (9.0.1125.51716), X64 RyuJIT AVX-512F+CD+BW+DQ+VL+VBMI
// GC=Concurrent Workstation
// HardwareIntrinsics=AVX-512F+CD+BW+DQ+VL+VBMI,AES,BMI1,BMI2,FMA,LZCNT,PCLMUL,POPCNT,AvxVnni VectorSize=256
// Job: DefaultJob

OverheadJitting  1: 1 op, 225852.00 ns, 225.8520 us/op
WorkloadJitting  1: 1 op, 31969984.00 ns, 31.9700 ms/op

OverheadJitting  2: 16 op, 435273.00 ns, 27.2046 us/op
WorkloadJitting  2: 16 op, 310871933.00 ns, 19.4295 ms/op

WorkloadPilot    1: 16 op, 236051635.00 ns, 14.7532 ms/op
WorkloadPilot    2: 32 op, 407884577.00 ns, 12.7464 ms/op
WorkloadPilot    3: 64 op, 740266319.00 ns, 11.5667 ms/op

OverheadWarmup   1: 64 op, 1814.00 ns, 28.3438 ns/op
OverheadWarmup   2: 64 op, 511.00 ns, 7.9844 ns/op
OverheadWarmup   3: 64 op, 391.00 ns, 6.1094 ns/op
OverheadWarmup   4: 64 op, 511.00 ns, 7.9844 ns/op
OverheadWarmup   5: 64 op, 461.00 ns, 7.2031 ns/op
OverheadWarmup   6: 64 op, 581.00 ns, 9.0781 ns/op
OverheadWarmup   7: 64 op, 612.00 ns, 9.5625 ns/op
OverheadWarmup   8: 64 op, 651.00 ns, 10.1719 ns/op
OverheadWarmup   9: 64 op, 732.00 ns, 11.4375 ns/op
OverheadWarmup  10: 64 op, 781.00 ns, 12.2031 ns/op

OverheadActual   1: 64 op, 781.00 ns, 12.2031 ns/op
OverheadActual   2: 64 op, 1603.00 ns, 25.0469 ns/op
OverheadActual   3: 64 op, 1112.00 ns, 17.3750 ns/op
OverheadActual   4: 64 op, 952.00 ns, 14.8750 ns/op
OverheadActual   5: 64 op, 901.00 ns, 14.0781 ns/op
OverheadActual   6: 64 op, 791.00 ns, 12.3594 ns/op
OverheadActual   7: 64 op, 491.00 ns, 7.6719 ns/op
OverheadActual   8: 64 op, 391.00 ns, 6.1094 ns/op
OverheadActual   9: 64 op, 721.00 ns, 11.2656 ns/op
OverheadActual  10: 64 op, 732.00 ns, 11.4375 ns/op
OverheadActual  11: 64 op, 541.00 ns, 8.4531 ns/op
OverheadActual  12: 64 op, 361.00 ns, 5.6406 ns/op
OverheadActual  13: 64 op, 371.00 ns, 5.7969 ns/op
OverheadActual  14: 64 op, 361.00 ns, 5.6406 ns/op
OverheadActual  15: 64 op, 632.00 ns, 9.8750 ns/op
OverheadActual  16: 64 op, 391.00 ns, 6.1094 ns/op
OverheadActual  17: 64 op, 411.00 ns, 6.4219 ns/op
OverheadActual  18: 64 op, 662.00 ns, 10.3438 ns/op
OverheadActual  19: 64 op, 692.00 ns, 10.8125 ns/op
OverheadActual  20: 64 op, 661.00 ns, 10.3281 ns/op

OverheadWarmup   1: 64 op, 722.00 ns, 11.2813 ns/op
OverheadWarmup   2: 64 op, 501.00 ns, 7.8281 ns/op
OverheadWarmup   3: 64 op, 631.00 ns, 9.8594 ns/op
OverheadWarmup   4: 64 op, 501.00 ns, 7.8281 ns/op
OverheadWarmup   5: 64 op, 490.00 ns, 7.6563 ns/op
OverheadWarmup   6: 64 op, 401.00 ns, 6.2656 ns/op
OverheadWarmup   7: 64 op, 341.00 ns, 5.3281 ns/op
OverheadWarmup   8: 64 op, 651.00 ns, 10.1719 ns/op
OverheadWarmup   9: 64 op, 491.00 ns, 7.6719 ns/op

// BeforeActualRun
WorkloadActual   1: 64 op, 744431505.00 ns, 11.6317 ms/op
WorkloadActual   2: 64 op, 739994089.00 ns, 11.5624 ms/op
WorkloadActual   3: 64 op, 778463838.00 ns, 12.1635 ms/op
WorkloadActual   4: 64 op, 753563218.00 ns, 11.7744 ms/op
WorkloadActual   5: 64 op, 760735559.00 ns, 11.8865 ms/op
WorkloadActual   6: 64 op, 809121360.00 ns, 12.6425 ms/op
WorkloadActual   7: 64 op, 777433959.00 ns, 12.1474 ms/op
WorkloadActual   8: 64 op, 743791803.00 ns, 11.6217 ms/op
WorkloadActual   9: 64 op, 793708707.00 ns, 12.4017 ms/op
WorkloadActual  10: 64 op, 733771220.00 ns, 11.4652 ms/op
WorkloadActual  11: 64 op, 727815249.00 ns, 11.3721 ms/op
WorkloadActual  12: 64 op, 695421944.00 ns, 10.8660 ms/op
WorkloadActual  13: 64 op, 705959348.00 ns, 11.0306 ms/op
WorkloadActual  14: 64 op, 754615488.00 ns, 11.7909 ms/op
WorkloadActual  15: 64 op, 762769528.00 ns, 11.9183 ms/op
WorkloadActual  16: 64 op, 650369556.00 ns, 10.1620 ms/op
WorkloadActual  17: 64 op, 708882546.00 ns, 11.0763 ms/op
WorkloadActual  18: 64 op, 716832156.00 ns, 11.2005 ms/op
WorkloadActual  19: 64 op, 739659267.00 ns, 11.5572 ms/op
WorkloadActual  20: 64 op, 674931971.00 ns, 10.5458 ms/op
WorkloadActual  21: 64 op, 712519531.00 ns, 11.1331 ms/op
WorkloadActual  22: 64 op, 739200430.00 ns, 11.5500 ms/op
WorkloadActual  23: 64 op, 760274557.00 ns, 11.8793 ms/op
WorkloadActual  24: 64 op, 716217472.00 ns, 11.1909 ms/op
WorkloadActual  25: 64 op, 738855833.00 ns, 11.5446 ms/op
WorkloadActual  26: 64 op, 681965298.00 ns, 10.6557 ms/op
WorkloadActual  27: 64 op, 751228871.00 ns, 11.7380 ms/op
WorkloadActual  28: 64 op, 736874461.00 ns, 11.5137 ms/op
WorkloadActual  29: 64 op, 737906477.00 ns, 11.5298 ms/op
WorkloadActual  30: 64 op, 728179656.00 ns, 11.3778 ms/op
WorkloadActual  31: 64 op, 806860186.00 ns, 12.6072 ms/op
WorkloadActual  32: 64 op, 707328608.00 ns, 11.0520 ms/op
WorkloadActual  33: 64 op, 700385527.00 ns, 10.9435 ms/op
WorkloadActual  34: 64 op, 721077912.00 ns, 11.2668 ms/op
WorkloadActual  35: 64 op, 729665833.00 ns, 11.4010 ms/op
WorkloadActual  36: 64 op, 703662893.00 ns, 10.9947 ms/op
WorkloadActual  37: 64 op, 713131319.00 ns, 11.1427 ms/op
WorkloadActual  38: 64 op, 716704642.00 ns, 11.1985 ms/op
WorkloadActual  39: 64 op, 763759396.00 ns, 11.9337 ms/op
WorkloadActual  40: 64 op, 746411124.00 ns, 11.6627 ms/op
WorkloadActual  41: 64 op, 733495769.00 ns, 11.4609 ms/op
WorkloadActual  42: 64 op, 711272864.00 ns, 11.1136 ms/op
WorkloadActual  43: 64 op, 726051748.00 ns, 11.3446 ms/op
WorkloadActual  44: 64 op, 719696702.00 ns, 11.2453 ms/op
WorkloadActual  45: 64 op, 718836577.00 ns, 11.2318 ms/op
WorkloadActual  46: 64 op, 726544222.00 ns, 11.3523 ms/op
WorkloadActual  47: 64 op, 757823927.00 ns, 11.8410 ms/op
WorkloadActual  48: 64 op, 740991563.00 ns, 11.5780 ms/op
WorkloadActual  49: 64 op, 725015868.00 ns, 11.3284 ms/op

// AfterActualRun
WorkloadResult   1: 64 op, 744430843.50 ns, 11.6317 ms/op
WorkloadResult   2: 64 op, 739993427.50 ns, 11.5624 ms/op
WorkloadResult   3: 64 op, 778463176.50 ns, 12.1635 ms/op
WorkloadResult   4: 64 op, 753562556.50 ns, 11.7744 ms/op
WorkloadResult   5: 64 op, 760734897.50 ns, 11.8865 ms/op
WorkloadResult   6: 64 op, 777433297.50 ns, 12.1474 ms/op
WorkloadResult   7: 64 op, 743791141.50 ns, 11.6217 ms/op
WorkloadResult   8: 64 op, 793708045.50 ns, 12.4017 ms/op
WorkloadResult   9: 64 op, 733770558.50 ns, 11.4652 ms/op
WorkloadResult  10: 64 op, 727814587.50 ns, 11.3721 ms/op
WorkloadResult  11: 64 op, 695421282.50 ns, 10.8660 ms/op
WorkloadResult  12: 64 op, 705958686.50 ns, 11.0306 ms/op
WorkloadResult  13: 64 op, 754614826.50 ns, 11.7909 ms/op
WorkloadResult  14: 64 op, 762768866.50 ns, 11.9183 ms/op
WorkloadResult  15: 64 op, 650368894.50 ns, 10.1620 ms/op
WorkloadResult  16: 64 op, 708881884.50 ns, 11.0763 ms/op
WorkloadResult  17: 64 op, 716831494.50 ns, 11.2005 ms/op
WorkloadResult  18: 64 op, 739658605.50 ns, 11.5572 ms/op
WorkloadResult  19: 64 op, 674931309.50 ns, 10.5458 ms/op
WorkloadResult  20: 64 op, 712518869.50 ns, 11.1331 ms/op
WorkloadResult  21: 64 op, 739199768.50 ns, 11.5500 ms/op
WorkloadResult  22: 64 op, 760273895.50 ns, 11.8793 ms/op
WorkloadResult  23: 64 op, 716216810.50 ns, 11.1909 ms/op
WorkloadResult  24: 64 op, 738855171.50 ns, 11.5446 ms/op
WorkloadResult  25: 64 op, 681964636.50 ns, 10.6557 ms/op
WorkloadResult  26: 64 op, 751228209.50 ns, 11.7379 ms/op
WorkloadResult  27: 64 op, 736873799.50 ns, 11.5137 ms/op
WorkloadResult  28: 64 op, 737905815.50 ns, 11.5298 ms/op
WorkloadResult  29: 64 op, 728178994.50 ns, 11.3778 ms/op
WorkloadResult  30: 64 op, 707327946.50 ns, 11.0520 ms/op
WorkloadResult  31: 64 op, 700384865.50 ns, 10.9435 ms/op
WorkloadResult  32: 64 op, 721077250.50 ns, 11.2668 ms/op
WorkloadResult  33: 64 op, 729665171.50 ns, 11.4010 ms/op
WorkloadResult  34: 64 op, 703662231.50 ns, 10.9947 ms/op
WorkloadResult  35: 64 op, 713130657.50 ns, 11.1427 ms/op
WorkloadResult  36: 64 op, 716703980.50 ns, 11.1985 ms/op
WorkloadResult  37: 64 op, 763758734.50 ns, 11.9337 ms/op
WorkloadResult  38: 64 op, 746410462.50 ns, 11.6627 ms/op
WorkloadResult  39: 64 op, 733495107.50 ns, 11.4609 ms/op
WorkloadResult  40: 64 op, 711272202.50 ns, 11.1136 ms/op
WorkloadResult  41: 64 op, 726051086.50 ns, 11.3445 ms/op
WorkloadResult  42: 64 op, 719696040.50 ns, 11.2453 ms/op
WorkloadResult  43: 64 op, 718835915.50 ns, 11.2318 ms/op
WorkloadResult  44: 64 op, 726543560.50 ns, 11.3522 ms/op
WorkloadResult  45: 64 op, 757823265.50 ns, 11.8410 ms/op
WorkloadResult  46: 64 op, 740990901.50 ns, 11.5780 ms/op
WorkloadResult  47: 64 op, 725015206.50 ns, 11.3284 ms/op
// GC:  0 0 0 46992912 64
// Threading:  731 67 64

// AfterAll
// Benchmark Process 1075521 has exited with code 0.

Mean = 11.412 ms, StdErr = 0.062 ms (0.54%), N = 47, StdDev = 0.426 ms
Min = 10.162 ms, Q1 = 11.167 ms, Median = 11.401 ms, Q3 = 11.647 ms, Max = 12.402 ms
IQR = 0.480 ms, LowerFence = 10.446 ms, UpperFence = 12.368 ms
ConfidenceInterval = [11.194 ms; 11.631 ms] (CI 99.9%), Margin = 0.219 ms (1.91% of Mean)
Skewness = -0.3, Kurtosis = 3.53, MValue = 2

// ** Remained 39 (78.0%) benchmark(s) to run. Estimated finish 2026-01-01 2:28 (0h 37m from now) **
// **************************
// Benchmark: Sorting.Sort_Kahn: DefaultJob [NumItems=1000, GraphType=Complex]
// *** Execute ***
// Launch: 1 / 1
// Execute: dotnet NexusMods.Benchmarks-DefaultJob-1.dll --anonymousPipes 126 127 --benchmarkName "NexusMods.Benchmarks.Benchmarks.Sorting.Sort_Kahn(NumItems: 1000, GraphType: Complex)" --job Default --benchmarkId 11 in /home/ryang/nexus-app/benchmarks/NexusMods.Benchmarks/bin/Release/net9.0/NexusMods.Benchmarks-DefaultJob-1/bin/Release/net9.0
// Failed to set up high priority (Permission denied). In order to run benchmarks with high priority, make sure you have the right permissions.
// BeforeAnythingElse

// Benchmark Process Environment Information:
// BenchmarkDotNet v0.15.2
// Runtime=.NET 9.0.11 (9.0.1125.51716), X64 RyuJIT AVX-512F+CD+BW+DQ+VL+VBMI
// GC=Concurrent Workstation
// HardwareIntrinsics=AVX-512F+CD+BW+DQ+VL+VBMI,AES,BMI1,BMI2,FMA,LZCNT,PCLMUL,POPCNT,AvxVnni VectorSize=256
// Job: DefaultJob

OverheadJitting  1: 1 op, 236253.00 ns, 236.2530 us/op
WorkloadJitting  1: 1 op, 2846870.00 ns, 2.8469 ms/op

OverheadJitting  2: 16 op, 549993.00 ns, 34.3746 us/op
WorkloadJitting  2: 16 op, 11313689.00 ns, 707.1056 us/op

WorkloadPilot    1: 16 op, 2065344.00 ns, 129.0840 us/op
WorkloadPilot    2: 32 op, 3865410.00 ns, 120.7941 us/op
WorkloadPilot    3: 64 op, 8626576.00 ns, 134.7903 us/op
WorkloadPilot    4: 128 op, 17453624.00 ns, 136.3564 us/op
WorkloadPilot    5: 256 op, 28934905.00 ns, 113.0270 us/op
WorkloadPilot    6: 512 op, 54417420.00 ns, 106.2840 us/op
WorkloadPilot    7: 1024 op, 116788257.00 ns, 114.0510 us/op
WorkloadPilot    8: 2048 op, 164588069.00 ns, 80.3653 us/op
WorkloadPilot    9: 4096 op, 327258806.00 ns, 79.8972 us/op
WorkloadPilot   10: 8192 op, 664385545.00 ns, 81.1018 us/op

OverheadWarmup   1: 8192 op, 28444.00 ns, 3.4722 ns/op
OverheadWarmup   2: 8192 op, 27193.00 ns, 3.3195 ns/op
OverheadWarmup   3: 8192 op, 26681.00 ns, 3.2570 ns/op
OverheadWarmup   4: 8192 op, 30648.00 ns, 3.7412 ns/op
OverheadWarmup   5: 8192 op, 26471.00 ns, 3.2313 ns/op
OverheadWarmup   6: 8192 op, 26481.00 ns, 3.2325 ns/op
OverheadWarmup   7: 8192 op, 26601.00 ns, 3.2472 ns/op
OverheadWarmup   8: 8192 op, 26701.00 ns, 3.2594 ns/op
OverheadWarmup   9: 8192 op, 26701.00 ns, 3.2594 ns/op

OverheadActual   1: 8192 op, 24046.00 ns, 2.9353 ns/op
OverheadActual   2: 8192 op, 26190.00 ns, 3.1970 ns/op
OverheadActual   3: 8192 op, 27212.00 ns, 3.3218 ns/op
OverheadActual   4: 8192 op, 26331.00 ns, 3.2142 ns/op
OverheadActual   5: 8192 op, 26751.00 ns, 3.2655 ns/op
OverheadActual   6: 8192 op, 31050.00 ns, 3.7903 ns/op
OverheadActual   7: 8192 op, 26440.00 ns, 3.2275 ns/op
OverheadActual   8: 8192 op, 26931.00 ns, 3.2875 ns/op
OverheadActual   9: 8192 op, 26310.00 ns, 3.2117 ns/op
OverheadActual  10: 8192 op, 26100.00 ns, 3.1860 ns/op
OverheadActual  11: 8192 op, 26421.00 ns, 3.2252 ns/op
OverheadActual  12: 8192 op, 25800.00 ns, 3.1494 ns/op
OverheadActual  13: 8192 op, 25659.00 ns, 3.1322 ns/op
OverheadActual  14: 8192 op, 25468.00 ns, 3.1089 ns/op
OverheadActual  15: 8192 op, 26711.00 ns, 3.2606 ns/op

OverheadWarmup   1: 8192 op, 30158.00 ns, 3.6814 ns/op
OverheadWarmup   2: 8192 op, 26441.00 ns, 3.2277 ns/op
OverheadWarmup   3: 8192 op, 26301.00 ns, 3.2106 ns/op
OverheadWarmup   4: 8192 op, 26170.00 ns, 3.1946 ns/op
OverheadWarmup   5: 8192 op, 26781.00 ns, 3.2692 ns/op
OverheadWarmup   6: 8192 op, 26100.00 ns, 3.1860 ns/op
OverheadWarmup   7: 8192 op, 26290.00 ns, 3.2092 ns/op
OverheadWarmup   8: 8192 op, 26201.00 ns, 3.1984 ns/op

// BeforeActualRun
WorkloadActual   1: 8192 op, 658231553.00 ns, 80.3505 us/op
WorkloadActual   2: 8192 op, 634312752.00 ns, 77.4308 us/op
WorkloadActual   3: 8192 op, 666481248.00 ns, 81.3576 us/op
WorkloadActual   4: 8192 op, 710826677.00 ns, 86.7708 us/op
WorkloadActual   5: 8192 op, 646951220.00 ns, 78.9735 us/op
WorkloadActual   6: 8192 op, 665774095.00 ns, 81.2713 us/op
WorkloadActual   7: 8192 op, 620921848.00 ns, 75.7961 us/op
WorkloadActual   8: 8192 op, 691384607.00 ns, 84.3975 us/op
WorkloadActual   9: 8192 op, 663000617.00 ns, 80.9327 us/op
WorkloadActual  10: 8192 op, 634711679.00 ns, 77.4795 us/op
WorkloadActual  11: 8192 op, 659842712.00 ns, 80.5472 us/op
WorkloadActual  12: 8192 op, 696471998.00 ns, 85.0186 us/op
WorkloadActual  13: 8192 op, 701831629.00 ns, 85.6728 us/op
WorkloadActual  14: 8192 op, 690297669.00 ns, 84.2649 us/op
WorkloadActual  15: 8192 op, 679827474.00 ns, 82.9868 us/op
WorkloadActual  16: 8192 op, 668299244.00 ns, 81.5795 us/op
WorkloadActual  17: 8192 op, 645309982.00 ns, 78.7732 us/op
WorkloadActual  18: 8192 op, 645110200.00 ns, 78.7488 us/op
WorkloadActual  19: 8192 op, 657217199.00 ns, 80.2267 us/op
WorkloadActual  20: 8192 op, 661878634.00 ns, 80.7957 us/op
WorkloadActual  21: 8192 op, 708016674.00 ns, 86.4278 us/op
WorkloadActual  22: 8192 op, 698708615.00 ns, 85.2916 us/op
WorkloadActual  23: 8192 op, 640298550.00 ns, 78.1614 us/op
WorkloadActual  24: 8192 op, 628654989.00 ns, 76.7401 us/op
WorkloadActual  25: 8192 op, 651784550.00 ns, 79.5635 us/op
WorkloadActual  26: 8192 op, 662715157.00 ns, 80.8978 us/op
WorkloadActual  27: 8192 op, 641743618.00 ns, 78.3378 us/op
WorkloadActual  28: 8192 op, 642182639.00 ns, 78.3914 us/op
WorkloadActual  29: 8192 op, 648112352.00 ns, 79.1153 us/op
WorkloadActual  30: 8192 op, 667726362.00 ns, 81.5096 us/op
WorkloadActual  31: 8192 op, 718489579.00 ns, 87.7062 us/op
WorkloadActual  32: 8192 op, 659651244.00 ns, 80.5238 us/op
WorkloadActual  33: 8192 op, 657316304.00 ns, 80.2388 us/op
WorkloadActual  34: 8192 op, 638858698.00 ns, 77.9857 us/op
WorkloadActual  35: 8192 op, 635961371.00 ns, 77.6320 us/op
WorkloadActual  36: 8192 op, 635910895.00 ns, 77.6258 us/op
WorkloadActual  37: 8192 op, 639186887.00 ns, 78.0257 us/op
WorkloadActual  38: 8192 op, 645143861.00 ns, 78.7529 us/op
WorkloadActual  39: 8192 op, 644372685.00 ns, 78.6588 us/op

// AfterActualRun
WorkloadResult   1: 8192 op, 658205222.00 ns, 80.3473 us/op
WorkloadResult   2: 8192 op, 634286421.00 ns, 77.4275 us/op
WorkloadResult   3: 8192 op, 666454917.00 ns, 81.3544 us/op
WorkloadResult   4: 8192 op, 646924889.00 ns, 78.9703 us/op
WorkloadResult   5: 8192 op, 665747764.00 ns, 81.2680 us/op
WorkloadResult   6: 8192 op, 620895517.00 ns, 75.7929 us/op
WorkloadResult   7: 8192 op, 691358276.00 ns, 84.3943 us/op
WorkloadResult   8: 8192 op, 662974286.00 ns, 80.9295 us/op
WorkloadResult   9: 8192 op, 634685348.00 ns, 77.4762 us/op
WorkloadResult  10: 8192 op, 659816381.00 ns, 80.5440 us/op
WorkloadResult  11: 8192 op, 696445667.00 ns, 85.0153 us/op
WorkloadResult  12: 8192 op, 701805298.00 ns, 85.6696 us/op
WorkloadResult  13: 8192 op, 690271338.00 ns, 84.2616 us/op
WorkloadResult  14: 8192 op, 679801143.00 ns, 82.9835 us/op
WorkloadResult  15: 8192 op, 668272913.00 ns, 81.5763 us/op
WorkloadResult  16: 8192 op, 645283651.00 ns, 78.7700 us/op
WorkloadResult  17: 8192 op, 645083869.00 ns, 78.7456 us/op
WorkloadResult  18: 8192 op, 657190868.00 ns, 80.2235 us/op
WorkloadResult  19: 8192 op, 661852303.00 ns, 80.7925 us/op
WorkloadResult  20: 8192 op, 698682284.00 ns, 85.2884 us/op
WorkloadResult  21: 8192 op, 640272219.00 ns, 78.1582 us/op
WorkloadResult  22: 8192 op, 628628658.00 ns, 76.7369 us/op
WorkloadResult  23: 8192 op, 651758219.00 ns, 79.5603 us/op
WorkloadResult  24: 8192 op, 662688826.00 ns, 80.8946 us/op
WorkloadResult  25: 8192 op, 641717287.00 ns, 78.3346 us/op
WorkloadResult  26: 8192 op, 642156308.00 ns, 78.3882 us/op
WorkloadResult  27: 8192 op, 648086021.00 ns, 79.1121 us/op
WorkloadResult  28: 8192 op, 667700031.00 ns, 81.5064 us/op
WorkloadResult  29: 8192 op, 659624913.00 ns, 80.5206 us/op
WorkloadResult  30: 8192 op, 657289973.00 ns, 80.2356 us/op
WorkloadResult  31: 8192 op, 638832367.00 ns, 77.9825 us/op
WorkloadResult  32: 8192 op, 635935040.00 ns, 77.6288 us/op
WorkloadResult  33: 8192 op, 635884564.00 ns, 77.6226 us/op
WorkloadResult  34: 8192 op, 639160556.00 ns, 78.0225 us/op
WorkloadResult  35: 8192 op, 645117530.00 ns, 78.7497 us/op
WorkloadResult  36: 8192 op, 644346354.00 ns, 78.6556 us/op
// GC:  24 6 0 1250164736 8192
// Threading:  0 0 8192

// AfterAll
// Benchmark Process 1079318 has exited with code 0.

Mean = 80.109 μs, StdErr = 0.418 μs (0.52%), N = 36, StdDev = 2.509 μs
Min = 75.793 μs, Q1 = 78.291 μs, Median = 79.892 μs, Q3 = 81.290 μs, Max = 85.670 μs
IQR = 2.999 μs, LowerFence = 73.792 μs, UpperFence = 85.788 μs
ConfidenceInterval = [78.608 μs; 81.611 μs] (CI 99.9%), Margin = 1.502 μs (1.87% of Mean)
Skewness = 0.66, Kurtosis = 2.6, MValue = 2.53

// ** Remained 38 (76.0%) benchmark(s) to run. Estimated finish 2026-01-01 2:26 (0h 35m from now) **
// **************************
// Benchmark: Sorting.Sort_Original: DefaultJob [NumItems=1000, GraphType=Random]
// *** Execute ***
// Launch: 1 / 1
// Execute: dotnet NexusMods.Benchmarks-DefaultJob-1.dll --anonymousPipes 126 127 --benchmarkName "NexusMods.Benchmarks.Benchmarks.Sorting.Sort_Original(NumItems: 1000, GraphType: Random)" --job Default --benchmarkId 12 in /home/ryang/nexus-app/benchmarks/NexusMods.Benchmarks/bin/Release/net9.0/NexusMods.Benchmarks-DefaultJob-1/bin/Release/net9.0
// Failed to set up high priority (Permission denied). In order to run benchmarks with high priority, make sure you have the right permissions.
// BeforeAnythingElse

// Benchmark Process Environment Information:
// BenchmarkDotNet v0.15.2
// Runtime=.NET 9.0.11 (9.0.1125.51716), X64 RyuJIT AVX-512F+CD+BW+DQ+VL+VBMI
// GC=Concurrent Workstation
// HardwareIntrinsics=AVX-512F+CD+BW+DQ+VL+VBMI,AES,BMI1,BMI2,FMA,LZCNT,PCLMUL,POPCNT,AvxVnni VectorSize=256
// Job: DefaultJob

OverheadJitting  1: 1 op, 200454.00 ns, 200.4540 us/op
WorkloadJitting  1: 1 op, 22143795.00 ns, 22.1438 ms/op

OverheadJitting  2: 16 op, 505988.00 ns, 31.6243 us/op
WorkloadJitting  2: 16 op, 135799968.00 ns, 8.4875 ms/op

WorkloadPilot    1: 16 op, 134501462.00 ns, 8.4063 ms/op
WorkloadPilot    2: 32 op, 251842370.00 ns, 7.8701 ms/op
WorkloadPilot    3: 64 op, 340985945.00 ns, 5.3279 ms/op
WorkloadPilot    4: 128 op, 529941549.00 ns, 4.1402 ms/op

OverheadWarmup   1: 128 op, 2135.00 ns, 16.6797 ns/op
OverheadWarmup   2: 128 op, 651.00 ns, 5.0859 ns/op
OverheadWarmup   3: 128 op, 801.00 ns, 6.2578 ns/op
OverheadWarmup   4: 128 op, 631.00 ns, 4.9297 ns/op
OverheadWarmup   5: 128 op, 381.00 ns, 2.9766 ns/op
OverheadWarmup   6: 128 op, 762.00 ns, 5.9531 ns/op
OverheadWarmup   7: 128 op, 961.00 ns, 7.5078 ns/op
OverheadWarmup   8: 128 op, 752.00 ns, 5.8750 ns/op

OverheadActual   1: 128 op, 952.00 ns, 7.4375 ns/op
OverheadActual   2: 128 op, 921.00 ns, 7.1953 ns/op
OverheadActual   3: 128 op, 982.00 ns, 7.6719 ns/op
OverheadActual   4: 128 op, 771.00 ns, 6.0234 ns/op
OverheadActual   5: 128 op, 912.00 ns, 7.1250 ns/op
OverheadActual   6: 128 op, 641.00 ns, 5.0078 ns/op
OverheadActual   7: 128 op, 561.00 ns, 4.3828 ns/op
OverheadActual   8: 128 op, 571.00 ns, 4.4609 ns/op
OverheadActual   9: 128 op, 992.00 ns, 7.7500 ns/op
OverheadActual  10: 128 op, 471.00 ns, 3.6797 ns/op
OverheadActual  11: 128 op, 341.00 ns, 2.6641 ns/op
OverheadActual  12: 128 op, 892.00 ns, 6.9688 ns/op
OverheadActual  13: 128 op, 531.00 ns, 4.1484 ns/op
OverheadActual  14: 128 op, 551.00 ns, 4.3047 ns/op
OverheadActual  15: 128 op, 320.00 ns, 2.5000 ns/op
OverheadActual  16: 128 op, 361.00 ns, 2.8203 ns/op
OverheadActual  17: 128 op, 941.00 ns, 7.3516 ns/op
OverheadActual  18: 128 op, 751.00 ns, 5.8672 ns/op
OverheadActual  19: 128 op, 511.00 ns, 3.9922 ns/op
OverheadActual  20: 128 op, 480.00 ns, 3.7500 ns/op

OverheadWarmup   1: 128 op, 801.00 ns, 6.2578 ns/op
OverheadWarmup   2: 128 op, 582.00 ns, 4.5469 ns/op
OverheadWarmup   3: 128 op, 932.00 ns, 7.2813 ns/op
OverheadWarmup   4: 128 op, 792.00 ns, 6.1875 ns/op
OverheadWarmup   5: 128 op, 771.00 ns, 6.0234 ns/op
OverheadWarmup   6: 128 op, 912.00 ns, 7.1250 ns/op
OverheadWarmup   7: 128 op, 732.00 ns, 5.7188 ns/op

// BeforeActualRun
WorkloadActual   1: 128 op, 543208279.00 ns, 4.2438 ms/op
WorkloadActual   2: 128 op, 536083969.00 ns, 4.1882 ms/op
WorkloadActual   3: 128 op, 526791660.00 ns, 4.1156 ms/op
WorkloadActual   4: 128 op, 545174664.00 ns, 4.2592 ms/op
WorkloadActual   5: 128 op, 557691417.00 ns, 4.3570 ms/op
WorkloadActual   6: 128 op, 530946955.00 ns, 4.1480 ms/op
WorkloadActual   7: 128 op, 564404279.00 ns, 4.4094 ms/op
WorkloadActual   8: 128 op, 642306974.00 ns, 5.0180 ms/op
WorkloadActual   9: 128 op, 559384721.00 ns, 4.3702 ms/op
WorkloadActual  10: 128 op, 519192723.00 ns, 4.0562 ms/op
WorkloadActual  11: 128 op, 508505103.00 ns, 3.9727 ms/op
WorkloadActual  12: 128 op, 516814651.00 ns, 4.0376 ms/op
WorkloadActual  13: 128 op, 523741503.00 ns, 4.0917 ms/op
WorkloadActual  14: 128 op, 536401901.00 ns, 4.1906 ms/op
WorkloadActual  15: 128 op, 537548446.00 ns, 4.1996 ms/op
WorkloadActual  16: 128 op, 546840275.00 ns, 4.2722 ms/op
WorkloadActual  17: 128 op, 542468817.00 ns, 4.2380 ms/op
WorkloadActual  18: 128 op, 573977901.00 ns, 4.4842 ms/op
WorkloadActual  19: 128 op, 643041835.00 ns, 5.0238 ms/op
WorkloadActual  20: 128 op, 559215570.00 ns, 4.3689 ms/op
WorkloadActual  21: 128 op, 533445332.00 ns, 4.1675 ms/op
WorkloadActual  22: 128 op, 537467713.00 ns, 4.1990 ms/op
WorkloadActual  23: 128 op, 563247560.00 ns, 4.4004 ms/op
WorkloadActual  24: 128 op, 539724976.00 ns, 4.2166 ms/op
WorkloadActual  25: 128 op, 520669574.00 ns, 4.0677 ms/op
WorkloadActual  26: 128 op, 527533335.00 ns, 4.1214 ms/op
WorkloadActual  27: 128 op, 541016008.00 ns, 4.2267 ms/op
WorkloadActual  28: 128 op, 569641532.00 ns, 4.4503 ms/op
WorkloadActual  29: 128 op, 593418173.00 ns, 4.6361 ms/op
WorkloadActual  30: 128 op, 613546378.00 ns, 4.7933 ms/op
WorkloadActual  31: 128 op, 572168600.00 ns, 4.4701 ms/op
WorkloadActual  32: 128 op, 543132251.00 ns, 4.2432 ms/op
WorkloadActual  33: 128 op, 519817184.00 ns, 4.0611 ms/op
WorkloadActual  34: 128 op, 535175418.00 ns, 4.1811 ms/op
WorkloadActual  35: 128 op, 529526694.00 ns, 4.1369 ms/op
WorkloadActual  36: 128 op, 566319394.00 ns, 4.4244 ms/op
WorkloadActual  37: 128 op, 540063006.00 ns, 4.2192 ms/op
WorkloadActual  38: 128 op, 536263482.00 ns, 4.1896 ms/op
WorkloadActual  39: 128 op, 555559364.00 ns, 4.3403 ms/op
WorkloadActual  40: 128 op, 624109365.00 ns, 4.8759 ms/op
WorkloadActual  41: 128 op, 614421016.00 ns, 4.8002 ms/op
WorkloadActual  42: 128 op, 528647782.00 ns, 4.1301 ms/op
WorkloadActual  43: 128 op, 550692869.00 ns, 4.3023 ms/op

// AfterActualRun
WorkloadResult   1: 128 op, 543207673.00 ns, 4.2438 ms/op
WorkloadResult   2: 128 op, 536083363.00 ns, 4.1882 ms/op
WorkloadResult   3: 128 op, 526791054.00 ns, 4.1156 ms/op
WorkloadResult   4: 128 op, 545174058.00 ns, 4.2592 ms/op
WorkloadResult   5: 128 op, 557690811.00 ns, 4.3570 ms/op
WorkloadResult   6: 128 op, 530946349.00 ns, 4.1480 ms/op
WorkloadResult   7: 128 op, 564403673.00 ns, 4.4094 ms/op
WorkloadResult   8: 128 op, 559384115.00 ns, 4.3702 ms/op
WorkloadResult   9: 128 op, 519192117.00 ns, 4.0562 ms/op
WorkloadResult  10: 128 op, 508504497.00 ns, 3.9727 ms/op
WorkloadResult  11: 128 op, 516814045.00 ns, 4.0376 ms/op
WorkloadResult  12: 128 op, 523740897.00 ns, 4.0917 ms/op
WorkloadResult  13: 128 op, 536401295.00 ns, 4.1906 ms/op
WorkloadResult  14: 128 op, 537547840.00 ns, 4.1996 ms/op
WorkloadResult  15: 128 op, 546839669.00 ns, 4.2722 ms/op
WorkloadResult  16: 128 op, 542468211.00 ns, 4.2380 ms/op
WorkloadResult  17: 128 op, 573977295.00 ns, 4.4842 ms/op
WorkloadResult  18: 128 op, 559214964.00 ns, 4.3689 ms/op
WorkloadResult  19: 128 op, 533444726.00 ns, 4.1675 ms/op
WorkloadResult  20: 128 op, 537467107.00 ns, 4.1990 ms/op
WorkloadResult  21: 128 op, 563246954.00 ns, 4.4004 ms/op
WorkloadResult  22: 128 op, 539724370.00 ns, 4.2166 ms/op
WorkloadResult  23: 128 op, 520668968.00 ns, 4.0677 ms/op
WorkloadResult  24: 128 op, 527532729.00 ns, 4.1213 ms/op
WorkloadResult  25: 128 op, 541015402.00 ns, 4.2267 ms/op
WorkloadResult  26: 128 op, 569640926.00 ns, 4.4503 ms/op
WorkloadResult  27: 128 op, 593417567.00 ns, 4.6361 ms/op
WorkloadResult  28: 128 op, 572167994.00 ns, 4.4701 ms/op
WorkloadResult  29: 128 op, 543131645.00 ns, 4.2432 ms/op
WorkloadResult  30: 128 op, 519816578.00 ns, 4.0611 ms/op
WorkloadResult  31: 128 op, 535174812.00 ns, 4.1811 ms/op
WorkloadResult  32: 128 op, 529526088.00 ns, 4.1369 ms/op
WorkloadResult  33: 128 op, 566318788.00 ns, 4.4244 ms/op
WorkloadResult  34: 128 op, 540062400.00 ns, 4.2192 ms/op
WorkloadResult  35: 128 op, 536262876.00 ns, 4.1896 ms/op
WorkloadResult  36: 128 op, 555558758.00 ns, 4.3403 ms/op
WorkloadResult  37: 128 op, 528647176.00 ns, 4.1301 ms/op
WorkloadResult  38: 128 op, 550692263.00 ns, 4.3023 ms/op
// GC:  1 0 0 50775992 128
// Threading:  1508 12 128

// AfterAll
// Benchmark Process 1082143 has exited with code 0.

Mean = 4.242 ms, StdErr = 0.023 ms (0.55%), N = 38, StdDev = 0.145 ms
Min = 3.973 ms, Q1 = 4.140 ms, Median = 4.218 ms, Q3 = 4.353 ms, Max = 4.636 ms
IQR = 0.213 ms, LowerFence = 3.820 ms, UpperFence = 4.672 ms
ConfidenceInterval = [4.158 ms; 4.326 ms] (CI 99.9%), Margin = 0.084 ms (1.98% of Mean)
Skewness = 0.53, Kurtosis = 2.82, MValue = 2

// ** Remained 37 (74.0%) benchmark(s) to run. Estimated finish 2026-01-01 2:24 (0h 32m from now) **
// **************************
// Benchmark: Sorting.Sort_Kahn: DefaultJob [NumItems=1000, GraphType=Random]
// *** Execute ***
// Launch: 1 / 1
// Execute: dotnet NexusMods.Benchmarks-DefaultJob-1.dll --anonymousPipes 126 127 --benchmarkName "NexusMods.Benchmarks.Benchmarks.Sorting.Sort_Kahn(NumItems: 1000, GraphType: Random)" --job Default --benchmarkId 13 in /home/ryang/nexus-app/benchmarks/NexusMods.Benchmarks/bin/Release/net9.0/NexusMods.Benchmarks-DefaultJob-1/bin/Release/net9.0
// Failed to set up high priority (Permission denied). In order to run benchmarks with high priority, make sure you have the right permissions.
// BeforeAnythingElse

// Benchmark Process Environment Information:
// BenchmarkDotNet v0.15.2
// Runtime=.NET 9.0.11 (9.0.1125.51716), X64 RyuJIT AVX-512F+CD+BW+DQ+VL+VBMI
// GC=Concurrent Workstation
// HardwareIntrinsics=AVX-512F+CD+BW+DQ+VL+VBMI,AES,BMI1,BMI2,FMA,LZCNT,PCLMUL,POPCNT,AvxVnni VectorSize=256
// Job: DefaultJob

OverheadJitting  1: 1 op, 172651.00 ns, 172.6510 us/op
WorkloadJitting  1: 1 op, 1953490.00 ns, 1.9535 ms/op

OverheadJitting  2: 16 op, 368506.00 ns, 23.0316 us/op
WorkloadJitting  2: 16 op, 8395092.00 ns, 524.6933 us/op

WorkloadPilot    1: 16 op, 1610633.00 ns, 100.6646 us/op
WorkloadPilot    2: 32 op, 3096609.00 ns, 96.7690 us/op
WorkloadPilot    3: 64 op, 5739668.00 ns, 89.6823 us/op
WorkloadPilot    4: 128 op, 11680402.00 ns, 91.2531 us/op
WorkloadPilot    5: 256 op, 22700750.00 ns, 88.6748 us/op
WorkloadPilot    6: 512 op, 52798464.00 ns, 103.1220 us/op
WorkloadPilot    7: 1024 op, 83512085.00 ns, 81.5548 us/op
WorkloadPilot    8: 2048 op, 153827826.00 ns, 75.1112 us/op
WorkloadPilot    9: 4096 op, 288101595.00 ns, 70.3373 us/op
WorkloadPilot   10: 8192 op, 548081300.00 ns, 66.9045 us/op

OverheadWarmup   1: 8192 op, 28665.00 ns, 3.4991 ns/op
OverheadWarmup   2: 8192 op, 18375.00 ns, 2.2430 ns/op
OverheadWarmup   3: 8192 op, 18275.00 ns, 2.2308 ns/op
OverheadWarmup   4: 8192 op, 17934.00 ns, 2.1892 ns/op
OverheadWarmup   5: 8192 op, 18034.00 ns, 2.2014 ns/op
OverheadWarmup   6: 8192 op, 17554.00 ns, 2.1428 ns/op
OverheadWarmup   7: 8192 op, 16322.00 ns, 1.9924 ns/op
OverheadWarmup   8: 8192 op, 17984.00 ns, 2.1953 ns/op
OverheadWarmup   9: 8192 op, 16772.00 ns, 2.0474 ns/op

OverheadActual   1: 8192 op, 16381.00 ns, 1.9996 ns/op
OverheadActual   2: 8192 op, 26361.00 ns, 3.2179 ns/op
OverheadActual   3: 8192 op, 18606.00 ns, 2.2712 ns/op
OverheadActual   4: 8192 op, 26270.00 ns, 3.2068 ns/op
OverheadActual   5: 8192 op, 16452.00 ns, 2.0083 ns/op
OverheadActual   6: 8192 op, 16211.00 ns, 1.9789 ns/op
OverheadActual   7: 8192 op, 16151.00 ns, 1.9716 ns/op
OverheadActual   8: 8192 op, 17032.00 ns, 2.0791 ns/op
OverheadActual   9: 8192 op, 20699.00 ns, 2.5267 ns/op
OverheadActual  10: 8192 op, 27082.00 ns, 3.3059 ns/op
OverheadActual  11: 8192 op, 26932.00 ns, 3.2876 ns/op
OverheadActual  12: 8192 op, 25559.00 ns, 3.1200 ns/op
OverheadActual  13: 8192 op, 16001.00 ns, 1.9532 ns/op
OverheadActual  14: 8192 op, 16001.00 ns, 1.9532 ns/op
OverheadActual  15: 8192 op, 16001.00 ns, 1.9532 ns/op
OverheadActual  16: 8192 op, 18034.00 ns, 2.2014 ns/op
OverheadActual  17: 8192 op, 27052.00 ns, 3.3022 ns/op
OverheadActual  18: 8192 op, 26971.00 ns, 3.2924 ns/op
OverheadActual  19: 8192 op, 26862.00 ns, 3.2791 ns/op
OverheadActual  20: 8192 op, 26682.00 ns, 3.2571 ns/op

OverheadWarmup   1: 8192 op, 18936.00 ns, 2.3115 ns/op
OverheadWarmup   2: 8192 op, 23826.00 ns, 2.9084 ns/op
OverheadWarmup   3: 8192 op, 26742.00 ns, 3.2644 ns/op
OverheadWarmup   4: 8192 op, 27443.00 ns, 3.3500 ns/op
OverheadWarmup   5: 8192 op, 18075.00 ns, 2.2064 ns/op
OverheadWarmup   6: 8192 op, 27021.00 ns, 3.2985 ns/op
OverheadWarmup   7: 8192 op, 26981.00 ns, 3.2936 ns/op

// BeforeActualRun
WorkloadActual   1: 8192 op, 557136416.00 ns, 68.0098 us/op
WorkloadActual   2: 8192 op, 574256783.00 ns, 70.0997 us/op
WorkloadActual   3: 8192 op, 561866542.00 ns, 68.5872 us/op
WorkloadActual   4: 8192 op, 593029996.00 ns, 72.3914 us/op
WorkloadActual   5: 8192 op, 616509599.00 ns, 75.2575 us/op
WorkloadActual   6: 8192 op, 573696853.00 ns, 70.0314 us/op
WorkloadActual   7: 8192 op, 560463608.00 ns, 68.4160 us/op
WorkloadActual   8: 8192 op, 583015293.00 ns, 71.1689 us/op
WorkloadActual   9: 8192 op, 582838124.00 ns, 71.1472 us/op
WorkloadActual  10: 8192 op, 603146084.00 ns, 73.6262 us/op
WorkloadActual  11: 8192 op, 586447655.00 ns, 71.5878 us/op
WorkloadActual  12: 8192 op, 578464913.00 ns, 70.6134 us/op
WorkloadActual  13: 8192 op, 563122219.00 ns, 68.7405 us/op
WorkloadActual  14: 8192 op, 616680598.00 ns, 75.2784 us/op
WorkloadActual  15: 8192 op, 645829465.00 ns, 78.8366 us/op
WorkloadActual  16: 8192 op, 570012501.00 ns, 69.5816 us/op
WorkloadActual  17: 8192 op, 563030004.00 ns, 68.7292 us/op
WorkloadActual  18: 8192 op, 571727275.00 ns, 69.7909 us/op
WorkloadActual  19: 8192 op, 581851037.00 ns, 71.0267 us/op
WorkloadActual  20: 8192 op, 576833321.00 ns, 70.4142 us/op
WorkloadActual  21: 8192 op, 607401525.00 ns, 74.1457 us/op
WorkloadActual  22: 8192 op, 587373370.00 ns, 71.7009 us/op
WorkloadActual  23: 8192 op, 589343553.00 ns, 71.9414 us/op
WorkloadActual  24: 8192 op, 594428409.00 ns, 72.5621 us/op
WorkloadActual  25: 8192 op, 651213264.00 ns, 79.4938 us/op
WorkloadActual  26: 8192 op, 588421859.00 ns, 71.8288 us/op
WorkloadActual  27: 8192 op, 551147436.00 ns, 67.2787 us/op
WorkloadActual  28: 8192 op, 548950019.00 ns, 67.0105 us/op
WorkloadActual  29: 8192 op, 549735804.00 ns, 67.1064 us/op
WorkloadActual  30: 8192 op, 499551445.00 ns, 60.9804 us/op
WorkloadActual  31: 8192 op, 496418087.00 ns, 60.5979 us/op
WorkloadActual  32: 8192 op, 507606658.00 ns, 61.9637 us/op
WorkloadActual  33: 8192 op, 490244077.00 ns, 59.8442 us/op
WorkloadActual  34: 8192 op, 484940042.00 ns, 59.1968 us/op
WorkloadActual  35: 8192 op, 494127692.00 ns, 60.3183 us/op
WorkloadActual  36: 8192 op, 515388387.00 ns, 62.9136 us/op
WorkloadActual  37: 8192 op, 507395213.00 ns, 61.9379 us/op
WorkloadActual  38: 8192 op, 489673285.00 ns, 59.7746 us/op
WorkloadActual  39: 8192 op, 497016895.00 ns, 60.6710 us/op
WorkloadActual  40: 8192 op, 490758974.00 ns, 59.9071 us/op
WorkloadActual  41: 8192 op, 489162417.00 ns, 59.7122 us/op
WorkloadActual  42: 8192 op, 490338740.00 ns, 59.8558 us/op
WorkloadActual  43: 8192 op, 491052857.00 ns, 59.9430 us/op
WorkloadActual  44: 8192 op, 496557236.00 ns, 60.6149 us/op
WorkloadActual  45: 8192 op, 490180988.00 ns, 59.8365 us/op
WorkloadActual  46: 8192 op, 495949441.00 ns, 60.5407 us/op
WorkloadActual  47: 8192 op, 487860285.00 ns, 59.5533 us/op
WorkloadActual  48: 8192 op, 506476277.00 ns, 61.8257 us/op
WorkloadActual  49: 8192 op, 508724752.00 ns, 62.1002 us/op
WorkloadActual  50: 8192 op, 487947573.00 ns, 59.5639 us/op
WorkloadActual  51: 8192 op, 491203016.00 ns, 59.9613 us/op
WorkloadActual  52: 8192 op, 479983506.00 ns, 58.5917 us/op
WorkloadActual  53: 8192 op, 492568651.00 ns, 60.1280 us/op
WorkloadActual  54: 8192 op, 496580292.00 ns, 60.6177 us/op
WorkloadActual  55: 8192 op, 495683475.00 ns, 60.5082 us/op
WorkloadActual  56: 8192 op, 493629022.00 ns, 60.2574 us/op
WorkloadActual  57: 8192 op, 489160988.00 ns, 59.7120 us/op
WorkloadActual  58: 8192 op, 487871719.00 ns, 59.5547 us/op
WorkloadActual  59: 8192 op, 491913147.00 ns, 60.0480 us/op
WorkloadActual  60: 8192 op, 508613531.00 ns, 62.0866 us/op
WorkloadActual  61: 8192 op, 506780351.00 ns, 61.8628 us/op
WorkloadActual  62: 8192 op, 493630837.00 ns, 60.2577 us/op
WorkloadActual  63: 8192 op, 488929606.00 ns, 59.6838 us/op
WorkloadActual  64: 8192 op, 487355162.00 ns, 59.4916 us/op
WorkloadActual  65: 8192 op, 484258674.00 ns, 59.1136 us/op
WorkloadActual  66: 8192 op, 499484775.00 ns, 60.9723 us/op
WorkloadActual  67: 8192 op, 521381196.00 ns, 63.6452 us/op
WorkloadActual  68: 8192 op, 523293258.00 ns, 63.8786 us/op
WorkloadActual  69: 8192 op, 513218288.00 ns, 62.6487 us/op
WorkloadActual  70: 8192 op, 498947246.00 ns, 60.9066 us/op
WorkloadActual  71: 8192 op, 505375132.00 ns, 61.6913 us/op
WorkloadActual  72: 8192 op, 510570540.00 ns, 62.3255 us/op
WorkloadActual  73: 8192 op, 499406506.00 ns, 60.9627 us/op
WorkloadActual  74: 8192 op, 491052683.00 ns, 59.9430 us/op
WorkloadActual  75: 8192 op, 508884502.00 ns, 62.1197 us/op
WorkloadActual  76: 8192 op, 509668954.00 ns, 62.2154 us/op
WorkloadActual  77: 8192 op, 527706649.00 ns, 64.4173 us/op
WorkloadActual  78: 8192 op, 490485928.00 ns, 59.8738 us/op
WorkloadActual  79: 8192 op, 495537690.00 ns, 60.4904 us/op
WorkloadActual  80: 8192 op, 496770160.00 ns, 60.6409 us/op
WorkloadActual  81: 8192 op, 500652393.00 ns, 61.1148 us/op
WorkloadActual  82: 8192 op, 500747354.00 ns, 61.1264 us/op
WorkloadActual  83: 8192 op, 504796978.00 ns, 61.6207 us/op
WorkloadActual  84: 8192 op, 524866353.00 ns, 64.0706 us/op
WorkloadActual  85: 8192 op, 497530296.00 ns, 60.7337 us/op
WorkloadActual  86: 8192 op, 499195645.00 ns, 60.9370 us/op
WorkloadActual  87: 8192 op, 490734816.00 ns, 59.9042 us/op
WorkloadActual  88: 8192 op, 489606597.00 ns, 59.7664 us/op
WorkloadActual  89: 8192 op, 500624320.00 ns, 61.1114 us/op
WorkloadActual  90: 8192 op, 498132049.00 ns, 60.8071 us/op
WorkloadActual  91: 8192 op, 495232938.00 ns, 60.4532 us/op
WorkloadActual  92: 8192 op, 502086750.00 ns, 61.2899 us/op
WorkloadActual  93: 8192 op, 501392182.00 ns, 61.2051 us/op
WorkloadActual  94: 8192 op, 496089239.00 ns, 60.5578 us/op
WorkloadActual  95: 8192 op, 497314234.00 ns, 60.7073 us/op
WorkloadActual  96: 8192 op, 504458472.00 ns, 61.5794 us/op
WorkloadActual  97: 8192 op, 496323438.00 ns, 60.5864 us/op
WorkloadActual  98: 8192 op, 482731055.00 ns, 58.9271 us/op
WorkloadActual  99: 8192 op, 483085944.00 ns, 58.9705 us/op
WorkloadActual  100: 8192 op, 484100477.00 ns, 59.0943 us/op

// AfterActualRun
WorkloadResult   1: 8192 op, 557116763.50 ns, 68.0074 us/op
WorkloadResult   2: 8192 op, 574237130.50 ns, 70.0973 us/op
WorkloadResult   3: 8192 op, 561846889.50 ns, 68.5848 us/op
WorkloadResult   4: 8192 op, 593010343.50 ns, 72.3890 us/op
WorkloadResult   5: 8192 op, 616489946.50 ns, 75.2551 us/op
WorkloadResult   6: 8192 op, 573677200.50 ns, 70.0290 us/op
WorkloadResult   7: 8192 op, 560443955.50 ns, 68.4136 us/op
WorkloadResult   8: 8192 op, 582995640.50 ns, 71.1665 us/op
WorkloadResult   9: 8192 op, 582818471.50 ns, 71.1448 us/op
WorkloadResult  10: 8192 op, 603126431.50 ns, 73.6238 us/op
WorkloadResult  11: 8192 op, 586428002.50 ns, 71.5854 us/op
WorkloadResult  12: 8192 op, 578445260.50 ns, 70.6110 us/op
WorkloadResult  13: 8192 op, 563102566.50 ns, 68.7381 us/op
WorkloadResult  14: 8192 op, 616660945.50 ns, 75.2760 us/op
WorkloadResult  15: 8192 op, 645809812.50 ns, 78.8342 us/op
WorkloadResult  16: 8192 op, 569992848.50 ns, 69.5792 us/op
WorkloadResult  17: 8192 op, 563010351.50 ns, 68.7268 us/op
WorkloadResult  18: 8192 op, 571707622.50 ns, 69.7885 us/op
WorkloadResult  19: 8192 op, 581831384.50 ns, 71.0243 us/op
WorkloadResult  20: 8192 op, 576813668.50 ns, 70.4118 us/op
WorkloadResult  21: 8192 op, 607381872.50 ns, 74.1433 us/op
WorkloadResult  22: 8192 op, 587353717.50 ns, 71.6985 us/op
WorkloadResult  23: 8192 op, 589323900.50 ns, 71.9390 us/op
WorkloadResult  24: 8192 op, 594408756.50 ns, 72.5597 us/op
WorkloadResult  25: 8192 op, 651193611.50 ns, 79.4914 us/op
WorkloadResult  26: 8192 op, 588402206.50 ns, 71.8264 us/op
WorkloadResult  27: 8192 op, 551127783.50 ns, 67.2763 us/op
WorkloadResult  28: 8192 op, 548930366.50 ns, 67.0081 us/op
WorkloadResult  29: 8192 op, 549716151.50 ns, 67.1040 us/op
WorkloadResult  30: 8192 op, 499531792.50 ns, 60.9780 us/op
WorkloadResult  31: 8192 op, 496398434.50 ns, 60.5955 us/op
WorkloadResult  32: 8192 op, 507587005.50 ns, 61.9613 us/op
WorkloadResult  33: 8192 op, 490224424.50 ns, 59.8418 us/op
WorkloadResult  34: 8192 op, 484920389.50 ns, 59.1944 us/op
WorkloadResult  35: 8192 op, 494108039.50 ns, 60.3159 us/op
WorkloadResult  36: 8192 op, 515368734.50 ns, 62.9112 us/op
WorkloadResult  37: 8192 op, 507375560.50 ns, 61.9355 us/op
WorkloadResult  38: 8192 op, 489653632.50 ns, 59.7722 us/op
WorkloadResult  39: 8192 op, 496997242.50 ns, 60.6686 us/op
WorkloadResult  40: 8192 op, 490739321.50 ns, 59.9047 us/op
WorkloadResult  41: 8192 op, 489142764.50 ns, 59.7098 us/op
WorkloadResult  42: 8192 op, 490319087.50 ns, 59.8534 us/op
WorkloadResult  43: 8192 op, 491033204.50 ns, 59.9406 us/op
WorkloadResult  44: 8192 op, 496537583.50 ns, 60.6125 us/op
WorkloadResult  45: 8192 op, 490161335.50 ns, 59.8341 us/op
WorkloadResult  46: 8192 op, 495929788.50 ns, 60.5383 us/op
WorkloadResult  47: 8192 op, 487840632.50 ns, 59.5509 us/op
WorkloadResult  48: 8192 op, 506456624.50 ns, 61.8233 us/op
WorkloadResult  49: 8192 op, 508705099.50 ns, 62.0978 us/op
WorkloadResult  50: 8192 op, 487927920.50 ns, 59.5615 us/op
WorkloadResult  51: 8192 op, 491183363.50 ns, 59.9589 us/op
WorkloadResult  52: 8192 op, 479963853.50 ns, 58.5893 us/op
WorkloadResult  53: 8192 op, 492548998.50 ns, 60.1256 us/op
WorkloadResult  54: 8192 op, 496560639.50 ns, 60.6153 us/op
WorkloadResult  55: 8192 op, 495663822.50 ns, 60.5058 us/op
WorkloadResult  56: 8192 op, 493609369.50 ns, 60.2550 us/op
WorkloadResult  57: 8192 op, 489141335.50 ns, 59.7096 us/op
WorkloadResult  58: 8192 op, 487852066.50 ns, 59.5523 us/op
WorkloadResult  59: 8192 op, 491893494.50 ns, 60.0456 us/op
WorkloadResult  60: 8192 op, 508593878.50 ns, 62.0842 us/op
WorkloadResult  61: 8192 op, 506760698.50 ns, 61.8604 us/op
WorkloadResult  62: 8192 op, 493611184.50 ns, 60.2553 us/op
WorkloadResult  63: 8192 op, 488909953.50 ns, 59.6814 us/op
WorkloadResult  64: 8192 op, 487335509.50 ns, 59.4892 us/op
WorkloadResult  65: 8192 op, 484239021.50 ns, 59.1112 us/op
WorkloadResult  66: 8192 op, 499465122.50 ns, 60.9699 us/op
WorkloadResult  67: 8192 op, 521361543.50 ns, 63.6428 us/op
WorkloadResult  68: 8192 op, 523273605.50 ns, 63.8762 us/op
WorkloadResult  69: 8192 op, 513198635.50 ns, 62.6463 us/op
WorkloadResult  70: 8192 op, 498927593.50 ns, 60.9042 us/op
WorkloadResult  71: 8192 op, 505355479.50 ns, 61.6889 us/op
WorkloadResult  72: 8192 op, 510550887.50 ns, 62.3231 us/op
WorkloadResult  73: 8192 op, 499386853.50 ns, 60.9603 us/op
WorkloadResult  74: 8192 op, 491033030.50 ns, 59.9406 us/op
WorkloadResult  75: 8192 op, 508864849.50 ns, 62.1173 us/op
WorkloadResult  76: 8192 op, 509649301.50 ns, 62.2130 us/op
WorkloadResult  77: 8192 op, 527686996.50 ns, 64.4149 us/op
WorkloadResult  78: 8192 op, 490466275.50 ns, 59.8714 us/op
WorkloadResult  79: 8192 op, 495518037.50 ns, 60.4880 us/op
WorkloadResult  80: 8192 op, 496750507.50 ns, 60.6385 us/op
WorkloadResult  81: 8192 op, 500632740.50 ns, 61.1124 us/op
WorkloadResult  82: 8192 op, 500727701.50 ns, 61.1240 us/op
WorkloadResult  83: 8192 op, 504777325.50 ns, 61.6183 us/op
WorkloadResult  84: 8192 op, 524846700.50 ns, 64.0682 us/op
WorkloadResult  85: 8192 op, 497510643.50 ns, 60.7313 us/op
WorkloadResult  86: 8192 op, 499175992.50 ns, 60.9346 us/op
WorkloadResult  87: 8192 op, 490715163.50 ns, 59.9018 us/op
WorkloadResult  88: 8192 op, 489586944.50 ns, 59.7640 us/op
WorkloadResult  89: 8192 op, 500604667.50 ns, 61.1090 us/op
WorkloadResult  90: 8192 op, 498112396.50 ns, 60.8047 us/op
WorkloadResult  91: 8192 op, 495213285.50 ns, 60.4508 us/op
WorkloadResult  92: 8192 op, 502067097.50 ns, 61.2875 us/op
WorkloadResult  93: 8192 op, 501372529.50 ns, 61.2027 us/op
WorkloadResult  94: 8192 op, 496069586.50 ns, 60.5554 us/op
WorkloadResult  95: 8192 op, 497294581.50 ns, 60.7049 us/op
WorkloadResult  96: 8192 op, 504438819.50 ns, 61.5770 us/op
WorkloadResult  97: 8192 op, 496303785.50 ns, 60.5840 us/op
WorkloadResult  98: 8192 op, 482711402.50 ns, 58.9247 us/op
WorkloadResult  99: 8192 op, 483066291.50 ns, 58.9681 us/op
WorkloadResult  100: 8192 op, 484080824.50 ns, 59.0919 us/op
// GC:  22 5 0 1128988672 8192
// Threading:  0 0 8192

// AfterAll
// Benchmark Process 1084526 has exited with code 0.

Mean = 63.810 μs, StdErr = 0.517 μs (0.81%), N = 100, StdDev = 5.169 μs
Min = 58.589 μs, Q1 = 60.106 μs, Median = 61.118 μs, Q3 = 68.109 μs, Max = 79.491 μs
IQR = 8.003 μs, LowerFence = 48.101 μs, UpperFence = 80.114 μs
ConfidenceInterval = [62.057 μs; 65.563 μs] (CI 99.9%), Margin = 1.753 μs (2.75% of Mean)
Skewness = 1.16, Kurtosis = 3.16, MValue = 2.65

// ** Remained 36 (72.0%) benchmark(s) to run. Estimated finish 2026-01-01 2:24 (0h 31m from now) **
// **************************
// Benchmark: Sorting.Sort_Original: DefaultJob [NumItems=1000, GraphType=Chain]
// *** Execute ***
// Launch: 1 / 1
// Execute: dotnet NexusMods.Benchmarks-DefaultJob-1.dll --anonymousPipes 126 127 --benchmarkName "NexusMods.Benchmarks.Benchmarks.Sorting.Sort_Original(NumItems: 1000, GraphType: Chain)" --job Default --benchmarkId 14 in /home/ryang/nexus-app/benchmarks/NexusMods.Benchmarks/bin/Release/net9.0/NexusMods.Benchmarks-DefaultJob-1/bin/Release/net9.0
// Failed to set up high priority (Permission denied). In order to run benchmarks with high priority, make sure you have the right permissions.
// BeforeAnythingElse

// Benchmark Process Environment Information:
// BenchmarkDotNet v0.15.2
// Runtime=.NET 9.0.11 (9.0.1125.51716), X64 RyuJIT AVX-512F+CD+BW+DQ+VL+VBMI
// GC=Concurrent Workstation
// HardwareIntrinsics=AVX-512F+CD+BW+DQ+VL+VBMI,AES,BMI1,BMI2,FMA,LZCNT,PCLMUL,POPCNT,AvxVnni VectorSize=256
// Job: DefaultJob

OverheadJitting  1: 1 op, 235712.00 ns, 235.7120 us/op
WorkloadJitting  1: 1 op, 24672617.00 ns, 24.6726 ms/op

OverheadJitting  2: 16 op, 349920.00 ns, 21.8700 us/op
WorkloadJitting  2: 16 op, 183289137.00 ns, 11.4556 ms/op

WorkloadPilot    1: 16 op, 160180053.00 ns, 10.0113 ms/op
WorkloadPilot    2: 32 op, 239673789.00 ns, 7.4898 ms/op
WorkloadPilot    3: 64 op, 468852293.00 ns, 7.3258 ms/op
WorkloadPilot    4: 128 op, 923647175.00 ns, 7.2160 ms/op

OverheadWarmup   1: 128 op, 1723.00 ns, 13.4609 ns/op
OverheadWarmup   2: 128 op, 551.00 ns, 4.3047 ns/op
OverheadWarmup   3: 128 op, 381.00 ns, 2.9766 ns/op
OverheadWarmup   4: 128 op, 350.00 ns, 2.7344 ns/op
OverheadWarmup   5: 128 op, 391.00 ns, 3.0547 ns/op
OverheadWarmup   6: 128 op, 411.00 ns, 3.2109 ns/op
OverheadWarmup   7: 128 op, 410.00 ns, 3.2031 ns/op
OverheadWarmup   8: 128 op, 371.00 ns, 2.8984 ns/op
OverheadWarmup   9: 128 op, 370.00 ns, 2.8906 ns/op
OverheadWarmup  10: 128 op, 852.00 ns, 6.6563 ns/op

OverheadActual   1: 128 op, 802.00 ns, 6.2656 ns/op
OverheadActual   2: 128 op, 902.00 ns, 7.0469 ns/op
OverheadActual   3: 128 op, 911.00 ns, 7.1172 ns/op
OverheadActual   4: 128 op, 430.00 ns, 3.3594 ns/op
OverheadActual   5: 128 op, 662.00 ns, 5.1719 ns/op
OverheadActual   6: 128 op, 360.00 ns, 2.8125 ns/op
OverheadActual   7: 128 op, 350.00 ns, 2.7344 ns/op
OverheadActual   8: 128 op, 441.00 ns, 3.4453 ns/op
OverheadActual   9: 128 op, 351.00 ns, 2.7422 ns/op
OverheadActual  10: 128 op, 370.00 ns, 2.8906 ns/op
OverheadActual  11: 128 op, 361.00 ns, 2.8203 ns/op
OverheadActual  12: 128 op, 321.00 ns, 2.5078 ns/op
OverheadActual  13: 128 op, 300.00 ns, 2.3438 ns/op
OverheadActual  14: 128 op, 992.00 ns, 7.7500 ns/op
OverheadActual  15: 128 op, 501.00 ns, 3.9141 ns/op
OverheadActual  16: 128 op, 381.00 ns, 2.9766 ns/op
OverheadActual  17: 128 op, 1012.00 ns, 7.9063 ns/op
OverheadActual  18: 128 op, 781.00 ns, 6.1016 ns/op
OverheadActual  19: 128 op, 371.00 ns, 2.8984 ns/op
OverheadActual  20: 128 op, 291.00 ns, 2.2734 ns/op

OverheadWarmup   1: 128 op, 591.00 ns, 4.6172 ns/op
OverheadWarmup   2: 128 op, 381.00 ns, 2.9766 ns/op
OverheadWarmup   3: 128 op, 791.00 ns, 6.1797 ns/op
OverheadWarmup   4: 128 op, 962.00 ns, 7.5156 ns/op
OverheadWarmup   5: 128 op, 602.00 ns, 4.7031 ns/op
OverheadWarmup   6: 128 op, 721.00 ns, 5.6328 ns/op
OverheadWarmup   7: 128 op, 340.00 ns, 2.6563 ns/op

// BeforeActualRun
WorkloadActual   1: 128 op, 934416393.00 ns, 7.3001 ms/op
WorkloadActual   2: 128 op, 1007811393.00 ns, 7.8735 ms/op
WorkloadActual   3: 128 op, 950640397.00 ns, 7.4269 ms/op
WorkloadActual   4: 128 op, 933899196.00 ns, 7.2961 ms/op
WorkloadActual   5: 128 op, 936308649.00 ns, 7.3149 ms/op
WorkloadActual   6: 128 op, 935930706.00 ns, 7.3120 ms/op
WorkloadActual   7: 128 op, 935718730.00 ns, 7.3103 ms/op
WorkloadActual   8: 128 op, 989661308.00 ns, 7.7317 ms/op
WorkloadActual   9: 128 op, 948686159.00 ns, 7.4116 ms/op
WorkloadActual  10: 128 op, 934131384.00 ns, 7.2979 ms/op
WorkloadActual  11: 128 op, 939973920.00 ns, 7.3435 ms/op
WorkloadActual  12: 128 op, 934895127.00 ns, 7.3039 ms/op
WorkloadActual  13: 128 op, 934284529.00 ns, 7.2991 ms/op
WorkloadActual  14: 128 op, 955377042.00 ns, 7.4639 ms/op
WorkloadActual  15: 128 op, 972376529.00 ns, 7.5967 ms/op

// AfterActualRun
WorkloadResult   1: 128 op, 934415987.50 ns, 7.3001 ms/op
WorkloadResult   2: 128 op, 950639991.50 ns, 7.4269 ms/op
WorkloadResult   3: 128 op, 933898790.50 ns, 7.2961 ms/op
WorkloadResult   4: 128 op, 936308243.50 ns, 7.3149 ms/op
WorkloadResult   5: 128 op, 935930300.50 ns, 7.3120 ms/op
WorkloadResult   6: 128 op, 935718324.50 ns, 7.3103 ms/op
WorkloadResult   7: 128 op, 948685753.50 ns, 7.4116 ms/op
WorkloadResult   8: 128 op, 934130978.50 ns, 7.2979 ms/op
WorkloadResult   9: 128 op, 939973514.50 ns, 7.3435 ms/op
WorkloadResult  10: 128 op, 934894721.50 ns, 7.3039 ms/op
WorkloadResult  11: 128 op, 934284123.50 ns, 7.2991 ms/op
WorkloadResult  12: 128 op, 955376636.50 ns, 7.4639 ms/op
WorkloadResult  13: 128 op, 972376123.50 ns, 7.5967 ms/op
// GC:  1 0 0 51216176 128
// Threading:  1584 1 128

// AfterAll
// Benchmark Process 1091095 has exited with code 0.

Mean = 7.360 ms, StdErr = 0.025 ms (0.34%), N = 13, StdDev = 0.091 ms
Min = 7.296 ms, Q1 = 7.300 ms, Median = 7.312 ms, Q3 = 7.412 ms, Max = 7.597 ms
IQR = 0.111 ms, LowerFence = 7.133 ms, UpperFence = 7.579 ms
ConfidenceInterval = [7.251 ms; 7.469 ms] (CI 99.9%), Margin = 0.109 ms (1.48% of Mean)
Skewness = 1.37, Kurtosis = 3.79, MValue = 2

// ** Remained 35 (70.0%) benchmark(s) to run. Estimated finish 2026-01-01 2:22 (0h 29m from now) **
// **************************
// Benchmark: Sorting.Sort_Kahn: DefaultJob [NumItems=1000, GraphType=Chain]
// *** Execute ***
// Launch: 1 / 1
// Execute: dotnet NexusMods.Benchmarks-DefaultJob-1.dll --anonymousPipes 126 127 --benchmarkName "NexusMods.Benchmarks.Benchmarks.Sorting.Sort_Kahn(NumItems: 1000, GraphType: Chain)" --job Default --benchmarkId 15 in /home/ryang/nexus-app/benchmarks/NexusMods.Benchmarks/bin/Release/net9.0/NexusMods.Benchmarks-DefaultJob-1/bin/Release/net9.0
// Failed to set up high priority (Permission denied). In order to run benchmarks with high priority, make sure you have the right permissions.
// BeforeAnythingElse

// Benchmark Process Environment Information:
// BenchmarkDotNet v0.15.2
// Runtime=.NET 9.0.11 (9.0.1125.51716), X64 RyuJIT AVX-512F+CD+BW+DQ+VL+VBMI
// GC=Concurrent Workstation
// HardwareIntrinsics=AVX-512F+CD+BW+DQ+VL+VBMI,AES,BMI1,BMI2,FMA,LZCNT,PCLMUL,POPCNT,AvxVnni VectorSize=256
// Job: DefaultJob

OverheadJitting  1: 1 op, 160678.00 ns, 160.6780 us/op
WorkloadJitting  1: 1 op, 1647795.00 ns, 1.6478 ms/op

OverheadJitting  2: 16 op, 342566.00 ns, 21.4104 us/op
WorkloadJitting  2: 16 op, 7581214.00 ns, 473.8259 us/op

WorkloadPilot    1: 16 op, 1857477.00 ns, 116.0923 us/op
WorkloadPilot    2: 32 op, 2905263.00 ns, 90.7895 us/op
WorkloadPilot    3: 64 op, 5260481.00 ns, 82.1950 us/op
WorkloadPilot    4: 128 op, 11316657.00 ns, 88.4114 us/op
WorkloadPilot    5: 256 op, 23996613.00 ns, 93.7368 us/op
WorkloadPilot    6: 512 op, 40793121.00 ns, 79.6741 us/op
WorkloadPilot    7: 1024 op, 81671406.00 ns, 79.7572 us/op
WorkloadPilot    8: 2048 op, 134897319.00 ns, 65.8678 us/op
WorkloadPilot    9: 4096 op, 259874688.00 ns, 63.4460 us/op
WorkloadPilot   10: 8192 op, 523631539.00 ns, 63.9199 us/op

OverheadWarmup   1: 8192 op, 17093.00 ns, 2.0865 ns/op
OverheadWarmup   2: 8192 op, 16011.00 ns, 1.9545 ns/op
OverheadWarmup   3: 8192 op, 16051.00 ns, 1.9594 ns/op
OverheadWarmup   4: 8192 op, 15850.00 ns, 1.9348 ns/op
OverheadWarmup   5: 8192 op, 20579.00 ns, 2.5121 ns/op
OverheadWarmup   6: 8192 op, 15860.00 ns, 1.9360 ns/op

OverheadActual   1: 8192 op, 16201.00 ns, 1.9777 ns/op
OverheadActual   2: 8192 op, 27824.00 ns, 3.3965 ns/op
OverheadActual   3: 8192 op, 28204.00 ns, 3.4429 ns/op
OverheadActual   4: 8192 op, 27883.00 ns, 3.4037 ns/op
OverheadActual   5: 8192 op, 27894.00 ns, 3.4050 ns/op
OverheadActual   6: 8192 op, 24728.00 ns, 3.0186 ns/op
OverheadActual   7: 8192 op, 24767.00 ns, 3.0233 ns/op
OverheadActual   8: 8192 op, 24657.00 ns, 3.0099 ns/op
OverheadActual   9: 8192 op, 24867.00 ns, 3.0355 ns/op
OverheadActual  10: 8192 op, 24737.00 ns, 3.0197 ns/op
OverheadActual  11: 8192 op, 25219.00 ns, 3.0785 ns/op
OverheadActual  12: 8192 op, 16020.00 ns, 1.9556 ns/op
OverheadActual  13: 8192 op, 16031.00 ns, 1.9569 ns/op
OverheadActual  14: 8192 op, 16080.00 ns, 1.9629 ns/op
OverheadActual  15: 8192 op, 18095.00 ns, 2.2089 ns/op
OverheadActual  16: 8192 op, 21170.00 ns, 2.5842 ns/op
OverheadActual  17: 8192 op, 17574.00 ns, 2.1453 ns/op
OverheadActual  18: 8192 op, 18044.00 ns, 2.2026 ns/op
OverheadActual  19: 8192 op, 17774.00 ns, 2.1697 ns/op
OverheadActual  20: 8192 op, 17634.00 ns, 2.1526 ns/op

OverheadWarmup   1: 8192 op, 18676.00 ns, 2.2798 ns/op
OverheadWarmup   2: 8192 op, 17554.00 ns, 2.1428 ns/op
OverheadWarmup   3: 8192 op, 17674.00 ns, 2.1575 ns/op
OverheadWarmup   4: 8192 op, 17493.00 ns, 2.1354 ns/op
OverheadWarmup   5: 8192 op, 17463.00 ns, 2.1317 ns/op
OverheadWarmup   6: 8192 op, 17343.00 ns, 2.1171 ns/op
OverheadWarmup   7: 8192 op, 20770.00 ns, 2.5354 ns/op
OverheadWarmup   8: 8192 op, 17373.00 ns, 2.1207 ns/op

// BeforeActualRun
WorkloadActual   1: 8192 op, 517404026.00 ns, 63.1597 us/op
WorkloadActual   2: 8192 op, 517816385.00 ns, 63.2100 us/op
WorkloadActual   3: 8192 op, 511480715.00 ns, 62.4366 us/op
WorkloadActual   4: 8192 op, 526384079.00 ns, 64.2559 us/op
WorkloadActual   5: 8192 op, 553731919.00 ns, 67.5942 us/op
WorkloadActual   6: 8192 op, 791910589.00 ns, 96.6688 us/op
WorkloadActual   7: 8192 op, 1083429864.00 ns, 132.2546 us/op
WorkloadActual   8: 8192 op, 566201203.00 ns, 69.1164 us/op
WorkloadActual   9: 8192 op, 516820790.00 ns, 63.0885 us/op
WorkloadActual  10: 8192 op, 506453792.00 ns, 61.8230 us/op
WorkloadActual  11: 8192 op, 507448607.00 ns, 61.9444 us/op
WorkloadActual  12: 8192 op, 505647600.00 ns, 61.7246 us/op
WorkloadActual  13: 8192 op, 507985706.00 ns, 62.0100 us/op
WorkloadActual  14: 8192 op, 509767558.00 ns, 62.2275 us/op
WorkloadActual  15: 8192 op, 510957686.00 ns, 62.3728 us/op
WorkloadActual  16: 8192 op, 523026995.00 ns, 63.8461 us/op
WorkloadActual  17: 8192 op, 516967874.00 ns, 63.1064 us/op

// AfterActualRun
WorkloadResult   1: 8192 op, 517381112.50 ns, 63.1569 us/op
WorkloadResult   2: 8192 op, 517793471.50 ns, 63.2072 us/op
WorkloadResult   3: 8192 op, 511457801.50 ns, 62.4338 us/op
WorkloadResult   4: 8192 op, 526361165.50 ns, 64.2531 us/op
WorkloadResult   5: 8192 op, 516797876.50 ns, 63.0857 us/op
WorkloadResult   6: 8192 op, 506430878.50 ns, 61.8202 us/op
WorkloadResult   7: 8192 op, 507425693.50 ns, 61.9416 us/op
WorkloadResult   8: 8192 op, 505624686.50 ns, 61.7218 us/op
WorkloadResult   9: 8192 op, 507962792.50 ns, 62.0072 us/op
WorkloadResult  10: 8192 op, 509744644.50 ns, 62.2247 us/op
WorkloadResult  11: 8192 op, 510934772.50 ns, 62.3700 us/op
WorkloadResult  12: 8192 op, 523004081.50 ns, 63.8433 us/op
WorkloadResult  13: 8192 op, 516944960.50 ns, 63.1036 us/op
// GC:  23 4 0 1157890048 8192
// Threading:  0 0 8192

// AfterAll
// Benchmark Process 1093125 has exited with code 0.

Mean = 62.705 μs, StdErr = 0.222 μs (0.35%), N = 13, StdDev = 0.800 μs
Min = 61.722 μs, Q1 = 62.007 μs, Median = 62.434 μs, Q3 = 63.157 μs, Max = 64.253 μs
IQR = 1.150 μs, LowerFence = 60.283 μs, UpperFence = 64.881 μs
ConfidenceInterval = [61.747 μs; 63.664 μs] (CI 99.9%), Margin = 0.959 μs (1.53% of Mean)
Skewness = 0.44, Kurtosis = 1.83, MValue = 2

// ** Remained 34 (68.0%) benchmark(s) to run. Estimated finish 2026-01-01 2:20 (0h 27m from now) **
// **************************
// Benchmark: Sorting.Sort_Original: DefaultJob [NumItems=1000, GraphType=Star]
// *** Execute ***
// Launch: 1 / 1
// Execute: dotnet NexusMods.Benchmarks-DefaultJob-1.dll --anonymousPipes 126 127 --benchmarkName "NexusMods.Benchmarks.Benchmarks.Sorting.Sort_Original(NumItems: 1000, GraphType: Star)" --job Default --benchmarkId 16 in /home/ryang/nexus-app/benchmarks/NexusMods.Benchmarks/bin/Release/net9.0/NexusMods.Benchmarks-DefaultJob-1/bin/Release/net9.0
// Failed to set up high priority (Permission denied). In order to run benchmarks with high priority, make sure you have the right permissions.
// BeforeAnythingElse

// Benchmark Process Environment Information:
// BenchmarkDotNet v0.15.2
// Runtime=.NET 9.0.11 (9.0.1125.51716), X64 RyuJIT AVX-512F+CD+BW+DQ+VL+VBMI
// GC=Concurrent Workstation
// HardwareIntrinsics=AVX-512F+CD+BW+DQ+VL+VBMI,AES,BMI1,BMI2,FMA,LZCNT,PCLMUL,POPCNT,AvxVnni VectorSize=256
// Job: DefaultJob

OverheadJitting  1: 1 op, 155588.00 ns, 155.5880 us/op
WorkloadJitting  1: 1 op, 16157465.00 ns, 16.1575 ms/op

OverheadJitting  2: 16 op, 368967.00 ns, 23.0604 us/op
WorkloadJitting  2: 16 op, 84690646.00 ns, 5.2932 ms/op

WorkloadPilot    1: 16 op, 80974492.00 ns, 5.0609 ms/op
WorkloadPilot    2: 32 op, 167314255.00 ns, 5.2286 ms/op
WorkloadPilot    3: 64 op, 204122839.00 ns, 3.1894 ms/op
WorkloadPilot    4: 128 op, 300529226.00 ns, 2.3479 ms/op
WorkloadPilot    5: 256 op, 589280582.00 ns, 2.3019 ms/op

OverheadWarmup   1: 256 op, 1964.00 ns, 7.6719 ns/op
OverheadWarmup   2: 256 op, 692.00 ns, 2.7031 ns/op
OverheadWarmup   3: 256 op, 581.00 ns, 2.2695 ns/op
OverheadWarmup   4: 256 op, 631.00 ns, 2.4648 ns/op
OverheadWarmup   5: 256 op, 571.00 ns, 2.2305 ns/op
OverheadWarmup   6: 256 op, 571.00 ns, 2.2305 ns/op
OverheadWarmup   7: 256 op, 551.00 ns, 2.1523 ns/op

OverheadActual   1: 256 op, 952.00 ns, 3.7188 ns/op
OverheadActual   2: 256 op, 982.00 ns, 3.8359 ns/op
OverheadActual   3: 256 op, 962.00 ns, 3.7578 ns/op
OverheadActual   4: 256 op, 1283.00 ns, 5.0117 ns/op
OverheadActual   5: 256 op, 922.00 ns, 3.6016 ns/op
OverheadActual   6: 256 op, 732.00 ns, 2.8594 ns/op
OverheadActual   7: 256 op, 581.00 ns, 2.2695 ns/op
OverheadActual   8: 256 op, 692.00 ns, 2.7031 ns/op
OverheadActual   9: 256 op, 561.00 ns, 2.1914 ns/op
OverheadActual  10: 256 op, 952.00 ns, 3.7188 ns/op
OverheadActual  11: 256 op, 592.00 ns, 2.3125 ns/op
OverheadActual  12: 256 op, 571.00 ns, 2.2305 ns/op
OverheadActual  13: 256 op, 642.00 ns, 2.5078 ns/op
OverheadActual  14: 256 op, 642.00 ns, 2.5078 ns/op
OverheadActual  15: 256 op, 541.00 ns, 2.1133 ns/op
OverheadActual  16: 256 op, 591.00 ns, 2.3086 ns/op
OverheadActual  17: 256 op, 561.00 ns, 2.1914 ns/op
OverheadActual  18: 256 op, 852.00 ns, 3.3281 ns/op
OverheadActual  19: 256 op, 701.00 ns, 2.7383 ns/op
OverheadActual  20: 256 op, 701.00 ns, 2.7383 ns/op

OverheadWarmup   1: 256 op, 1012.00 ns, 3.9531 ns/op
OverheadWarmup   2: 256 op, 1312.00 ns, 5.1250 ns/op
OverheadWarmup   3: 256 op, 1082.00 ns, 4.2266 ns/op
OverheadWarmup   4: 256 op, 752.00 ns, 2.9375 ns/op
OverheadWarmup   5: 256 op, 592.00 ns, 2.3125 ns/op
OverheadWarmup   6: 256 op, 641.00 ns, 2.5039 ns/op
OverheadWarmup   7: 256 op, 932.00 ns, 3.6406 ns/op
OverheadWarmup   8: 256 op, 1253.00 ns, 4.8945 ns/op
OverheadWarmup   9: 256 op, 1282.00 ns, 5.0078 ns/op
OverheadWarmup  10: 256 op, 601.00 ns, 2.3477 ns/op

// BeforeActualRun
WorkloadActual   1: 256 op, 580756713.00 ns, 2.2686 ms/op
WorkloadActual   2: 256 op, 590446646.00 ns, 2.3064 ms/op
WorkloadActual   3: 256 op, 575386422.00 ns, 2.2476 ms/op
WorkloadActual   4: 256 op, 581821673.00 ns, 2.2727 ms/op
WorkloadActual   5: 256 op, 611597441.00 ns, 2.3891 ms/op
WorkloadActual   6: 256 op, 671131835.00 ns, 2.6216 ms/op
WorkloadActual   7: 256 op, 580704354.00 ns, 2.2684 ms/op
WorkloadActual   8: 256 op, 574061967.00 ns, 2.2424 ms/op
WorkloadActual   9: 256 op, 587278802.00 ns, 2.2941 ms/op
WorkloadActual  10: 256 op, 591252050.00 ns, 2.3096 ms/op
WorkloadActual  11: 256 op, 579266743.00 ns, 2.2628 ms/op
WorkloadActual  12: 256 op, 575714413.00 ns, 2.2489 ms/op
WorkloadActual  13: 256 op, 575904537.00 ns, 2.2496 ms/op
WorkloadActual  14: 256 op, 580837431.00 ns, 2.2689 ms/op
WorkloadActual  15: 256 op, 602118435.00 ns, 2.3520 ms/op
WorkloadActual  16: 256 op, 678757477.00 ns, 2.6514 ms/op
WorkloadActual  17: 256 op, 594959538.00 ns, 2.3241 ms/op

// AfterActualRun
WorkloadResult   1: 256 op, 580756016.50 ns, 2.2686 ms/op
WorkloadResult   2: 256 op, 590445949.50 ns, 2.3064 ms/op
WorkloadResult   3: 256 op, 575385725.50 ns, 2.2476 ms/op
WorkloadResult   4: 256 op, 581820976.50 ns, 2.2727 ms/op
WorkloadResult   5: 256 op, 611596744.50 ns, 2.3890 ms/op
WorkloadResult   6: 256 op, 580703657.50 ns, 2.2684 ms/op
WorkloadResult   7: 256 op, 574061270.50 ns, 2.2424 ms/op
WorkloadResult   8: 256 op, 587278105.50 ns, 2.2941 ms/op
WorkloadResult   9: 256 op, 591251353.50 ns, 2.3096 ms/op
WorkloadResult  10: 256 op, 579266046.50 ns, 2.2628 ms/op
WorkloadResult  11: 256 op, 575713716.50 ns, 2.2489 ms/op
WorkloadResult  12: 256 op, 575903840.50 ns, 2.2496 ms/op
WorkloadResult  13: 256 op, 580836734.50 ns, 2.2689 ms/op
WorkloadResult  14: 256 op, 602117738.50 ns, 2.3520 ms/op
WorkloadResult  15: 256 op, 594958841.50 ns, 2.3241 ms/op
// GC:  1 0 0 58324176 256
// Threading:  3469 17 256

// AfterAll
// Benchmark Process 1093676 has exited with code 0.

Mean = 2.287 ms, StdErr = 0.011 ms (0.48%), N = 15, StdDev = 0.042 ms
Min = 2.242 ms, Q1 = 2.256 ms, Median = 2.269 ms, Q3 = 2.308 ms, Max = 2.389 ms
IQR = 0.052 ms, LowerFence = 2.178 ms, UpperFence = 2.386 ms
ConfidenceInterval = [2.242 ms; 2.332 ms] (CI 99.9%), Margin = 0.045 ms (1.98% of Mean)
Skewness = 0.98, Kurtosis = 2.89, MValue = 2

// ** Remained 33 (66.0%) benchmark(s) to run. Estimated finish 2026-01-01 2:18 (0h 25m from now) **
// **************************
// Benchmark: Sorting.Sort_Kahn: DefaultJob [NumItems=1000, GraphType=Star]
// *** Execute ***
// Launch: 1 / 1
// Execute: dotnet NexusMods.Benchmarks-DefaultJob-1.dll --anonymousPipes 126 127 --benchmarkName "NexusMods.Benchmarks.Benchmarks.Sorting.Sort_Kahn(NumItems: 1000, GraphType: Star)" --job Default --benchmarkId 17 in /home/ryang/nexus-app/benchmarks/NexusMods.Benchmarks/bin/Release/net9.0/NexusMods.Benchmarks-DefaultJob-1/bin/Release/net9.0
// Failed to set up high priority (Permission denied). In order to run benchmarks with high priority, make sure you have the right permissions.
// BeforeAnythingElse

// Benchmark Process Environment Information:
// BenchmarkDotNet v0.15.2
// Runtime=.NET 9.0.11 (9.0.1125.51716), X64 RyuJIT AVX-512F+CD+BW+DQ+VL+VBMI
// GC=Concurrent Workstation
// HardwareIntrinsics=AVX-512F+CD+BW+DQ+VL+VBMI,AES,BMI1,BMI2,FMA,LZCNT,PCLMUL,POPCNT,AvxVnni VectorSize=256
// Job: DefaultJob

OverheadJitting  1: 1 op, 153404.00 ns, 153.4040 us/op
WorkloadJitting  1: 1 op, 1629330.00 ns, 1.6293 ms/op

OverheadJitting  2: 16 op, 345592.00 ns, 21.5995 us/op
WorkloadJitting  2: 16 op, 6505765.00 ns, 406.6103 us/op

WorkloadPilot    1: 16 op, 1234363.00 ns, 77.1477 us/op
WorkloadPilot    2: 32 op, 2388503.00 ns, 74.6407 us/op
WorkloadPilot    3: 64 op, 4623632.00 ns, 72.2443 us/op
WorkloadPilot    4: 128 op, 8272017.00 ns, 64.6251 us/op
WorkloadPilot    5: 256 op, 16175549.00 ns, 63.1857 us/op
WorkloadPilot    6: 512 op, 30725146.00 ns, 60.0101 us/op
WorkloadPilot    7: 1024 op, 57519736.00 ns, 56.1716 us/op
WorkloadPilot    8: 2048 op, 113539471.00 ns, 55.4392 us/op
WorkloadPilot    9: 4096 op, 183706491.00 ns, 44.8502 us/op
WorkloadPilot   10: 8192 op, 371305797.00 ns, 45.3254 us/op
WorkloadPilot   11: 16384 op, 755313421.00 ns, 46.1007 us/op

OverheadWarmup   1: 16384 op, 33034.00 ns, 2.0162 ns/op
OverheadWarmup   2: 16384 op, 49916.00 ns, 3.0466 ns/op
OverheadWarmup   3: 16384 op, 51849.00 ns, 3.1646 ns/op
OverheadWarmup   4: 16384 op, 31781.00 ns, 1.9398 ns/op
OverheadWarmup   5: 16384 op, 32172.00 ns, 1.9636 ns/op
OverheadWarmup   6: 16384 op, 31811.00 ns, 1.9416 ns/op

OverheadActual   1: 16384 op, 32653.00 ns, 1.9930 ns/op
OverheadActual   2: 16384 op, 32142.00 ns, 1.9618 ns/op
OverheadActual   3: 16384 op, 32572.00 ns, 1.9880 ns/op
OverheadActual   4: 16384 op, 32161.00 ns, 1.9630 ns/op
OverheadActual   5: 16384 op, 32091.00 ns, 1.9587 ns/op
OverheadActual   6: 16384 op, 31861.00 ns, 1.9446 ns/op
OverheadActual   7: 16384 op, 32001.00 ns, 1.9532 ns/op
OverheadActual   8: 16384 op, 31821.00 ns, 1.9422 ns/op
OverheadActual   9: 16384 op, 31741.00 ns, 1.9373 ns/op
OverheadActual  10: 16384 op, 31751.00 ns, 1.9379 ns/op
OverheadActual  11: 16384 op, 31911.00 ns, 1.9477 ns/op
OverheadActual  12: 16384 op, 31721.00 ns, 1.9361 ns/op
OverheadActual  13: 16384 op, 36260.00 ns, 2.2131 ns/op
OverheadActual  14: 16384 op, 36460.00 ns, 2.2253 ns/op
OverheadActual  15: 16384 op, 32201.00 ns, 1.9654 ns/op

OverheadWarmup   1: 16384 op, 59233.00 ns, 3.6153 ns/op
OverheadWarmup   2: 16384 op, 31781.00 ns, 1.9398 ns/op
OverheadWarmup   3: 16384 op, 31801.00 ns, 1.9410 ns/op
OverheadWarmup   4: 16384 op, 32071.00 ns, 1.9575 ns/op
OverheadWarmup   5: 16384 op, 31831.00 ns, 1.9428 ns/op
OverheadWarmup   6: 16384 op, 31871.00 ns, 1.9453 ns/op
OverheadWarmup   7: 16384 op, 31841.00 ns, 1.9434 ns/op

// BeforeActualRun
WorkloadActual   1: 16384 op, 759607063.00 ns, 46.3627 us/op
WorkloadActual   2: 16384 op, 746755458.00 ns, 45.5783 us/op
WorkloadActual   3: 16384 op, 747452072.00 ns, 45.6209 us/op
WorkloadActual   4: 16384 op, 767578456.00 ns, 46.8493 us/op
WorkloadActual   5: 16384 op, 747657776.00 ns, 45.6334 us/op
WorkloadActual   6: 16384 op, 750132344.00 ns, 45.7844 us/op
WorkloadActual   7: 16384 op, 732052139.00 ns, 44.6809 us/op
WorkloadActual   8: 16384 op, 733492427.00 ns, 44.7688 us/op
WorkloadActual   9: 16384 op, 736236641.00 ns, 44.9363 us/op
WorkloadActual  10: 16384 op, 739711975.00 ns, 45.1484 us/op
WorkloadActual  11: 16384 op, 746015003.00 ns, 45.5331 us/op
WorkloadActual  12: 16384 op, 765872783.00 ns, 46.7452 us/op
WorkloadActual  13: 16384 op, 753286936.00 ns, 45.9770 us/op
WorkloadActual  14: 16384 op, 736136291.00 ns, 44.9302 us/op
WorkloadActual  15: 16384 op, 735891883.00 ns, 44.9153 us/op

// AfterActualRun
WorkloadResult   1: 16384 op, 759574972.00 ns, 46.3608 us/op
WorkloadResult   2: 16384 op, 746723367.00 ns, 45.5764 us/op
WorkloadResult   3: 16384 op, 747419981.00 ns, 45.6189 us/op
WorkloadResult   4: 16384 op, 767546365.00 ns, 46.8473 us/op
WorkloadResult   5: 16384 op, 747625685.00 ns, 45.6315 us/op
WorkloadResult   6: 16384 op, 750100253.00 ns, 45.7825 us/op
WorkloadResult   7: 16384 op, 732020048.00 ns, 44.6790 us/op
WorkloadResult   8: 16384 op, 733460336.00 ns, 44.7669 us/op
WorkloadResult   9: 16384 op, 736204550.00 ns, 44.9344 us/op
WorkloadResult  10: 16384 op, 739679884.00 ns, 45.1465 us/op
WorkloadResult  11: 16384 op, 745982912.00 ns, 45.5312 us/op
WorkloadResult  12: 16384 op, 765840692.00 ns, 46.7432 us/op
WorkloadResult  13: 16384 op, 753254845.00 ns, 45.9750 us/op
WorkloadResult  14: 16384 op, 736104200.00 ns, 44.9282 us/op
WorkloadResult  15: 16384 op, 735859792.00 ns, 44.9133 us/op
// GC:  38 7 0 1935409152 16384
// Threading:  0 0 16384

// AfterAll
// Benchmark Process 1093770 has exited with code 0.

Mean = 45.562 μs, StdErr = 0.179 μs (0.39%), N = 15, StdDev = 0.693 μs
Min = 44.679 μs, Q1 = 44.931 μs, Median = 45.576 μs, Q3 = 45.879 μs, Max = 46.847 μs
IQR = 0.947 μs, LowerFence = 43.510 μs, UpperFence = 47.300 μs
ConfidenceInterval = [44.822 μs; 46.303 μs] (CI 99.9%), Margin = 0.740 μs (1.62% of Mean)
Skewness = 0.47, Kurtosis = 1.93, MValue = 2

// ** Remained 32 (64.0%) benchmark(s) to run. Estimated finish 2026-01-01 2:17 (0h 23m from now) **
// **************************
// Benchmark: Sorting.Sort_Original: DefaultJob [NumItems=1000, GraphType=Independent]
// *** Execute ***
// Launch: 1 / 1
// Execute: dotnet NexusMods.Benchmarks-DefaultJob-1.dll --anonymousPipes 126 127 --benchmarkName "NexusMods.Benchmarks.Benchmarks.Sorting.Sort_Original(NumItems: 1000, GraphType: Independent)" --job Default --benchmarkId 18 in /home/ryang/nexus-app/benchmarks/NexusMods.Benchmarks/bin/Release/net9.0/NexusMods.Benchmarks-DefaultJob-1/bin/Release/net9.0
// Failed to set up high priority (Permission denied). In order to run benchmarks with high priority, make sure you have the right permissions.
// BeforeAnythingElse

// Benchmark Process Environment Information:
// BenchmarkDotNet v0.15.2
// Runtime=.NET 9.0.11 (9.0.1125.51716), X64 RyuJIT AVX-512F+CD+BW+DQ+VL+VBMI
// GC=Concurrent Workstation
// HardwareIntrinsics=AVX-512F+CD+BW+DQ+VL+VBMI,AES,BMI1,BMI2,FMA,LZCNT,PCLMUL,POPCNT,AvxVnni VectorSize=256
// Job: DefaultJob

OverheadJitting  1: 1 op, 161048.00 ns, 161.0480 us/op
WorkloadJitting  1: 1 op, 15996507.00 ns, 15.9965 ms/op

OverheadJitting  2: 16 op, 390778.00 ns, 24.4236 us/op
WorkloadJitting  2: 16 op, 84401735.00 ns, 5.2751 ms/op

WorkloadPilot    1: 16 op, 84634411.00 ns, 5.2897 ms/op
WorkloadPilot    2: 32 op, 166284437.00 ns, 5.1964 ms/op
WorkloadPilot    3: 64 op, 172014468.00 ns, 2.6877 ms/op
WorkloadPilot    4: 128 op, 188418685.00 ns, 1.4720 ms/op
WorkloadPilot    5: 256 op, 374669370.00 ns, 1.4636 ms/op
WorkloadPilot    6: 512 op, 724252639.00 ns, 1.4146 ms/op

OverheadWarmup   1: 512 op, 3216.00 ns, 6.2813 ns/op
OverheadWarmup   2: 512 op, 1933.00 ns, 3.7754 ns/op
OverheadWarmup   3: 512 op, 1773.00 ns, 3.4629 ns/op
OverheadWarmup   4: 512 op, 1754.00 ns, 3.4258 ns/op
OverheadWarmup   5: 512 op, 1783.00 ns, 3.4824 ns/op
OverheadWarmup   6: 512 op, 1753.00 ns, 3.4238 ns/op
OverheadWarmup   7: 512 op, 1512.00 ns, 2.9531 ns/op
OverheadWarmup   8: 512 op, 1132.00 ns, 2.2109 ns/op
OverheadWarmup   9: 512 op, 1182.00 ns, 2.3086 ns/op
OverheadWarmup  10: 512 op, 1052.00 ns, 2.0547 ns/op

OverheadActual   1: 512 op, 1403.00 ns, 2.7402 ns/op
OverheadActual   2: 512 op, 1482.00 ns, 2.8945 ns/op
OverheadActual   3: 512 op, 1463.00 ns, 2.8574 ns/op
OverheadActual   4: 512 op, 2115.00 ns, 4.1309 ns/op
OverheadActual   5: 512 op, 1422.00 ns, 2.7773 ns/op
OverheadActual   6: 512 op, 1322.00 ns, 2.5820 ns/op
OverheadActual   7: 512 op, 1503.00 ns, 2.9355 ns/op
OverheadActual   8: 512 op, 1122.00 ns, 2.1914 ns/op
OverheadActual   9: 512 op, 1112.00 ns, 2.1719 ns/op
OverheadActual  10: 512 op, 1112.00 ns, 2.1719 ns/op
OverheadActual  11: 512 op, 1143.00 ns, 2.2324 ns/op
OverheadActual  12: 512 op, 1082.00 ns, 2.1133 ns/op
OverheadActual  13: 512 op, 1102.00 ns, 2.1523 ns/op
OverheadActual  14: 512 op, 1243.00 ns, 2.4277 ns/op
OverheadActual  15: 512 op, 1093.00 ns, 2.1348 ns/op
OverheadActual  16: 512 op, 1432.00 ns, 2.7969 ns/op
OverheadActual  17: 512 op, 1252.00 ns, 2.4453 ns/op
OverheadActual  18: 512 op, 1373.00 ns, 2.6816 ns/op
OverheadActual  19: 512 op, 1183.00 ns, 2.3105 ns/op
OverheadActual  20: 512 op, 1092.00 ns, 2.1328 ns/op

OverheadWarmup   1: 512 op, 1393.00 ns, 2.7207 ns/op
OverheadWarmup   2: 512 op, 1142.00 ns, 2.2305 ns/op
OverheadWarmup   3: 512 op, 1263.00 ns, 2.4668 ns/op
OverheadWarmup   4: 512 op, 1323.00 ns, 2.5840 ns/op
OverheadWarmup   5: 512 op, 1823.00 ns, 3.5605 ns/op
OverheadWarmup   6: 512 op, 1142.00 ns, 2.2305 ns/op
OverheadWarmup   7: 512 op, 1153.00 ns, 2.2520 ns/op
OverheadWarmup   8: 512 op, 1103.00 ns, 2.1543 ns/op

// BeforeActualRun
WorkloadActual   1: 512 op, 782293976.00 ns, 1.5279 ms/op
WorkloadActual   2: 512 op, 820576351.00 ns, 1.6027 ms/op
WorkloadActual   3: 512 op, 729089341.00 ns, 1.4240 ms/op
WorkloadActual   4: 512 op, 726378462.00 ns, 1.4187 ms/op
WorkloadActual   5: 512 op, 723626363.00 ns, 1.4133 ms/op
WorkloadActual   6: 512 op, 734479452.00 ns, 1.4345 ms/op
WorkloadActual   7: 512 op, 726314550.00 ns, 1.4186 ms/op
WorkloadActual   8: 512 op, 731734978.00 ns, 1.4292 ms/op
WorkloadActual   9: 512 op, 768095214.00 ns, 1.5002 ms/op
WorkloadActual  10: 512 op, 818932497.00 ns, 1.5995 ms/op
WorkloadActual  11: 512 op, 734528619.00 ns, 1.4346 ms/op
WorkloadActual  12: 512 op, 720655407.00 ns, 1.4075 ms/op
WorkloadActual  13: 512 op, 732120639.00 ns, 1.4299 ms/op
WorkloadActual  14: 512 op, 748004330.00 ns, 1.4609 ms/op
WorkloadActual  15: 512 op, 724744397.00 ns, 1.4155 ms/op
WorkloadActual  16: 512 op, 734770484.00 ns, 1.4351 ms/op
WorkloadActual  17: 512 op, 778750368.00 ns, 1.5210 ms/op
WorkloadActual  18: 512 op, 827152839.00 ns, 1.6155 ms/op
WorkloadActual  19: 512 op, 720974320.00 ns, 1.4082 ms/op
WorkloadActual  20: 512 op, 746232110.00 ns, 1.4575 ms/op
WorkloadActual  21: 512 op, 737534758.00 ns, 1.4405 ms/op
WorkloadActual  22: 512 op, 713508056.00 ns, 1.3936 ms/op
WorkloadActual  23: 512 op, 718608802.00 ns, 1.4035 ms/op
WorkloadActual  24: 512 op, 723657970.00 ns, 1.4134 ms/op
WorkloadActual  25: 512 op, 757520994.00 ns, 1.4795 ms/op
WorkloadActual  26: 512 op, 820809577.00 ns, 1.6031 ms/op
WorkloadActual  27: 512 op, 723043825.00 ns, 1.4122 ms/op
WorkloadActual  28: 512 op, 737933603.00 ns, 1.4413 ms/op
WorkloadActual  29: 512 op, 719097921.00 ns, 1.4045 ms/op

// AfterActualRun
WorkloadResult   1: 512 op, 782292728.50 ns, 1.5279 ms/op
WorkloadResult   2: 512 op, 729088093.50 ns, 1.4240 ms/op
WorkloadResult   3: 512 op, 726377214.50 ns, 1.4187 ms/op
WorkloadResult   4: 512 op, 723625115.50 ns, 1.4133 ms/op
WorkloadResult   5: 512 op, 734478204.50 ns, 1.4345 ms/op
WorkloadResult   6: 512 op, 726313302.50 ns, 1.4186 ms/op
WorkloadResult   7: 512 op, 731733730.50 ns, 1.4292 ms/op
WorkloadResult   8: 512 op, 768093966.50 ns, 1.5002 ms/op
WorkloadResult   9: 512 op, 734527371.50 ns, 1.4346 ms/op
WorkloadResult  10: 512 op, 720654159.50 ns, 1.4075 ms/op
WorkloadResult  11: 512 op, 732119391.50 ns, 1.4299 ms/op
WorkloadResult  12: 512 op, 748003082.50 ns, 1.4609 ms/op
WorkloadResult  13: 512 op, 724743149.50 ns, 1.4155 ms/op
WorkloadResult  14: 512 op, 734769236.50 ns, 1.4351 ms/op
WorkloadResult  15: 512 op, 778749120.50 ns, 1.5210 ms/op
WorkloadResult  16: 512 op, 720973072.50 ns, 1.4082 ms/op
WorkloadResult  17: 512 op, 746230862.50 ns, 1.4575 ms/op
WorkloadResult  18: 512 op, 737533510.50 ns, 1.4405 ms/op
WorkloadResult  19: 512 op, 713506808.50 ns, 1.3936 ms/op
WorkloadResult  20: 512 op, 718607554.50 ns, 1.4035 ms/op
WorkloadResult  21: 512 op, 723656722.50 ns, 1.4134 ms/op
WorkloadResult  22: 512 op, 757519746.50 ns, 1.4795 ms/op
WorkloadResult  23: 512 op, 723042577.50 ns, 1.4122 ms/op
WorkloadResult  24: 512 op, 737932355.50 ns, 1.4413 ms/op
WorkloadResult  25: 512 op, 719096673.50 ns, 1.4045 ms/op
// GC:  2 0 0 100127912 512
// Threading:  6460 21 512

// AfterAll
// Benchmark Process 1093831 has exited with code 0.

Mean = 1.437 ms, StdErr = 0.007 ms (0.50%), N = 25, StdDev = 0.036 ms
Min = 1.394 ms, Q1 = 1.413 ms, Median = 1.429 ms, Q3 = 1.441 ms, Max = 1.528 ms
IQR = 0.028 ms, LowerFence = 1.371 ms, UpperFence = 1.483 ms
ConfidenceInterval = [1.410 ms; 1.464 ms] (CI 99.9%), Margin = 0.027 ms (1.88% of Mean)
Skewness = 1.22, Kurtosis = 3.5, MValue = 2

// ** Remained 31 (62.0%) benchmark(s) to run. Estimated finish 2026-01-01 2:16 (0h 22m from now) **
// **************************
// Benchmark: Sorting.Sort_Kahn: DefaultJob [NumItems=1000, GraphType=Independent]
// *** Execute ***
// Launch: 1 / 1
// Execute: dotnet NexusMods.Benchmarks-DefaultJob-1.dll --anonymousPipes 126 127 --benchmarkName "NexusMods.Benchmarks.Benchmarks.Sorting.Sort_Kahn(NumItems: 1000, GraphType: Independent)" --job Default --benchmarkId 19 in /home/ryang/nexus-app/benchmarks/NexusMods.Benchmarks/bin/Release/net9.0/NexusMods.Benchmarks-DefaultJob-1/bin/Release/net9.0
// Failed to set up high priority (Permission denied). In order to run benchmarks with high priority, make sure you have the right permissions.
// BeforeAnythingElse

// Benchmark Process Environment Information:
// BenchmarkDotNet v0.15.2
// Runtime=.NET 9.0.11 (9.0.1125.51716), X64 RyuJIT AVX-512F+CD+BW+DQ+VL+VBMI
// GC=Concurrent Workstation
// HardwareIntrinsics=AVX-512F+CD+BW+DQ+VL+VBMI,AES,BMI1,BMI2,FMA,LZCNT,PCLMUL,POPCNT,AvxVnni VectorSize=256
// Job: DefaultJob

OverheadJitting  1: 1 op, 154296.00 ns, 154.2960 us/op
WorkloadJitting  1: 1 op, 1582500.00 ns, 1.5825 ms/op

OverheadJitting  2: 16 op, 340793.00 ns, 21.2996 us/op
WorkloadJitting  2: 16 op, 5937959.00 ns, 371.1224 us/op

WorkloadPilot    1: 16 op, 786406.00 ns, 49.1504 us/op
WorkloadPilot    2: 32 op, 1212241.00 ns, 37.8825 us/op
WorkloadPilot    3: 64 op, 3387075.00 ns, 52.9230 us/op
WorkloadPilot    4: 128 op, 7649445.00 ns, 59.7613 us/op
WorkloadPilot    5: 256 op, 10416744.00 ns, 40.6904 us/op
WorkloadPilot    6: 512 op, 19557535.00 ns, 38.1983 us/op
WorkloadPilot    7: 1024 op, 32679358.00 ns, 31.9134 us/op
WorkloadPilot    8: 2048 op, 70781609.00 ns, 34.5613 us/op
WorkloadPilot    9: 4096 op, 108156448.00 ns, 26.4054 us/op
WorkloadPilot   10: 8192 op, 191904743.00 ns, 23.4259 us/op
WorkloadPilot   11: 16384 op, 389625130.00 ns, 23.7808 us/op
WorkloadPilot   12: 32768 op, 779029007.00 ns, 23.7741 us/op

OverheadWarmup   1: 32768 op, 65014.00 ns, 1.9841 ns/op
OverheadWarmup   2: 32768 op, 63672.00 ns, 1.9431 ns/op
OverheadWarmup   3: 32768 op, 63662.00 ns, 1.9428 ns/op
OverheadWarmup   4: 32768 op, 63492.00 ns, 1.9376 ns/op
OverheadWarmup   5: 32768 op, 63632.00 ns, 1.9419 ns/op
OverheadWarmup   6: 32768 op, 63461.00 ns, 1.9367 ns/op
OverheadWarmup   7: 32768 op, 65786.00 ns, 2.0076 ns/op
OverheadWarmup   8: 32768 op, 63331.00 ns, 1.9327 ns/op

OverheadActual   1: 32768 op, 64173.00 ns, 1.9584 ns/op
OverheadActual   2: 32768 op, 63371.00 ns, 1.9339 ns/op
OverheadActual   3: 32768 op, 64163.00 ns, 1.9581 ns/op
OverheadActual   4: 32768 op, 63191.00 ns, 1.9284 ns/op
OverheadActual   5: 32768 op, 78811.00 ns, 2.4051 ns/op
OverheadActual   6: 32768 op, 65506.00 ns, 1.9991 ns/op
OverheadActual   7: 32768 op, 74132.00 ns, 2.2623 ns/op
OverheadActual   8: 32768 op, 63372.00 ns, 1.9340 ns/op
OverheadActual   9: 32768 op, 63492.00 ns, 1.9376 ns/op
OverheadActual  10: 32768 op, 63351.00 ns, 1.9333 ns/op
OverheadActual  11: 32768 op, 63451.00 ns, 1.9364 ns/op
OverheadActual  12: 32768 op, 63442.00 ns, 1.9361 ns/op
OverheadActual  13: 32768 op, 72509.00 ns, 2.2128 ns/op
OverheadActual  14: 32768 op, 63391.00 ns, 1.9345 ns/op
OverheadActual  15: 32768 op, 63442.00 ns, 1.9361 ns/op

OverheadWarmup   1: 32768 op, 67359.00 ns, 2.0556 ns/op
OverheadWarmup   2: 32768 op, 63632.00 ns, 1.9419 ns/op
OverheadWarmup   3: 32768 op, 71406.00 ns, 2.1791 ns/op
OverheadWarmup   4: 32768 op, 63631.00 ns, 1.9419 ns/op
OverheadWarmup   5: 32768 op, 63431.00 ns, 1.9358 ns/op
OverheadWarmup   6: 32768 op, 63512.00 ns, 1.9382 ns/op
OverheadWarmup   7: 32768 op, 63482.00 ns, 1.9373 ns/op

// BeforeActualRun
WorkloadActual   1: 32768 op, 793956186.00 ns, 24.2296 us/op
WorkloadActual   2: 32768 op, 806028230.00 ns, 24.5980 us/op
WorkloadActual   3: 32768 op, 785790223.00 ns, 23.9804 us/op
WorkloadActual   4: 32768 op, 792300748.00 ns, 24.1791 us/op
WorkloadActual   5: 32768 op, 785566395.00 ns, 23.9736 us/op
WorkloadActual   6: 32768 op, 781069636.00 ns, 23.8364 us/op
WorkloadActual   7: 32768 op, 772407321.00 ns, 23.5720 us/op
WorkloadActual   8: 32768 op, 786073467.00 ns, 23.9891 us/op
WorkloadActual   9: 32768 op, 844973518.00 ns, 25.7865 us/op
WorkloadActual  10: 32768 op, 800216546.00 ns, 24.4207 us/op
WorkloadActual  11: 32768 op, 797465008.00 ns, 24.3367 us/op
WorkloadActual  12: 32768 op, 796030843.00 ns, 24.2929 us/op
WorkloadActual  13: 32768 op, 781208134.00 ns, 23.8406 us/op
WorkloadActual  14: 32768 op, 786485077.00 ns, 24.0016 us/op
WorkloadActual  15: 32768 op, 766909698.00 ns, 23.4042 us/op

// AfterActualRun
WorkloadResult   1: 32768 op, 793892735.00 ns, 24.2277 us/op
WorkloadResult   2: 32768 op, 805964779.00 ns, 24.5961 us/op
WorkloadResult   3: 32768 op, 785726772.00 ns, 23.9785 us/op
WorkloadResult   4: 32768 op, 792237297.00 ns, 24.1772 us/op
WorkloadResult   5: 32768 op, 785502944.00 ns, 23.9716 us/op
WorkloadResult   6: 32768 op, 781006185.00 ns, 23.8344 us/op
WorkloadResult   7: 32768 op, 772343870.00 ns, 23.5701 us/op
WorkloadResult   8: 32768 op, 786010016.00 ns, 23.9871 us/op
WorkloadResult   9: 32768 op, 800153095.00 ns, 24.4187 us/op
WorkloadResult  10: 32768 op, 797401557.00 ns, 24.3348 us/op
WorkloadResult  11: 32768 op, 795967392.00 ns, 24.2910 us/op
WorkloadResult  12: 32768 op, 781144683.00 ns, 23.8386 us/op
WorkloadResult  13: 32768 op, 786421626.00 ns, 23.9997 us/op
WorkloadResult  14: 32768 op, 766846247.00 ns, 23.4023 us/op
// GC:  71 14 0 3595829248 32768
// Threading:  0 0 32768

// AfterAll
// Benchmark Process 1093985 has exited with code 0.

Mean = 24.045 μs, StdErr = 0.087 μs (0.36%), N = 14, StdDev = 0.326 μs
Min = 23.402 μs, Q1 = 23.872 μs, Median = 23.993 μs, Q3 = 24.275 μs, Max = 24.596 μs
IQR = 0.403 μs, LowerFence = 23.267 μs, UpperFence = 24.880 μs
ConfidenceInterval = [23.677 μs; 24.412 μs] (CI 99.9%), Margin = 0.367 μs (1.53% of Mean)
Skewness = -0.26, Kurtosis = 2.21, MValue = 2

// ** Remained 30 (60.0%) benchmark(s) to run. Estimated finish 2026-01-01 2:15 (0h 20m from now) **
// **************************
// Benchmark: Sorting.Sort_Original: DefaultJob [NumItems=2000, GraphType=Complex]
// *** Execute ***
// Launch: 1 / 1
// Execute: dotnet NexusMods.Benchmarks-DefaultJob-1.dll --anonymousPipes 126 127 --benchmarkName "NexusMods.Benchmarks.Benchmarks.Sorting.Sort_Original(NumItems: 2000, GraphType: Complex)" --job Default --benchmarkId 20 in /home/ryang/nexus-app/benchmarks/NexusMods.Benchmarks/bin/Release/net9.0/NexusMods.Benchmarks-DefaultJob-1/bin/Release/net9.0
// Failed to set up high priority (Permission denied). In order to run benchmarks with high priority, make sure you have the right permissions.
// BeforeAnythingElse

// Benchmark Process Environment Information:
// BenchmarkDotNet v0.15.2
// Runtime=.NET 9.0.11 (9.0.1125.51716), X64 RyuJIT AVX-512F+CD+BW+DQ+VL+VBMI
// GC=Concurrent Workstation
// HardwareIntrinsics=AVX-512F+CD+BW+DQ+VL+VBMI,AES,BMI1,BMI2,FMA,LZCNT,PCLMUL,POPCNT,AvxVnni VectorSize=256
// Job: DefaultJob

OverheadJitting  1: 1 op, 167781.00 ns, 167.7810 us/op
WorkloadJitting  1: 1 op, 52745117.00 ns, 52.7451 ms/op

WorkloadPilot    1: 2 op, 82603714.00 ns, 41.3019 ms/op
WorkloadPilot    2: 3 op, 119701062.00 ns, 39.9004 ms/op
WorkloadPilot    3: 4 op, 156801405.00 ns, 39.2004 ms/op
WorkloadPilot    4: 5 op, 197811033.00 ns, 39.5622 ms/op
WorkloadPilot    5: 6 op, 189617154.00 ns, 31.6029 ms/op
WorkloadPilot    6: 7 op, 211340748.00 ns, 30.1915 ms/op
WorkloadPilot    7: 8 op, 240995875.00 ns, 30.1245 ms/op
WorkloadPilot    8: 9 op, 271149288.00 ns, 30.1277 ms/op
WorkloadPilot    9: 10 op, 304875049.00 ns, 30.4875 ms/op
WorkloadPilot   10: 11 op, 322976167.00 ns, 29.3615 ms/op
WorkloadPilot   11: 12 op, 362367456.00 ns, 30.1973 ms/op
WorkloadPilot   12: 13 op, 398819488.00 ns, 30.6784 ms/op
WorkloadPilot   13: 14 op, 449202983.00 ns, 32.0859 ms/op
WorkloadPilot   14: 15 op, 464892803.00 ns, 30.9929 ms/op
WorkloadPilot   15: 16 op, 488751434.00 ns, 30.5470 ms/op
WorkloadPilot   16: 32 op, 977050311.00 ns, 30.5328 ms/op

OverheadWarmup   1: 32 op, 1723.00 ns, 53.8438 ns/op
OverheadWarmup   2: 32 op, 441.00 ns, 13.7813 ns/op
OverheadWarmup   3: 32 op, 300.00 ns, 9.3750 ns/op
OverheadWarmup   4: 32 op, 241.00 ns, 7.5313 ns/op
OverheadWarmup   5: 32 op, 301.00 ns, 9.4063 ns/op
OverheadWarmup   6: 32 op, 371.00 ns, 11.5938 ns/op
OverheadWarmup   7: 32 op, 300.00 ns, 9.3750 ns/op
OverheadWarmup   8: 32 op, 230.00 ns, 7.1875 ns/op
OverheadWarmup   9: 32 op, 261.00 ns, 8.1563 ns/op
OverheadWarmup  10: 32 op, 180.00 ns, 5.6250 ns/op

// BeforeActualRun
WorkloadActual   1: 32 op, 1044139642.00 ns, 32.6294 ms/op
WorkloadActual   2: 32 op, 984900823.00 ns, 30.7782 ms/op
WorkloadActual   3: 32 op, 986811461.00 ns, 30.8379 ms/op
WorkloadActual   4: 32 op, 985056722.00 ns, 30.7830 ms/op
WorkloadActual   5: 32 op, 1000682611.00 ns, 31.2713 ms/op
WorkloadActual   6: 32 op, 992455139.00 ns, 31.0142 ms/op
WorkloadActual   7: 32 op, 1036530137.00 ns, 32.3916 ms/op
WorkloadActual   8: 32 op, 991277735.00 ns, 30.9774 ms/op
WorkloadActual   9: 32 op, 988507493.00 ns, 30.8909 ms/op
WorkloadActual  10: 32 op, 987391146.00 ns, 30.8560 ms/op
WorkloadActual  11: 32 op, 1012657432.00 ns, 31.6455 ms/op
WorkloadActual  12: 32 op, 1022788950.00 ns, 31.9622 ms/op
WorkloadActual  13: 32 op, 1055010514.00 ns, 32.9691 ms/op
WorkloadActual  14: 32 op, 1006648168.00 ns, 31.4578 ms/op
WorkloadActual  15: 32 op, 1021118454.00 ns, 31.9100 ms/op
WorkloadActual  16: 32 op, 1057981865.00 ns, 33.0619 ms/op
WorkloadActual  17: 32 op, 994261043.00 ns, 31.0707 ms/op
WorkloadActual  18: 32 op, 1024531360.00 ns, 32.0166 ms/op
WorkloadActual  19: 32 op, 1089450276.00 ns, 34.0453 ms/op
WorkloadActual  20: 32 op, 1238107952.00 ns, 38.6909 ms/op
WorkloadActual  21: 32 op, 1248280250.00 ns, 39.0088 ms/op
WorkloadActual  22: 32 op, 1214752467.00 ns, 37.9610 ms/op
WorkloadActual  23: 32 op, 1230903882.00 ns, 38.4657 ms/op
WorkloadActual  24: 32 op, 1301117506.00 ns, 40.6599 ms/op
WorkloadActual  25: 32 op, 1235119234.00 ns, 38.5975 ms/op
WorkloadActual  26: 32 op, 1254892103.00 ns, 39.2154 ms/op
WorkloadActual  27: 32 op, 1236082230.00 ns, 38.6276 ms/op
WorkloadActual  28: 32 op, 1219786771.00 ns, 38.1183 ms/op
WorkloadActual  29: 32 op, 1305135633.00 ns, 40.7855 ms/op
WorkloadActual  30: 32 op, 1229216687.00 ns, 38.4130 ms/op
WorkloadActual  31: 32 op, 1218631542.00 ns, 38.0822 ms/op
WorkloadActual  32: 32 op, 1251094848.00 ns, 39.0967 ms/op
WorkloadActual  33: 32 op, 1277534932.00 ns, 39.9230 ms/op
WorkloadActual  34: 32 op, 1236397329.00 ns, 38.6374 ms/op
WorkloadActual  35: 32 op, 1236934909.00 ns, 38.6542 ms/op
WorkloadActual  36: 32 op, 1242546294.00 ns, 38.8296 ms/op
WorkloadActual  37: 32 op, 1219823489.00 ns, 38.1195 ms/op
WorkloadActual  38: 32 op, 1291340159.00 ns, 40.3544 ms/op
WorkloadActual  39: 32 op, 1227688890.00 ns, 38.3653 ms/op
WorkloadActual  40: 32 op, 1270039127.00 ns, 39.6887 ms/op
WorkloadActual  41: 32 op, 1284755814.00 ns, 40.1486 ms/op
WorkloadActual  42: 32 op, 1216520950.00 ns, 38.0163 ms/op
WorkloadActual  43: 32 op, 1302424927.00 ns, 40.7008 ms/op
WorkloadActual  44: 32 op, 1206275024.00 ns, 37.6961 ms/op
WorkloadActual  45: 32 op, 1241416720.00 ns, 38.7943 ms/op
WorkloadActual  46: 32 op, 1236805582.00 ns, 38.6502 ms/op
WorkloadActual  47: 32 op, 1219685284.00 ns, 38.1152 ms/op
WorkloadActual  48: 32 op, 1279597355.00 ns, 39.9874 ms/op
WorkloadActual  49: 32 op, 1225820030.00 ns, 38.3069 ms/op
WorkloadActual  50: 32 op, 1235540964.00 ns, 38.6107 ms/op
WorkloadActual  51: 32 op, 1216447277.00 ns, 38.0140 ms/op
WorkloadActual  52: 32 op, 1264123842.00 ns, 39.5039 ms/op
WorkloadActual  53: 32 op, 1274944921.00 ns, 39.8420 ms/op
WorkloadActual  54: 32 op, 1232320080.00 ns, 38.5100 ms/op
WorkloadActual  55: 32 op, 1218058865.00 ns, 38.0643 ms/op
WorkloadActual  56: 32 op, 1207159878.00 ns, 37.7237 ms/op
WorkloadActual  57: 32 op, 1301549974.00 ns, 40.6734 ms/op
WorkloadActual  58: 32 op, 1256371564.00 ns, 39.2616 ms/op
WorkloadActual  59: 32 op, 1224366906.00 ns, 38.2615 ms/op
WorkloadActual  60: 32 op, 1223278703.00 ns, 38.2275 ms/op
WorkloadActual  61: 32 op, 1228958559.00 ns, 38.4050 ms/op
WorkloadActual  62: 32 op, 1301148699.00 ns, 40.6609 ms/op
WorkloadActual  63: 32 op, 1233526266.00 ns, 38.5477 ms/op
WorkloadActual  64: 32 op, 1231968114.00 ns, 38.4990 ms/op
WorkloadActual  65: 32 op, 1282554281.00 ns, 40.0798 ms/op
WorkloadActual  66: 32 op, 1226001543.00 ns, 38.3125 ms/op
WorkloadActual  67: 32 op, 1294104136.00 ns, 40.4408 ms/op
WorkloadActual  68: 32 op, 1224274707.00 ns, 38.2586 ms/op
WorkloadActual  69: 32 op, 1239712336.00 ns, 38.7410 ms/op
WorkloadActual  70: 32 op, 1247543511.00 ns, 38.9857 ms/op
WorkloadActual  71: 32 op, 1244955206.00 ns, 38.9049 ms/op
WorkloadActual  72: 32 op, 1274757187.00 ns, 39.8362 ms/op
WorkloadActual  73: 32 op, 1227517400.00 ns, 38.3599 ms/op
WorkloadActual  74: 32 op, 1223127906.00 ns, 38.2227 ms/op
WorkloadActual  75: 32 op, 1244671265.00 ns, 38.8960 ms/op
WorkloadActual  76: 32 op, 1273713302.00 ns, 39.8035 ms/op
WorkloadActual  77: 32 op, 1276932556.00 ns, 39.9041 ms/op
WorkloadActual  78: 32 op, 1244006324.00 ns, 38.8752 ms/op
WorkloadActual  79: 32 op, 1206136958.00 ns, 37.6918 ms/op
WorkloadActual  80: 32 op, 1219306985.00 ns, 38.1033 ms/op
WorkloadActual  81: 32 op, 1251785511.00 ns, 39.1183 ms/op
WorkloadActual  82: 32 op, 1248806348.00 ns, 39.0252 ms/op
WorkloadActual  83: 32 op, 1205724671.00 ns, 37.6789 ms/op
WorkloadActual  84: 32 op, 1237989259.00 ns, 38.6872 ms/op
WorkloadActual  85: 32 op, 1230450785.00 ns, 38.4516 ms/op
WorkloadActual  86: 32 op, 1314351008.00 ns, 41.0735 ms/op
WorkloadActual  87: 32 op, 1212934970.00 ns, 37.9042 ms/op
WorkloadActual  88: 32 op, 1218598203.00 ns, 38.0812 ms/op
WorkloadActual  89: 32 op, 1281646121.00 ns, 40.0514 ms/op
WorkloadActual  90: 32 op, 1221006947.00 ns, 38.1565 ms/op
WorkloadActual  91: 32 op, 1307373171.00 ns, 40.8554 ms/op
WorkloadActual  92: 32 op, 1220211455.00 ns, 38.1316 ms/op
WorkloadActual  93: 32 op, 1246213852.00 ns, 38.9442 ms/op
WorkloadActual  94: 32 op, 1230690451.00 ns, 38.4591 ms/op
WorkloadActual  95: 32 op, 1232320543.00 ns, 38.5100 ms/op
WorkloadActual  96: 32 op, 1298579258.00 ns, 40.5806 ms/op
WorkloadActual  97: 32 op, 1229291024.00 ns, 38.4153 ms/op
WorkloadActual  98: 32 op, 1218370074.00 ns, 38.0741 ms/op
WorkloadActual  99: 32 op, 1239592329.00 ns, 38.7373 ms/op
WorkloadActual  100: 32 op, 1237042357.00 ns, 38.6576 ms/op

// AfterActualRun
WorkloadResult   1: 32 op, 1044139642.00 ns, 32.6294 ms/op
WorkloadResult   2: 32 op, 984900823.00 ns, 30.7782 ms/op
WorkloadResult   3: 32 op, 986811461.00 ns, 30.8379 ms/op
WorkloadResult   4: 32 op, 985056722.00 ns, 30.7830 ms/op
WorkloadResult   5: 32 op, 1000682611.00 ns, 31.2713 ms/op
WorkloadResult   6: 32 op, 992455139.00 ns, 31.0142 ms/op
WorkloadResult   7: 32 op, 1036530137.00 ns, 32.3916 ms/op
WorkloadResult   8: 32 op, 991277735.00 ns, 30.9774 ms/op
WorkloadResult   9: 32 op, 988507493.00 ns, 30.8909 ms/op
WorkloadResult  10: 32 op, 987391146.00 ns, 30.8560 ms/op
WorkloadResult  11: 32 op, 1012657432.00 ns, 31.6455 ms/op
WorkloadResult  12: 32 op, 1022788950.00 ns, 31.9622 ms/op
WorkloadResult  13: 32 op, 1055010514.00 ns, 32.9691 ms/op
WorkloadResult  14: 32 op, 1006648168.00 ns, 31.4578 ms/op
WorkloadResult  15: 32 op, 1021118454.00 ns, 31.9100 ms/op
WorkloadResult  16: 32 op, 1057981865.00 ns, 33.0619 ms/op
WorkloadResult  17: 32 op, 994261043.00 ns, 31.0707 ms/op
WorkloadResult  18: 32 op, 1024531360.00 ns, 32.0166 ms/op
WorkloadResult  19: 32 op, 1089450276.00 ns, 34.0453 ms/op
WorkloadResult  20: 32 op, 1238107952.00 ns, 38.6909 ms/op
WorkloadResult  21: 32 op, 1248280250.00 ns, 39.0088 ms/op
WorkloadResult  22: 32 op, 1214752467.00 ns, 37.9610 ms/op
WorkloadResult  23: 32 op, 1230903882.00 ns, 38.4657 ms/op
WorkloadResult  24: 32 op, 1235119234.00 ns, 38.5975 ms/op
WorkloadResult  25: 32 op, 1254892103.00 ns, 39.2154 ms/op
WorkloadResult  26: 32 op, 1236082230.00 ns, 38.6276 ms/op
WorkloadResult  27: 32 op, 1219786771.00 ns, 38.1183 ms/op
WorkloadResult  28: 32 op, 1229216687.00 ns, 38.4130 ms/op
WorkloadResult  29: 32 op, 1218631542.00 ns, 38.0822 ms/op
WorkloadResult  30: 32 op, 1251094848.00 ns, 39.0967 ms/op
WorkloadResult  31: 32 op, 1277534932.00 ns, 39.9230 ms/op
WorkloadResult  32: 32 op, 1236397329.00 ns, 38.6374 ms/op
WorkloadResult  33: 32 op, 1236934909.00 ns, 38.6542 ms/op
WorkloadResult  34: 32 op, 1242546294.00 ns, 38.8296 ms/op
WorkloadResult  35: 32 op, 1219823489.00 ns, 38.1195 ms/op
WorkloadResult  36: 32 op, 1291340159.00 ns, 40.3544 ms/op
WorkloadResult  37: 32 op, 1227688890.00 ns, 38.3653 ms/op
WorkloadResult  38: 32 op, 1270039127.00 ns, 39.6887 ms/op
WorkloadResult  39: 32 op, 1284755814.00 ns, 40.1486 ms/op
WorkloadResult  40: 32 op, 1216520950.00 ns, 38.0163 ms/op
WorkloadResult  41: 32 op, 1206275024.00 ns, 37.6961 ms/op
WorkloadResult  42: 32 op, 1241416720.00 ns, 38.7943 ms/op
WorkloadResult  43: 32 op, 1236805582.00 ns, 38.6502 ms/op
WorkloadResult  44: 32 op, 1219685284.00 ns, 38.1152 ms/op
WorkloadResult  45: 32 op, 1279597355.00 ns, 39.9874 ms/op
WorkloadResult  46: 32 op, 1225820030.00 ns, 38.3069 ms/op
WorkloadResult  47: 32 op, 1235540964.00 ns, 38.6107 ms/op
WorkloadResult  48: 32 op, 1216447277.00 ns, 38.0140 ms/op
WorkloadResult  49: 32 op, 1264123842.00 ns, 39.5039 ms/op
WorkloadResult  50: 32 op, 1274944921.00 ns, 39.8420 ms/op
WorkloadResult  51: 32 op, 1232320080.00 ns, 38.5100 ms/op
WorkloadResult  52: 32 op, 1218058865.00 ns, 38.0643 ms/op
WorkloadResult  53: 32 op, 1207159878.00 ns, 37.7237 ms/op
WorkloadResult  54: 32 op, 1256371564.00 ns, 39.2616 ms/op
WorkloadResult  55: 32 op, 1224366906.00 ns, 38.2615 ms/op
WorkloadResult  56: 32 op, 1223278703.00 ns, 38.2275 ms/op
WorkloadResult  57: 32 op, 1228958559.00 ns, 38.4050 ms/op
WorkloadResult  58: 32 op, 1233526266.00 ns, 38.5477 ms/op
WorkloadResult  59: 32 op, 1231968114.00 ns, 38.4990 ms/op
WorkloadResult  60: 32 op, 1282554281.00 ns, 40.0798 ms/op
WorkloadResult  61: 32 op, 1226001543.00 ns, 38.3125 ms/op
WorkloadResult  62: 32 op, 1294104136.00 ns, 40.4408 ms/op
WorkloadResult  63: 32 op, 1224274707.00 ns, 38.2586 ms/op
WorkloadResult  64: 32 op, 1239712336.00 ns, 38.7410 ms/op
WorkloadResult  65: 32 op, 1247543511.00 ns, 38.9857 ms/op
WorkloadResult  66: 32 op, 1244955206.00 ns, 38.9049 ms/op
WorkloadResult  67: 32 op, 1274757187.00 ns, 39.8362 ms/op
WorkloadResult  68: 32 op, 1227517400.00 ns, 38.3599 ms/op
WorkloadResult  69: 32 op, 1223127906.00 ns, 38.2227 ms/op
WorkloadResult  70: 32 op, 1244671265.00 ns, 38.8960 ms/op
WorkloadResult  71: 32 op, 1273713302.00 ns, 39.8035 ms/op
WorkloadResult  72: 32 op, 1276932556.00 ns, 39.9041 ms/op
WorkloadResult  73: 32 op, 1244006324.00 ns, 38.8752 ms/op
WorkloadResult  74: 32 op, 1206136958.00 ns, 37.6918 ms/op
WorkloadResult  75: 32 op, 1219306985.00 ns, 38.1033 ms/op
WorkloadResult  76: 32 op, 1251785511.00 ns, 39.1183 ms/op
WorkloadResult  77: 32 op, 1248806348.00 ns, 39.0252 ms/op
WorkloadResult  78: 32 op, 1205724671.00 ns, 37.6789 ms/op
WorkloadResult  79: 32 op, 1237989259.00 ns, 38.6872 ms/op
WorkloadResult  80: 32 op, 1230450785.00 ns, 38.4516 ms/op
WorkloadResult  81: 32 op, 1212934970.00 ns, 37.9042 ms/op
WorkloadResult  82: 32 op, 1218598203.00 ns, 38.0812 ms/op
WorkloadResult  83: 32 op, 1281646121.00 ns, 40.0514 ms/op
WorkloadResult  84: 32 op, 1221006947.00 ns, 38.1565 ms/op
WorkloadResult  85: 32 op, 1220211455.00 ns, 38.1316 ms/op
WorkloadResult  86: 32 op, 1246213852.00 ns, 38.9442 ms/op
WorkloadResult  87: 32 op, 1230690451.00 ns, 38.4591 ms/op
WorkloadResult  88: 32 op, 1232320543.00 ns, 38.5100 ms/op
WorkloadResult  89: 32 op, 1298579258.00 ns, 40.5806 ms/op
WorkloadResult  90: 32 op, 1229291024.00 ns, 38.4153 ms/op
WorkloadResult  91: 32 op, 1218370074.00 ns, 38.0741 ms/op
WorkloadResult  92: 32 op, 1239592329.00 ns, 38.7373 ms/op
WorkloadResult  93: 32 op, 1237042357.00 ns, 38.6576 ms/op
// GC:  0 0 0 44196784 32
// Threading:  2216 20 32

// AfterAll
// Benchmark Process 1094102 has exited with code 0.

Mean = 37.308 ms, StdErr = 0.306 ms (0.82%), N = 93, StdDev = 2.951 ms
Min = 30.778 ms, Q1 = 37.904 ms, Median = 38.413 ms, Q3 = 38.896 ms, Max = 40.581 ms
IQR = 0.992 ms, LowerFence = 36.417 ms, UpperFence = 40.384 ms
ConfidenceInterval = [36.268 ms; 38.349 ms] (CI 99.9%), Margin = 1.040 ms (2.79% of Mean)
Skewness = -1.33, Kurtosis = 3.16, MValue = 2

// ** Remained 29 (58.0%) benchmark(s) to run. Estimated finish 2026-01-01 2:18 (0h 22m from now) **
// **************************
// Benchmark: Sorting.Sort_Kahn: DefaultJob [NumItems=2000, GraphType=Complex]
// *** Execute ***
// Launch: 1 / 1
// Execute: dotnet NexusMods.Benchmarks-DefaultJob-1.dll --anonymousPipes 126 127 --benchmarkName "NexusMods.Benchmarks.Benchmarks.Sorting.Sort_Kahn(NumItems: 2000, GraphType: Complex)" --job Default --benchmarkId 21 in /home/ryang/nexus-app/benchmarks/NexusMods.Benchmarks/bin/Release/net9.0/NexusMods.Benchmarks-DefaultJob-1/bin/Release/net9.0
// Failed to set up high priority (Permission denied). In order to run benchmarks with high priority, make sure you have the right permissions.
// BeforeAnythingElse

// Benchmark Process Environment Information:
// BenchmarkDotNet v0.15.2
// Runtime=.NET 9.0.11 (9.0.1125.51716), X64 RyuJIT AVX-512F+CD+BW+DQ+VL+VBMI
// GC=Concurrent Workstation
// HardwareIntrinsics=AVX-512F+CD+BW+DQ+VL+VBMI,AES,BMI1,BMI2,FMA,LZCNT,PCLMUL,POPCNT,AvxVnni VectorSize=256
// Job: DefaultJob

OverheadJitting  1: 1 op, 197979.00 ns, 197.9790 us/op
WorkloadJitting  1: 1 op, 2900644.00 ns, 2.9006 ms/op

OverheadJitting  2: 16 op, 556525.00 ns, 34.7828 us/op
WorkloadJitting  2: 16 op, 11822757.00 ns, 738.9223 us/op

WorkloadPilot    1: 16 op, 4764583.00 ns, 297.7864 us/op
WorkloadPilot    2: 32 op, 8141659.00 ns, 254.4268 us/op
WorkloadPilot    3: 64 op, 14379713.00 ns, 224.6830 us/op
WorkloadPilot    4: 128 op, 28941173.00 ns, 226.1029 us/op
WorkloadPilot    5: 256 op, 58410016.00 ns, 228.1641 us/op
WorkloadPilot    6: 512 op, 110837800.00 ns, 216.4801 us/op
WorkloadPilot    7: 1024 op, 176480956.00 ns, 172.3447 us/op
WorkloadPilot    8: 2048 op, 359055168.00 ns, 175.3199 us/op
WorkloadPilot    9: 4096 op, 703056974.00 ns, 171.6448 us/op

OverheadWarmup   1: 4096 op, 15470.00 ns, 3.7769 ns/op
OverheadWarmup   2: 4096 op, 8406.00 ns, 2.0522 ns/op
OverheadWarmup   3: 4096 op, 8296.00 ns, 2.0254 ns/op
OverheadWarmup   4: 4096 op, 8206.00 ns, 2.0034 ns/op
OverheadWarmup   5: 4096 op, 8216.00 ns, 2.0059 ns/op
OverheadWarmup   6: 4096 op, 13747.00 ns, 3.3562 ns/op
OverheadWarmup   7: 4096 op, 17033.00 ns, 4.1584 ns/op
OverheadWarmup   8: 4096 op, 13325.00 ns, 3.2532 ns/op
OverheadWarmup   9: 4096 op, 13276.00 ns, 3.2412 ns/op
OverheadWarmup  10: 4096 op, 8085.00 ns, 1.9739 ns/op

OverheadActual   1: 4096 op, 8657.00 ns, 2.1135 ns/op
OverheadActual   2: 4096 op, 8437.00 ns, 2.0598 ns/op
OverheadActual   3: 4096 op, 8457.00 ns, 2.0647 ns/op
OverheadActual   4: 4096 op, 8466.00 ns, 2.0669 ns/op
OverheadActual   5: 4096 op, 13556.00 ns, 3.3096 ns/op
OverheadActual   6: 4096 op, 8305.00 ns, 2.0276 ns/op
OverheadActual   7: 4096 op, 17163.00 ns, 4.1902 ns/op
OverheadActual   8: 4096 op, 8406.00 ns, 2.0522 ns/op
OverheadActual   9: 4096 op, 8446.00 ns, 2.0620 ns/op
OverheadActual  10: 4096 op, 8326.00 ns, 2.0327 ns/op
OverheadActual  11: 4096 op, 13356.00 ns, 3.2607 ns/op
OverheadActual  12: 4096 op, 8957.00 ns, 2.1868 ns/op
OverheadActual  13: 4096 op, 8236.00 ns, 2.0107 ns/op
OverheadActual  14: 4096 op, 13966.00 ns, 3.4097 ns/op
OverheadActual  15: 4096 op, 13546.00 ns, 3.3071 ns/op
OverheadActual  16: 4096 op, 13485.00 ns, 3.2922 ns/op
OverheadActual  17: 4096 op, 13596.00 ns, 3.3193 ns/op
OverheadActual  18: 4096 op, 13736.00 ns, 3.3535 ns/op
OverheadActual  19: 4096 op, 13496.00 ns, 3.2949 ns/op
OverheadActual  20: 4096 op, 13666.00 ns, 3.3364 ns/op

OverheadWarmup   1: 4096 op, 13335.00 ns, 3.2556 ns/op
OverheadWarmup   2: 4096 op, 10450.00 ns, 2.5513 ns/op
OverheadWarmup   3: 4096 op, 11382.00 ns, 2.7788 ns/op
OverheadWarmup   4: 4096 op, 8516.00 ns, 2.0791 ns/op
OverheadWarmup   5: 4096 op, 8206.00 ns, 2.0034 ns/op
OverheadWarmup   6: 4096 op, 11542.00 ns, 2.8179 ns/op
OverheadWarmup   7: 4096 op, 13405.00 ns, 3.2727 ns/op
OverheadWarmup   8: 4096 op, 9939.00 ns, 2.4265 ns/op

// BeforeActualRun
WorkloadActual   1: 4096 op, 731131238.00 ns, 178.4988 us/op
WorkloadActual   2: 4096 op, 766193822.00 ns, 187.0590 us/op
WorkloadActual   3: 4096 op, 778318447.00 ns, 190.0192 us/op
WorkloadActual   4: 4096 op, 778320702.00 ns, 190.0197 us/op
WorkloadActual   5: 4096 op, 741858078.00 ns, 181.1177 us/op
WorkloadActual   6: 4096 op, 727750586.00 ns, 177.6735 us/op
WorkloadActual   7: 4096 op, 748277880.00 ns, 182.6850 us/op
WorkloadActual   8: 4096 op, 724799466.00 ns, 176.9530 us/op
WorkloadActual   9: 4096 op, 716378112.00 ns, 174.8970 us/op
WorkloadActual  10: 4096 op, 701847620.00 ns, 171.3495 us/op
WorkloadActual  11: 4096 op, 743797342.00 ns, 181.5911 us/op
WorkloadActual  12: 4096 op, 797874514.00 ns, 194.7936 us/op
WorkloadActual  13: 4096 op, 796665048.00 ns, 194.4983 us/op
WorkloadActual  14: 4096 op, 719775839.00 ns, 175.7265 us/op
WorkloadActual  15: 4096 op, 716714548.00 ns, 174.9791 us/op
WorkloadActual  16: 4096 op, 726358574.00 ns, 177.3336 us/op
WorkloadActual  17: 4096 op, 755524067.00 ns, 184.4541 us/op
WorkloadActual  18: 4096 op, 751508809.00 ns, 183.4738 us/op
WorkloadActual  19: 4096 op, 708833919.00 ns, 173.0552 us/op
WorkloadActual  20: 4096 op, 737074723.00 ns, 179.9499 us/op
WorkloadActual  21: 4096 op, 796132962.00 ns, 194.3684 us/op
WorkloadActual  22: 4096 op, 718241954.00 ns, 175.3520 us/op
WorkloadActual  23: 4096 op, 718538502.00 ns, 175.4244 us/op
WorkloadActual  24: 4096 op, 736775971.00 ns, 179.8769 us/op
WorkloadActual  25: 4096 op, 736360497.00 ns, 179.7755 us/op
WorkloadActual  26: 4096 op, 718726022.00 ns, 175.4702 us/op
WorkloadActual  27: 4096 op, 708407846.00 ns, 172.9511 us/op
WorkloadActual  28: 4096 op, 719073338.00 ns, 175.5550 us/op
WorkloadActual  29: 4096 op, 788542881.00 ns, 192.5154 us/op
WorkloadActual  30: 4096 op, 747674310.00 ns, 182.5377 us/op
WorkloadActual  31: 4096 op, 710944244.00 ns, 173.5704 us/op
WorkloadActual  32: 4096 op, 704619634.00 ns, 172.0263 us/op
WorkloadActual  33: 4096 op, 710788246.00 ns, 173.5323 us/op
WorkloadActual  34: 4096 op, 703035862.00 ns, 171.6396 us/op
WorkloadActual  35: 4096 op, 707832766.00 ns, 172.8107 us/op
WorkloadActual  36: 4096 op, 718645319.00 ns, 175.4505 us/op
WorkloadActual  37: 4096 op, 752902612.00 ns, 183.8141 us/op
WorkloadActual  38: 4096 op, 753593666.00 ns, 183.9828 us/op
WorkloadActual  39: 4096 op, 721585741.00 ns, 176.1684 us/op
WorkloadActual  40: 4096 op, 713848797.00 ns, 174.2795 us/op
WorkloadActual  41: 4096 op, 730887271.00 ns, 178.4393 us/op
WorkloadActual  42: 4096 op, 725834827.00 ns, 177.2058 us/op
WorkloadActual  43: 4096 op, 697607801.00 ns, 170.3144 us/op
WorkloadActual  44: 4096 op, 714354396.00 ns, 174.4029 us/op

// AfterActualRun
WorkloadResult   1: 4096 op, 731120081.50 ns, 178.4961 us/op
WorkloadResult   2: 4096 op, 766182665.50 ns, 187.0563 us/op
WorkloadResult   3: 4096 op, 778307290.50 ns, 190.0164 us/op
WorkloadResult   4: 4096 op, 778309545.50 ns, 190.0170 us/op
WorkloadResult   5: 4096 op, 741846921.50 ns, 181.1150 us/op
WorkloadResult   6: 4096 op, 727739429.50 ns, 177.6708 us/op
WorkloadResult   7: 4096 op, 748266723.50 ns, 182.6823 us/op
WorkloadResult   8: 4096 op, 724788309.50 ns, 176.9503 us/op
WorkloadResult   9: 4096 op, 716366955.50 ns, 174.8943 us/op
WorkloadResult  10: 4096 op, 701836463.50 ns, 171.3468 us/op
WorkloadResult  11: 4096 op, 743786185.50 ns, 181.5884 us/op
WorkloadResult  12: 4096 op, 797863357.50 ns, 194.7909 us/op
WorkloadResult  13: 4096 op, 796653891.50 ns, 194.4956 us/op
WorkloadResult  14: 4096 op, 719764682.50 ns, 175.7238 us/op
WorkloadResult  15: 4096 op, 716703391.50 ns, 174.9764 us/op
WorkloadResult  16: 4096 op, 726347417.50 ns, 177.3309 us/op
WorkloadResult  17: 4096 op, 755512910.50 ns, 184.4514 us/op
WorkloadResult  18: 4096 op, 751497652.50 ns, 183.4711 us/op
WorkloadResult  19: 4096 op, 708822762.50 ns, 173.0524 us/op
WorkloadResult  20: 4096 op, 737063566.50 ns, 179.9472 us/op
WorkloadResult  21: 4096 op, 796121805.50 ns, 194.3657 us/op
WorkloadResult  22: 4096 op, 718230797.50 ns, 175.3493 us/op
WorkloadResult  23: 4096 op, 718527345.50 ns, 175.4217 us/op
WorkloadResult  24: 4096 op, 736764814.50 ns, 179.8742 us/op
WorkloadResult  25: 4096 op, 736349340.50 ns, 179.7728 us/op
WorkloadResult  26: 4096 op, 718714865.50 ns, 175.4675 us/op
WorkloadResult  27: 4096 op, 708396689.50 ns, 172.9484 us/op
WorkloadResult  28: 4096 op, 719062181.50 ns, 175.5523 us/op
WorkloadResult  29: 4096 op, 788531724.50 ns, 192.5126 us/op
WorkloadResult  30: 4096 op, 747663153.50 ns, 182.5349 us/op
WorkloadResult  31: 4096 op, 710933087.50 ns, 173.5676 us/op
WorkloadResult  32: 4096 op, 704608477.50 ns, 172.0236 us/op
WorkloadResult  33: 4096 op, 710777089.50 ns, 173.5296 us/op
WorkloadResult  34: 4096 op, 703024705.50 ns, 171.6369 us/op
WorkloadResult  35: 4096 op, 707821609.50 ns, 172.8080 us/op
WorkloadResult  36: 4096 op, 718634162.50 ns, 175.4478 us/op
WorkloadResult  37: 4096 op, 752891455.50 ns, 183.8114 us/op
WorkloadResult  38: 4096 op, 753582509.50 ns, 183.9801 us/op
WorkloadResult  39: 4096 op, 721574584.50 ns, 176.1657 us/op
WorkloadResult  40: 4096 op, 713837640.50 ns, 174.2768 us/op
WorkloadResult  41: 4096 op, 730876114.50 ns, 178.4366 us/op
WorkloadResult  42: 4096 op, 725823670.50 ns, 177.2030 us/op
WorkloadResult  43: 4096 op, 697596644.50 ns, 170.3117 us/op
WorkloadResult  44: 4096 op, 714343239.50 ns, 174.4002 us/op
// GC:  24 11 0 1250361344 4096
// Threading:  0 0 4096

// AfterAll
// Benchmark Process 1094746 has exited with code 0.

Mean = 179.352 μs, StdErr = 1.009 μs (0.56%), N = 44, StdDev = 6.691 μs
Min = 170.312 μs, Q1 = 174.771 μs, Median = 177.267 μs, Q3 = 182.880 μs, Max = 194.791 μs
IQR = 8.109 μs, LowerFence = 162.608 μs, UpperFence = 195.043 μs
ConfidenceInterval = [175.789 μs; 182.914 μs] (CI 99.9%), Margin = 3.562 μs (1.99% of Mean)
Skewness = 0.91, Kurtosis = 2.83, MValue = 2.5

// ** Remained 28 (56.0%) benchmark(s) to run. Estimated finish 2026-01-01 2:18 (0h 21m from now) **
// **************************
// Benchmark: Sorting.Sort_Original: DefaultJob [NumItems=2000, GraphType=Random]
// *** Execute ***
// Launch: 1 / 1
// Execute: dotnet NexusMods.Benchmarks-DefaultJob-1.dll --anonymousPipes 126 127 --benchmarkName "NexusMods.Benchmarks.Benchmarks.Sorting.Sort_Original(NumItems: 2000, GraphType: Random)" --job Default --benchmarkId 22 in /home/ryang/nexus-app/benchmarks/NexusMods.Benchmarks/bin/Release/net9.0/NexusMods.Benchmarks-DefaultJob-1/bin/Release/net9.0
// Failed to set up high priority (Permission denied). In order to run benchmarks with high priority, make sure you have the right permissions.
// BeforeAnythingElse

// Benchmark Process Environment Information:
// BenchmarkDotNet v0.15.2
// Runtime=.NET 9.0.11 (9.0.1125.51716), X64 RyuJIT AVX-512F+CD+BW+DQ+VL+VBMI
// GC=Concurrent Workstation
// HardwareIntrinsics=AVX-512F+CD+BW+DQ+VL+VBMI,AES,BMI1,BMI2,FMA,LZCNT,PCLMUL,POPCNT,AvxVnni VectorSize=256
// Job: DefaultJob

OverheadJitting  1: 1 op, 221815.00 ns, 221.8150 us/op
WorkloadJitting  1: 1 op, 42463124.00 ns, 42.4631 ms/op

WorkloadPilot    1: 2 op, 50805537.00 ns, 25.4028 ms/op
WorkloadPilot    2: 3 op, 64012104.00 ns, 21.3374 ms/op
WorkloadPilot    3: 4 op, 88188355.00 ns, 22.0471 ms/op
WorkloadPilot    4: 5 op, 128137365.00 ns, 25.6275 ms/op
WorkloadPilot    5: 6 op, 119747231.00 ns, 19.9579 ms/op
WorkloadPilot    6: 7 op, 100534543.00 ns, 14.3621 ms/op
WorkloadPilot    7: 8 op, 110685710.00 ns, 13.8357 ms/op
WorkloadPilot    8: 9 op, 121412348.00 ns, 13.4903 ms/op
WorkloadPilot    9: 10 op, 126947697.00 ns, 12.6948 ms/op
WorkloadPilot   10: 11 op, 140025066.00 ns, 12.7296 ms/op
WorkloadPilot   11: 12 op, 152401754.00 ns, 12.7001 ms/op
WorkloadPilot   12: 13 op, 174110840.00 ns, 13.3931 ms/op
WorkloadPilot   13: 14 op, 182708562.00 ns, 13.0506 ms/op
WorkloadPilot   14: 15 op, 196324403.00 ns, 13.0883 ms/op
WorkloadPilot   15: 16 op, 217588047.00 ns, 13.5993 ms/op
WorkloadPilot   16: 32 op, 426015664.00 ns, 13.3130 ms/op
WorkloadPilot   17: 64 op, 832477929.00 ns, 13.0075 ms/op

OverheadWarmup   1: 64 op, 1493.00 ns, 23.3281 ns/op
OverheadWarmup   2: 64 op, 451.00 ns, 7.0469 ns/op
OverheadWarmup   3: 64 op, 411.00 ns, 6.4219 ns/op
OverheadWarmup   4: 64 op, 411.00 ns, 6.4219 ns/op
OverheadWarmup   5: 64 op, 381.00 ns, 5.9531 ns/op
OverheadWarmup   6: 64 op, 421.00 ns, 6.5781 ns/op
OverheadWarmup   7: 64 op, 450.00 ns, 7.0313 ns/op
OverheadWarmup   8: 64 op, 501.00 ns, 7.8281 ns/op
OverheadWarmup   9: 64 op, 471.00 ns, 7.3594 ns/op

// BeforeActualRun
WorkloadActual   1: 64 op, 822556062.00 ns, 12.8524 ms/op
WorkloadActual   2: 64 op, 818880314.00 ns, 12.7950 ms/op
WorkloadActual   3: 64 op, 884272241.00 ns, 13.8168 ms/op
WorkloadActual   4: 64 op, 919151123.00 ns, 14.3617 ms/op
WorkloadActual   5: 64 op, 819046703.00 ns, 12.7976 ms/op
WorkloadActual   6: 64 op, 835467384.00 ns, 13.0542 ms/op
WorkloadActual   7: 64 op, 844751451.00 ns, 13.1992 ms/op
WorkloadActual   8: 64 op, 848153535.00 ns, 13.2524 ms/op
WorkloadActual   9: 64 op, 817998289.00 ns, 12.7812 ms/op
WorkloadActual  10: 64 op, 847683346.00 ns, 13.2451 ms/op
WorkloadActual  11: 64 op, 918042253.00 ns, 14.3444 ms/op
WorkloadActual  12: 64 op, 827289028.00 ns, 12.9264 ms/op
WorkloadActual  13: 64 op, 846693271.00 ns, 13.2296 ms/op
WorkloadActual  14: 64 op, 851786604.00 ns, 13.3092 ms/op
WorkloadActual  15: 64 op, 854356004.00 ns, 13.3493 ms/op
WorkloadActual  16: 64 op, 835294787.00 ns, 13.0515 ms/op
WorkloadActual  17: 64 op, 862824048.00 ns, 13.4816 ms/op
WorkloadActual  18: 64 op, 919869614.00 ns, 14.3730 ms/op
WorkloadActual  19: 64 op, 835181471.00 ns, 13.0497 ms/op
WorkloadActual  20: 64 op, 857755925.00 ns, 13.4024 ms/op
WorkloadActual  21: 64 op, 845948918.00 ns, 13.2180 ms/op

// AfterActualRun
WorkloadResult   1: 64 op, 822556062.00 ns, 12.8524 ms/op
WorkloadResult   2: 64 op, 818880314.00 ns, 12.7950 ms/op
WorkloadResult   3: 64 op, 884272241.00 ns, 13.8168 ms/op
WorkloadResult   4: 64 op, 819046703.00 ns, 12.7976 ms/op
WorkloadResult   5: 64 op, 835467384.00 ns, 13.0542 ms/op
WorkloadResult   6: 64 op, 844751451.00 ns, 13.1992 ms/op
WorkloadResult   7: 64 op, 848153535.00 ns, 13.2524 ms/op
WorkloadResult   8: 64 op, 817998289.00 ns, 12.7812 ms/op
WorkloadResult   9: 64 op, 847683346.00 ns, 13.2451 ms/op
WorkloadResult  10: 64 op, 827289028.00 ns, 12.9264 ms/op
WorkloadResult  11: 64 op, 846693271.00 ns, 13.2296 ms/op
WorkloadResult  12: 64 op, 851786604.00 ns, 13.3092 ms/op
WorkloadResult  13: 64 op, 854356004.00 ns, 13.3493 ms/op
WorkloadResult  14: 64 op, 835294787.00 ns, 13.0515 ms/op
WorkloadResult  15: 64 op, 862824048.00 ns, 13.4816 ms/op
WorkloadResult  16: 64 op, 835181471.00 ns, 13.0497 ms/op
WorkloadResult  17: 64 op, 857755925.00 ns, 13.4024 ms/op
WorkloadResult  18: 64 op, 845948918.00 ns, 13.2180 ms/op
// GC:  1 0 0 53285904 64
// Threading:  1147 36 64

// AfterAll
// Benchmark Process 1094932 has exited with code 0.

Mean = 13.156 ms, StdErr = 0.064 ms (0.49%), N = 18, StdDev = 0.273 ms
Min = 12.781 ms, Q1 = 12.957 ms, Median = 13.209 ms, Q3 = 13.295 ms, Max = 13.817 ms
IQR = 0.338 ms, LowerFence = 12.451 ms, UpperFence = 13.802 ms
ConfidenceInterval = [12.901 ms; 13.412 ms] (CI 99.9%), Margin = 0.255 ms (1.94% of Mean)
Skewness = 0.44, Kurtosis = 2.71, MValue = 2

// ** Remained 27 (54.0%) benchmark(s) to run. Estimated finish 2026-01-01 2:17 (0h 19m from now) **
// **************************
// Benchmark: Sorting.Sort_Kahn: DefaultJob [NumItems=2000, GraphType=Random]
// *** Execute ***
// Launch: 1 / 1
// Execute: dotnet NexusMods.Benchmarks-DefaultJob-1.dll --anonymousPipes 126 127 --benchmarkName "NexusMods.Benchmarks.Benchmarks.Sorting.Sort_Kahn(NumItems: 2000, GraphType: Random)" --job Default --benchmarkId 23 in /home/ryang/nexus-app/benchmarks/NexusMods.Benchmarks/bin/Release/net9.0/NexusMods.Benchmarks-DefaultJob-1/bin/Release/net9.0
// Failed to set up high priority (Permission denied). In order to run benchmarks with high priority, make sure you have the right permissions.
// BeforeAnythingElse

// Benchmark Process Environment Information:
// BenchmarkDotNet v0.15.2
// Runtime=.NET 9.0.11 (9.0.1125.51716), X64 RyuJIT AVX-512F+CD+BW+DQ+VL+VBMI
// GC=Concurrent Workstation
// HardwareIntrinsics=AVX-512F+CD+BW+DQ+VL+VBMI,AES,BMI1,BMI2,FMA,LZCNT,PCLMUL,POPCNT,AvxVnni VectorSize=256
// Job: DefaultJob

OverheadJitting  1: 1 op, 194432.00 ns, 194.4320 us/op
WorkloadJitting  1: 1 op, 2790653.00 ns, 2.7907 ms/op

OverheadJitting  2: 16 op, 514295.00 ns, 32.1434 us/op
WorkloadJitting  2: 16 op, 14176844.00 ns, 886.0528 us/op

WorkloadPilot    1: 16 op, 4619545.00 ns, 288.7216 us/op
WorkloadPilot    2: 32 op, 8468255.00 ns, 264.6330 us/op
WorkloadPilot    3: 64 op, 16657034.00 ns, 260.2662 us/op
WorkloadPilot    4: 128 op, 33958100.00 ns, 265.2977 us/op
WorkloadPilot    5: 256 op, 61533690.00 ns, 240.3660 us/op
WorkloadPilot    6: 512 op, 106093137.00 ns, 207.2132 us/op
WorkloadPilot    7: 1024 op, 176073110.00 ns, 171.9464 us/op
WorkloadPilot    8: 2048 op, 361863174.00 ns, 176.6910 us/op
WorkloadPilot    9: 4096 op, 689294171.00 ns, 168.2847 us/op

OverheadWarmup   1: 4096 op, 15560.00 ns, 3.7988 ns/op
OverheadWarmup   2: 4096 op, 12995.00 ns, 3.1726 ns/op
OverheadWarmup   3: 4096 op, 8547.00 ns, 2.0867 ns/op
OverheadWarmup   4: 4096 op, 8216.00 ns, 2.0059 ns/op
OverheadWarmup   5: 4096 op, 13155.00 ns, 3.2117 ns/op
OverheadWarmup   6: 4096 op, 13666.00 ns, 3.3364 ns/op
OverheadWarmup   7: 4096 op, 400878.00 ns, 97.8706 ns/op
OverheadWarmup   8: 4096 op, 13105.00 ns, 3.1995 ns/op
OverheadWarmup   9: 4096 op, 8396.00 ns, 2.0498 ns/op
OverheadWarmup  10: 4096 op, 8145.00 ns, 1.9885 ns/op

OverheadActual   1: 4096 op, 8627.00 ns, 2.1062 ns/op
OverheadActual   2: 4096 op, 13787.00 ns, 3.3660 ns/op
OverheadActual   3: 4096 op, 14257.00 ns, 3.4807 ns/op
OverheadActual   4: 4096 op, 10790.00 ns, 2.6343 ns/op
OverheadActual   5: 4096 op, 8476.00 ns, 2.0693 ns/op
OverheadActual   6: 4096 op, 9969.00 ns, 2.4338 ns/op
OverheadActual   7: 4096 op, 14057.00 ns, 3.4319 ns/op
OverheadActual   8: 4096 op, 14488.00 ns, 3.5371 ns/op
OverheadActual   9: 4096 op, 8827.00 ns, 2.1550 ns/op
OverheadActual  10: 4096 op, 8536.00 ns, 2.0840 ns/op
OverheadActual  11: 4096 op, 8265.00 ns, 2.0178 ns/op
OverheadActual  12: 4096 op, 13657.00 ns, 3.3342 ns/op
OverheadActual  13: 4096 op, 8286.00 ns, 2.0229 ns/op
OverheadActual  14: 4096 op, 8085.00 ns, 1.9739 ns/op
OverheadActual  15: 4096 op, 13656.00 ns, 3.3340 ns/op
OverheadActual  16: 4096 op, 8376.00 ns, 2.0449 ns/op
OverheadActual  17: 4096 op, 13546.00 ns, 3.3071 ns/op
OverheadActual  18: 4096 op, 12433.00 ns, 3.0354 ns/op
OverheadActual  19: 4096 op, 12243.00 ns, 2.9890 ns/op
OverheadActual  20: 4096 op, 8526.00 ns, 2.0815 ns/op

OverheadWarmup   1: 4096 op, 12504.00 ns, 3.0527 ns/op
OverheadWarmup   2: 4096 op, 12294.00 ns, 3.0015 ns/op
OverheadWarmup   3: 4096 op, 12945.00 ns, 3.1604 ns/op
OverheadWarmup   4: 4096 op, 12314.00 ns, 3.0063 ns/op
OverheadWarmup   5: 4096 op, 12303.00 ns, 3.0037 ns/op
OverheadWarmup   6: 4096 op, 12274.00 ns, 2.9966 ns/op
OverheadWarmup   7: 4096 op, 12214.00 ns, 2.9819 ns/op
OverheadWarmup   8: 4096 op, 12324.00 ns, 3.0088 ns/op
OverheadWarmup   9: 4096 op, 13857.00 ns, 3.3831 ns/op
OverheadWarmup  10: 4096 op, 13506.00 ns, 3.2974 ns/op

// BeforeActualRun
WorkloadActual   1: 4096 op, 681248125.00 ns, 166.3203 us/op
WorkloadActual   2: 4096 op, 648126597.00 ns, 158.2340 us/op
WorkloadActual   3: 4096 op, 635777231.00 ns, 155.2191 us/op
WorkloadActual   4: 4096 op, 626752001.00 ns, 153.0156 us/op
WorkloadActual   5: 4096 op, 632749985.00 ns, 154.4800 us/op
WorkloadActual   6: 4096 op, 622282043.00 ns, 151.9243 us/op
WorkloadActual   7: 4096 op, 609837365.00 ns, 148.8861 us/op
WorkloadActual   8: 4096 op, 615216314.00 ns, 150.1993 us/op
WorkloadActual   9: 4096 op, 614875872.00 ns, 150.1162 us/op
WorkloadActual  10: 4096 op, 657774922.00 ns, 160.5896 us/op
WorkloadActual  11: 4096 op, 690335707.00 ns, 168.5390 us/op
WorkloadActual  12: 4096 op, 613296789.00 ns, 149.7307 us/op
WorkloadActual  13: 4096 op, 623371510.00 ns, 152.1903 us/op
WorkloadActual  14: 4096 op, 613200064.00 ns, 149.7070 us/op
WorkloadActual  15: 4096 op, 617546007.00 ns, 150.7681 us/op
WorkloadActual  16: 4096 op, 636704119.00 ns, 155.4453 us/op
WorkloadActual  17: 4096 op, 649390208.00 ns, 158.5425 us/op
WorkloadActual  18: 4096 op, 623296076.00 ns, 152.1719 us/op
WorkloadActual  19: 4096 op, 655188020.00 ns, 159.9580 us/op
WorkloadActual  20: 4096 op, 686786403.00 ns, 167.6725 us/op
WorkloadActual  21: 4096 op, 636366222.00 ns, 155.3628 us/op
WorkloadActual  22: 4096 op, 632981782.00 ns, 154.5366 us/op
WorkloadActual  23: 4096 op, 630005874.00 ns, 153.8100 us/op
WorkloadActual  24: 4096 op, 644640646.00 ns, 157.3830 us/op
WorkloadActual  25: 4096 op, 699352273.00 ns, 170.7403 us/op
WorkloadActual  26: 4096 op, 630896701.00 ns, 154.0275 us/op
WorkloadActual  27: 4096 op, 632143027.00 ns, 154.3318 us/op
WorkloadActual  28: 4096 op, 670600202.00 ns, 163.7208 us/op
WorkloadActual  29: 4096 op, 681568173.00 ns, 166.3985 us/op
WorkloadActual  30: 4096 op, 657275068.00 ns, 160.4675 us/op
WorkloadActual  31: 4096 op, 669251841.00 ns, 163.3916 us/op
WorkloadActual  32: 4096 op, 689412944.00 ns, 168.3137 us/op
WorkloadActual  33: 4096 op, 696987027.00 ns, 170.1628 us/op
WorkloadActual  34: 4096 op, 690746989.00 ns, 168.6394 us/op
WorkloadActual  35: 4096 op, 706401212.00 ns, 172.4612 us/op
WorkloadActual  36: 4096 op, 694316063.00 ns, 169.5108 us/op
WorkloadActual  37: 4096 op, 689302574.00 ns, 168.2868 us/op
WorkloadActual  38: 4096 op, 672795848.00 ns, 164.2568 us/op
WorkloadActual  39: 4096 op, 643105349.00 ns, 157.0081 us/op
WorkloadActual  40: 4096 op, 666469274.00 ns, 162.7122 us/op
WorkloadActual  41: 4096 op, 624817192.00 ns, 152.5433 us/op
WorkloadActual  42: 4096 op, 628189049.00 ns, 153.3665 us/op
WorkloadActual  43: 4096 op, 644158636.00 ns, 157.2653 us/op
WorkloadActual  44: 4096 op, 657381585.00 ns, 160.4936 us/op
WorkloadActual  45: 4096 op, 643570982.00 ns, 157.1218 us/op
WorkloadActual  46: 4096 op, 657854701.00 ns, 160.6091 us/op
WorkloadActual  47: 4096 op, 676105357.00 ns, 165.0648 us/op
WorkloadActual  48: 4096 op, 643841720.00 ns, 157.1879 us/op
WorkloadActual  49: 4096 op, 616282925.00 ns, 150.4597 us/op
WorkloadActual  50: 4096 op, 642165100.00 ns, 156.7786 us/op
WorkloadActual  51: 4096 op, 613699176.00 ns, 149.8289 us/op
WorkloadActual  52: 4096 op, 637335423.00 ns, 155.5995 us/op
WorkloadActual  53: 4096 op, 619321431.00 ns, 151.2015 us/op
WorkloadActual  54: 4096 op, 628987149.00 ns, 153.5613 us/op
WorkloadActual  55: 4096 op, 649332124.00 ns, 158.5284 us/op

// AfterActualRun
WorkloadResult   1: 4096 op, 681237745.50 ns, 166.3178 us/op
WorkloadResult   2: 4096 op, 648116217.50 ns, 158.2315 us/op
WorkloadResult   3: 4096 op, 635766851.50 ns, 155.2165 us/op
WorkloadResult   4: 4096 op, 626741621.50 ns, 153.0131 us/op
WorkloadResult   5: 4096 op, 632739605.50 ns, 154.4774 us/op
WorkloadResult   6: 4096 op, 622271663.50 ns, 151.9218 us/op
WorkloadResult   7: 4096 op, 609826985.50 ns, 148.8835 us/op
WorkloadResult   8: 4096 op, 615205934.50 ns, 150.1968 us/op
WorkloadResult   9: 4096 op, 614865492.50 ns, 150.1136 us/op
WorkloadResult  10: 4096 op, 657764542.50 ns, 160.5870 us/op
WorkloadResult  11: 4096 op, 690325327.50 ns, 168.5365 us/op
WorkloadResult  12: 4096 op, 613286409.50 ns, 149.7281 us/op
WorkloadResult  13: 4096 op, 623361130.50 ns, 152.1878 us/op
WorkloadResult  14: 4096 op, 613189684.50 ns, 149.7045 us/op
WorkloadResult  15: 4096 op, 617535627.50 ns, 150.7655 us/op
WorkloadResult  16: 4096 op, 636693739.50 ns, 155.4428 us/op
WorkloadResult  17: 4096 op, 649379828.50 ns, 158.5400 us/op
WorkloadResult  18: 4096 op, 623285696.50 ns, 152.1694 us/op
WorkloadResult  19: 4096 op, 655177640.50 ns, 159.9555 us/op
WorkloadResult  20: 4096 op, 686776023.50 ns, 167.6699 us/op
WorkloadResult  21: 4096 op, 636355842.50 ns, 155.3603 us/op
WorkloadResult  22: 4096 op, 632971402.50 ns, 154.5340 us/op
WorkloadResult  23: 4096 op, 629995494.50 ns, 153.8075 us/op
WorkloadResult  24: 4096 op, 644630266.50 ns, 157.3804 us/op
WorkloadResult  25: 4096 op, 699341893.50 ns, 170.7378 us/op
WorkloadResult  26: 4096 op, 630886321.50 ns, 154.0250 us/op
WorkloadResult  27: 4096 op, 632132647.50 ns, 154.3293 us/op
WorkloadResult  28: 4096 op, 670589822.50 ns, 163.7182 us/op
WorkloadResult  29: 4096 op, 681557793.50 ns, 166.3959 us/op
WorkloadResult  30: 4096 op, 657264688.50 ns, 160.4650 us/op
WorkloadResult  31: 4096 op, 669241461.50 ns, 163.3890 us/op
WorkloadResult  32: 4096 op, 689402564.50 ns, 168.3112 us/op
WorkloadResult  33: 4096 op, 696976647.50 ns, 170.1603 us/op
WorkloadResult  34: 4096 op, 690736609.50 ns, 168.6369 us/op
WorkloadResult  35: 4096 op, 706390832.50 ns, 172.4587 us/op
WorkloadResult  36: 4096 op, 694305683.50 ns, 169.5082 us/op
WorkloadResult  37: 4096 op, 689292194.50 ns, 168.2842 us/op
WorkloadResult  38: 4096 op, 672785468.50 ns, 164.2543 us/op
WorkloadResult  39: 4096 op, 643094969.50 ns, 157.0056 us/op
WorkloadResult  40: 4096 op, 666458894.50 ns, 162.7097 us/op
WorkloadResult  41: 4096 op, 624806812.50 ns, 152.5407 us/op
WorkloadResult  42: 4096 op, 628178669.50 ns, 153.3639 us/op
WorkloadResult  43: 4096 op, 644148256.50 ns, 157.2628 us/op
WorkloadResult  44: 4096 op, 657371205.50 ns, 160.4910 us/op
WorkloadResult  45: 4096 op, 643560602.50 ns, 157.1193 us/op
WorkloadResult  46: 4096 op, 657844321.50 ns, 160.6065 us/op
WorkloadResult  47: 4096 op, 676094977.50 ns, 165.0623 us/op
WorkloadResult  48: 4096 op, 643831340.50 ns, 157.1854 us/op
WorkloadResult  49: 4096 op, 616272545.50 ns, 150.4572 us/op
WorkloadResult  50: 4096 op, 642154720.50 ns, 156.7761 us/op
WorkloadResult  51: 4096 op, 613688796.50 ns, 149.8264 us/op
WorkloadResult  52: 4096 op, 637325043.50 ns, 155.5969 us/op
WorkloadResult  53: 4096 op, 619311051.50 ns, 151.1990 us/op
WorkloadResult  54: 4096 op, 628976769.50 ns, 153.5588 us/op
WorkloadResult  55: 4096 op, 649321744.50 ns, 158.5258 us/op
// GC:  22 7 0 1145995264 4096
// Threading:  0 0 4096

// AfterAll
// Benchmark Process 1095067 has exited with code 0.

Mean = 158.340 μs, StdErr = 0.897 μs (0.57%), N = 55, StdDev = 6.649 μs
Min = 148.884 μs, Q1 = 153.189 μs, Median = 157.119 μs, Q3 = 163.554 μs, Max = 172.459 μs
IQR = 10.365 μs, LowerFence = 137.641 μs, UpperFence = 179.101 μs
ConfidenceInterval = [155.220 μs; 161.460 μs] (CI 99.9%), Margin = 3.120 μs (1.97% of Mean)
Skewness = 0.48, Kurtosis = 1.99, MValue = 2

// ** Remained 26 (52.0%) benchmark(s) to run. Estimated finish 2026-01-01 2:16 (0h 19m from now) **
// **************************
// Benchmark: Sorting.Sort_Original: DefaultJob [NumItems=2000, GraphType=Chain]
// *** Execute ***
// Launch: 1 / 1
// Execute: dotnet NexusMods.Benchmarks-DefaultJob-1.dll --anonymousPipes 126 127 --benchmarkName "NexusMods.Benchmarks.Benchmarks.Sorting.Sort_Original(NumItems: 2000, GraphType: Chain)" --job Default --benchmarkId 24 in /home/ryang/nexus-app/benchmarks/NexusMods.Benchmarks/bin/Release/net9.0/NexusMods.Benchmarks-DefaultJob-1/bin/Release/net9.0
// Failed to set up high priority (Permission denied). In order to run benchmarks with high priority, make sure you have the right permissions.
// BeforeAnythingElse

// Benchmark Process Environment Information:
// BenchmarkDotNet v0.15.2
// Runtime=.NET 9.0.11 (9.0.1125.51716), X64 RyuJIT AVX-512F+CD+BW+DQ+VL+VBMI
// GC=Concurrent Workstation
// HardwareIntrinsics=AVX-512F+CD+BW+DQ+VL+VBMI,AES,BMI1,BMI2,FMA,LZCNT,PCLMUL,POPCNT,AvxVnni VectorSize=256
// Job: DefaultJob

OverheadJitting  1: 1 op, 214902.00 ns, 214.9020 us/op
WorkloadJitting  1: 1 op, 64265401.00 ns, 64.2654 ms/op

WorkloadPilot    1: 2 op, 98192893.00 ns, 49.0964 ms/op
WorkloadPilot    2: 3 op, 140616984.00 ns, 46.8723 ms/op
WorkloadPilot    3: 4 op, 162283559.00 ns, 40.5709 ms/op
WorkloadPilot    4: 5 op, 178037864.00 ns, 35.6076 ms/op
WorkloadPilot    5: 6 op, 228750495.00 ns, 38.1251 ms/op
WorkloadPilot    6: 7 op, 258082328.00 ns, 36.8689 ms/op
WorkloadPilot    7: 8 op, 286790406.00 ns, 35.8488 ms/op
WorkloadPilot    8: 9 op, 329933423.00 ns, 36.6593 ms/op
WorkloadPilot    9: 10 op, 355529052.00 ns, 35.5529 ms/op
WorkloadPilot   10: 11 op, 401334837.00 ns, 36.4850 ms/op
WorkloadPilot   11: 12 op, 443871263.00 ns, 36.9893 ms/op
WorkloadPilot   12: 13 op, 490741567.00 ns, 37.7494 ms/op
WorkloadPilot   13: 14 op, 566915640.00 ns, 40.4940 ms/op

OverheadWarmup   1: 14 op, 751.00 ns, 53.6429 ns/op
OverheadWarmup   2: 14 op, 461.00 ns, 32.9286 ns/op
OverheadWarmup   3: 14 op, 1002.00 ns, 71.5714 ns/op
OverheadWarmup   4: 14 op, 310.00 ns, 22.1429 ns/op
OverheadWarmup   5: 14 op, 240.00 ns, 17.1429 ns/op
OverheadWarmup   6: 14 op, 280.00 ns, 20.0000 ns/op
OverheadWarmup   7: 14 op, 90.00 ns, 6.4286 ns/op

// BeforeActualRun
WorkloadActual   1: 14 op, 574729301.00 ns, 41.0521 ms/op
WorkloadActual   2: 14 op, 545425913.00 ns, 38.9590 ms/op
WorkloadActual   3: 14 op, 564975986.00 ns, 40.3554 ms/op
WorkloadActual   4: 14 op, 530674749.00 ns, 37.9053 ms/op
WorkloadActual   5: 14 op, 512314865.00 ns, 36.5939 ms/op
WorkloadActual   6: 14 op, 526501188.00 ns, 37.6072 ms/op
WorkloadActual   7: 14 op, 533126965.00 ns, 38.0805 ms/op
WorkloadActual   8: 14 op, 532608352.00 ns, 38.0435 ms/op
WorkloadActual   9: 14 op, 518141722.00 ns, 37.0101 ms/op
WorkloadActual  10: 14 op, 510614149.00 ns, 36.4724 ms/op
WorkloadActual  11: 14 op, 537614077.00 ns, 38.4010 ms/op
WorkloadActual  12: 14 op, 513093957.00 ns, 36.6496 ms/op
WorkloadActual  13: 14 op, 537449693.00 ns, 38.3893 ms/op
WorkloadActual  14: 14 op, 543611901.00 ns, 38.8294 ms/op
WorkloadActual  15: 14 op, 563056192.00 ns, 40.2183 ms/op
WorkloadActual  16: 14 op, 538239144.00 ns, 38.4457 ms/op
WorkloadActual  17: 14 op, 515108796.00 ns, 36.7935 ms/op
WorkloadActual  18: 14 op, 528370599.00 ns, 37.7408 ms/op
WorkloadActual  19: 14 op, 544213584.00 ns, 38.8724 ms/op
WorkloadActual  20: 14 op, 530173361.00 ns, 37.8695 ms/op
WorkloadActual  21: 14 op, 526027663.00 ns, 37.5734 ms/op
WorkloadActual  22: 14 op, 528731159.00 ns, 37.7665 ms/op
WorkloadActual  23: 14 op, 514771580.00 ns, 36.7694 ms/op
WorkloadActual  24: 14 op, 536111160.00 ns, 38.2937 ms/op
WorkloadActual  25: 14 op, 551629634.00 ns, 39.4021 ms/op
WorkloadActual  26: 14 op, 577768153.00 ns, 41.2692 ms/op
WorkloadActual  27: 14 op, 591277440.00 ns, 42.2341 ms/op
WorkloadActual  28: 14 op, 531846896.00 ns, 37.9891 ms/op
WorkloadActual  29: 14 op, 459830353.00 ns, 32.8450 ms/op
WorkloadActual  30: 14 op, 419881071.00 ns, 29.9915 ms/op
WorkloadActual  31: 14 op, 418161318.00 ns, 29.8687 ms/op
WorkloadActual  32: 14 op, 416217616.00 ns, 29.7298 ms/op
WorkloadActual  33: 14 op, 417888927.00 ns, 29.8492 ms/op
WorkloadActual  34: 14 op, 417334165.00 ns, 29.8096 ms/op
WorkloadActual  35: 14 op, 415154211.00 ns, 29.6539 ms/op
WorkloadActual  36: 14 op, 416094441.00 ns, 29.7210 ms/op
WorkloadActual  37: 14 op, 445582172.00 ns, 31.8273 ms/op
WorkloadActual  38: 14 op, 429756591.00 ns, 30.6969 ms/op
WorkloadActual  39: 14 op, 445679068.00 ns, 31.8342 ms/op
WorkloadActual  40: 14 op, 437091325.00 ns, 31.2208 ms/op
WorkloadActual  41: 14 op, 424486460.00 ns, 30.3205 ms/op
WorkloadActual  42: 14 op, 471446286.00 ns, 33.6747 ms/op
WorkloadActual  43: 14 op, 426086595.00 ns, 30.4348 ms/op
WorkloadActual  44: 14 op, 418138355.00 ns, 29.8670 ms/op
WorkloadActual  45: 14 op, 441256540.00 ns, 31.5183 ms/op
WorkloadActual  46: 14 op, 418626400.00 ns, 29.9019 ms/op
WorkloadActual  47: 14 op, 427767643.00 ns, 30.5548 ms/op
WorkloadActual  48: 14 op, 459187184.00 ns, 32.7991 ms/op
WorkloadActual  49: 14 op, 527190963.00 ns, 37.6565 ms/op
WorkloadActual  50: 14 op, 529743330.00 ns, 37.8388 ms/op
WorkloadActual  51: 14 op, 551023416.00 ns, 39.3588 ms/op
WorkloadActual  52: 14 op, 601747289.00 ns, 42.9819 ms/op
WorkloadActual  53: 14 op, 542672666.00 ns, 38.7623 ms/op
WorkloadActual  54: 14 op, 441592294.00 ns, 31.5423 ms/op
WorkloadActual  55: 14 op, 454950633.00 ns, 32.4965 ms/op
WorkloadActual  56: 14 op, 529508661.00 ns, 37.8220 ms/op
WorkloadActual  57: 14 op, 543992814.00 ns, 38.8566 ms/op
WorkloadActual  58: 14 op, 535361748.00 ns, 38.2401 ms/op
WorkloadActual  59: 14 op, 546637048.00 ns, 39.0455 ms/op
WorkloadActual  60: 14 op, 513498527.00 ns, 36.6785 ms/op
WorkloadActual  61: 14 op, 426765876.00 ns, 30.4833 ms/op
WorkloadActual  62: 14 op, 515101717.00 ns, 36.7930 ms/op
WorkloadActual  63: 14 op, 431170921.00 ns, 30.7979 ms/op
WorkloadActual  64: 14 op, 611505605.00 ns, 43.6790 ms/op
WorkloadActual  65: 14 op, 535626526.00 ns, 38.2590 ms/op
WorkloadActual  66: 14 op, 554048440.00 ns, 39.5749 ms/op
WorkloadActual  67: 14 op, 540822746.00 ns, 38.6302 ms/op
WorkloadActual  68: 14 op, 550259966.00 ns, 39.3043 ms/op
WorkloadActual  69: 14 op, 530672111.00 ns, 37.9052 ms/op
WorkloadActual  70: 14 op, 546819859.00 ns, 39.0586 ms/op
WorkloadActual  71: 14 op, 551613959.00 ns, 39.4010 ms/op
WorkloadActual  72: 14 op, 547125163.00 ns, 39.0804 ms/op
WorkloadActual  73: 14 op, 543758579.00 ns, 38.8399 ms/op
WorkloadActual  74: 14 op, 565434082.00 ns, 40.3881 ms/op
WorkloadActual  75: 14 op, 617411775.00 ns, 44.1008 ms/op
WorkloadActual  76: 14 op, 548736330.00 ns, 39.1955 ms/op
WorkloadActual  77: 14 op, 546583117.00 ns, 39.0417 ms/op
WorkloadActual  78: 14 op, 518265787.00 ns, 37.0190 ms/op
WorkloadActual  79: 14 op, 552873181.00 ns, 39.4909 ms/op
WorkloadActual  80: 14 op, 567464420.00 ns, 40.5332 ms/op
WorkloadActual  81: 14 op, 566099326.00 ns, 40.4357 ms/op
WorkloadActual  82: 14 op, 535643371.00 ns, 38.2602 ms/op
WorkloadActual  83: 14 op, 509797933.00 ns, 36.4141 ms/op
WorkloadActual  84: 14 op, 535244317.00 ns, 38.2317 ms/op
WorkloadActual  85: 14 op, 536168286.00 ns, 38.2977 ms/op
WorkloadActual  86: 14 op, 552195064.00 ns, 39.4425 ms/op
WorkloadActual  87: 14 op, 510189153.00 ns, 36.4421 ms/op
WorkloadActual  88: 14 op, 524329969.00 ns, 37.4521 ms/op
WorkloadActual  89: 14 op, 498424817.00 ns, 35.6018 ms/op
WorkloadActual  90: 14 op, 540292473.00 ns, 38.5923 ms/op
WorkloadActual  91: 14 op, 478261921.00 ns, 34.1616 ms/op
WorkloadActual  92: 14 op, 531102588.00 ns, 37.9359 ms/op
WorkloadActual  93: 14 op, 550235462.00 ns, 39.3025 ms/op
WorkloadActual  94: 14 op, 567945011.00 ns, 40.5675 ms/op
WorkloadActual  95: 14 op, 537887008.00 ns, 38.4205 ms/op
WorkloadActual  96: 14 op, 582973577.00 ns, 41.6410 ms/op
WorkloadActual  97: 14 op, 590972013.00 ns, 42.2123 ms/op
WorkloadActual  98: 14 op, 548608788.00 ns, 39.1863 ms/op
WorkloadActual  99: 14 op, 547619814.00 ns, 39.1157 ms/op
WorkloadActual  100: 14 op, 532658698.00 ns, 38.0470 ms/op

// AfterActualRun
WorkloadResult   1: 14 op, 574729301.00 ns, 41.0521 ms/op
WorkloadResult   2: 14 op, 545425913.00 ns, 38.9590 ms/op
WorkloadResult   3: 14 op, 564975986.00 ns, 40.3554 ms/op
WorkloadResult   4: 14 op, 530674749.00 ns, 37.9053 ms/op
WorkloadResult   5: 14 op, 512314865.00 ns, 36.5939 ms/op
WorkloadResult   6: 14 op, 526501188.00 ns, 37.6072 ms/op
WorkloadResult   7: 14 op, 533126965.00 ns, 38.0805 ms/op
WorkloadResult   8: 14 op, 532608352.00 ns, 38.0435 ms/op
WorkloadResult   9: 14 op, 518141722.00 ns, 37.0101 ms/op
WorkloadResult  10: 14 op, 510614149.00 ns, 36.4724 ms/op
WorkloadResult  11: 14 op, 537614077.00 ns, 38.4010 ms/op
WorkloadResult  12: 14 op, 513093957.00 ns, 36.6496 ms/op
WorkloadResult  13: 14 op, 537449693.00 ns, 38.3893 ms/op
WorkloadResult  14: 14 op, 543611901.00 ns, 38.8294 ms/op
WorkloadResult  15: 14 op, 563056192.00 ns, 40.2183 ms/op
WorkloadResult  16: 14 op, 538239144.00 ns, 38.4457 ms/op
WorkloadResult  17: 14 op, 515108796.00 ns, 36.7935 ms/op
WorkloadResult  18: 14 op, 528370599.00 ns, 37.7408 ms/op
WorkloadResult  19: 14 op, 544213584.00 ns, 38.8724 ms/op
WorkloadResult  20: 14 op, 530173361.00 ns, 37.8695 ms/op
WorkloadResult  21: 14 op, 526027663.00 ns, 37.5734 ms/op
WorkloadResult  22: 14 op, 528731159.00 ns, 37.7665 ms/op
WorkloadResult  23: 14 op, 514771580.00 ns, 36.7694 ms/op
WorkloadResult  24: 14 op, 536111160.00 ns, 38.2937 ms/op
WorkloadResult  25: 14 op, 551629634.00 ns, 39.4021 ms/op
WorkloadResult  26: 14 op, 577768153.00 ns, 41.2692 ms/op
WorkloadResult  27: 14 op, 591277440.00 ns, 42.2341 ms/op
WorkloadResult  28: 14 op, 531846896.00 ns, 37.9891 ms/op
WorkloadResult  29: 14 op, 459830353.00 ns, 32.8450 ms/op
WorkloadResult  30: 14 op, 419881071.00 ns, 29.9915 ms/op
WorkloadResult  31: 14 op, 418161318.00 ns, 29.8687 ms/op
WorkloadResult  32: 14 op, 416217616.00 ns, 29.7298 ms/op
WorkloadResult  33: 14 op, 417888927.00 ns, 29.8492 ms/op
WorkloadResult  34: 14 op, 417334165.00 ns, 29.8096 ms/op
WorkloadResult  35: 14 op, 415154211.00 ns, 29.6539 ms/op
WorkloadResult  36: 14 op, 416094441.00 ns, 29.7210 ms/op
WorkloadResult  37: 14 op, 445582172.00 ns, 31.8273 ms/op
WorkloadResult  38: 14 op, 429756591.00 ns, 30.6969 ms/op
WorkloadResult  39: 14 op, 445679068.00 ns, 31.8342 ms/op
WorkloadResult  40: 14 op, 437091325.00 ns, 31.2208 ms/op
WorkloadResult  41: 14 op, 424486460.00 ns, 30.3205 ms/op
WorkloadResult  42: 14 op, 471446286.00 ns, 33.6747 ms/op
WorkloadResult  43: 14 op, 426086595.00 ns, 30.4348 ms/op
WorkloadResult  44: 14 op, 418138355.00 ns, 29.8670 ms/op
WorkloadResult  45: 14 op, 441256540.00 ns, 31.5183 ms/op
WorkloadResult  46: 14 op, 418626400.00 ns, 29.9019 ms/op
WorkloadResult  47: 14 op, 427767643.00 ns, 30.5548 ms/op
WorkloadResult  48: 14 op, 459187184.00 ns, 32.7991 ms/op
WorkloadResult  49: 14 op, 527190963.00 ns, 37.6565 ms/op
WorkloadResult  50: 14 op, 529743330.00 ns, 37.8388 ms/op
WorkloadResult  51: 14 op, 551023416.00 ns, 39.3588 ms/op
WorkloadResult  52: 14 op, 601747289.00 ns, 42.9819 ms/op
WorkloadResult  53: 14 op, 542672666.00 ns, 38.7623 ms/op
WorkloadResult  54: 14 op, 441592294.00 ns, 31.5423 ms/op
WorkloadResult  55: 14 op, 454950633.00 ns, 32.4965 ms/op
WorkloadResult  56: 14 op, 529508661.00 ns, 37.8220 ms/op
WorkloadResult  57: 14 op, 543992814.00 ns, 38.8566 ms/op
WorkloadResult  58: 14 op, 535361748.00 ns, 38.2401 ms/op
WorkloadResult  59: 14 op, 546637048.00 ns, 39.0455 ms/op
WorkloadResult  60: 14 op, 513498527.00 ns, 36.6785 ms/op
WorkloadResult  61: 14 op, 426765876.00 ns, 30.4833 ms/op
WorkloadResult  62: 14 op, 515101717.00 ns, 36.7930 ms/op
WorkloadResult  63: 14 op, 431170921.00 ns, 30.7979 ms/op
WorkloadResult  64: 14 op, 611505605.00 ns, 43.6790 ms/op
WorkloadResult  65: 14 op, 535626526.00 ns, 38.2590 ms/op
WorkloadResult  66: 14 op, 554048440.00 ns, 39.5749 ms/op
WorkloadResult  67: 14 op, 540822746.00 ns, 38.6302 ms/op
WorkloadResult  68: 14 op, 550259966.00 ns, 39.3043 ms/op
WorkloadResult  69: 14 op, 530672111.00 ns, 37.9052 ms/op
WorkloadResult  70: 14 op, 546819859.00 ns, 39.0586 ms/op
WorkloadResult  71: 14 op, 551613959.00 ns, 39.4010 ms/op
WorkloadResult  72: 14 op, 547125163.00 ns, 39.0804 ms/op
WorkloadResult  73: 14 op, 543758579.00 ns, 38.8399 ms/op
WorkloadResult  74: 14 op, 565434082.00 ns, 40.3881 ms/op
WorkloadResult  75: 14 op, 617411775.00 ns, 44.1008 ms/op
WorkloadResult  76: 14 op, 548736330.00 ns, 39.1955 ms/op
WorkloadResult  77: 14 op, 546583117.00 ns, 39.0417 ms/op
WorkloadResult  78: 14 op, 518265787.00 ns, 37.0190 ms/op
WorkloadResult  79: 14 op, 552873181.00 ns, 39.4909 ms/op
WorkloadResult  80: 14 op, 567464420.00 ns, 40.5332 ms/op
WorkloadResult  81: 14 op, 566099326.00 ns, 40.4357 ms/op
WorkloadResult  82: 14 op, 535643371.00 ns, 38.2602 ms/op
WorkloadResult  83: 14 op, 509797933.00 ns, 36.4141 ms/op
WorkloadResult  84: 14 op, 535244317.00 ns, 38.2317 ms/op
WorkloadResult  85: 14 op, 536168286.00 ns, 38.2977 ms/op
WorkloadResult  86: 14 op, 552195064.00 ns, 39.4425 ms/op
WorkloadResult  87: 14 op, 510189153.00 ns, 36.4421 ms/op
WorkloadResult  88: 14 op, 524329969.00 ns, 37.4521 ms/op
WorkloadResult  89: 14 op, 498424817.00 ns, 35.6018 ms/op
WorkloadResult  90: 14 op, 540292473.00 ns, 38.5923 ms/op
WorkloadResult  91: 14 op, 478261921.00 ns, 34.1616 ms/op
WorkloadResult  92: 14 op, 531102588.00 ns, 37.9359 ms/op
WorkloadResult  93: 14 op, 550235462.00 ns, 39.3025 ms/op
WorkloadResult  94: 14 op, 567945011.00 ns, 40.5675 ms/op
WorkloadResult  95: 14 op, 537887008.00 ns, 38.4205 ms/op
WorkloadResult  96: 14 op, 582973577.00 ns, 41.6410 ms/op
WorkloadResult  97: 14 op, 590972013.00 ns, 42.2123 ms/op
WorkloadResult  98: 14 op, 548608788.00 ns, 39.1863 ms/op
WorkloadResult  99: 14 op, 547619814.00 ns, 39.1157 ms/op
WorkloadResult  100: 14 op, 532658698.00 ns, 38.0470 ms/op
// GC:  0 0 0 11742136 14
// Threading:  265 0 14

// AfterAll
// Benchmark Process 1095264 has exited with code 0.

Mean = 36.843 ms, StdErr = 0.373 ms (1.01%), N = 100, StdDev = 3.733 ms
Min = 29.654 ms, Q1 = 35.242 ms, Median = 38.016 ms, Q3 = 39.089 ms, Max = 44.101 ms
IQR = 3.847 ms, LowerFence = 29.470 ms, UpperFence = 44.860 ms
ConfidenceInterval = [35.577 ms; 38.109 ms] (CI 99.9%), Margin = 1.266 ms (3.44% of Mean)
Skewness = -0.67, Kurtosis = 2.43, MValue = 2.71

// ** Remained 25 (50.0%) benchmark(s) to run. Estimated finish 2026-01-01 2:17 (0h 18m from now) **
// **************************
// Benchmark: Sorting.Sort_Kahn: DefaultJob [NumItems=2000, GraphType=Chain]
// *** Execute ***
// Launch: 1 / 1
// Execute: dotnet NexusMods.Benchmarks-DefaultJob-1.dll --anonymousPipes 126 127 --benchmarkName "NexusMods.Benchmarks.Benchmarks.Sorting.Sort_Kahn(NumItems: 2000, GraphType: Chain)" --job Default --benchmarkId 25 in /home/ryang/nexus-app/benchmarks/NexusMods.Benchmarks/bin/Release/net9.0/NexusMods.Benchmarks-DefaultJob-1/bin/Release/net9.0
// Failed to set up high priority (Permission denied). In order to run benchmarks with high priority, make sure you have the right permissions.
// BeforeAnythingElse

// Benchmark Process Environment Information:
// BenchmarkDotNet v0.15.2
// Runtime=.NET 9.0.11 (9.0.1125.51716), X64 RyuJIT AVX-512F+CD+BW+DQ+VL+VBMI
// GC=Concurrent Workstation
// HardwareIntrinsics=AVX-512F+CD+BW+DQ+VL+VBMI,AES,BMI1,BMI2,FMA,LZCNT,PCLMUL,POPCNT,AvxVnni VectorSize=256
// Job: DefaultJob

OverheadJitting  1: 1 op, 213168.00 ns, 213.1680 us/op
WorkloadJitting  1: 1 op, 2355079.00 ns, 2.3551 ms/op

OverheadJitting  2: 16 op, 354909.00 ns, 22.1818 us/op
WorkloadJitting  2: 16 op, 11697368.00 ns, 731.0855 us/op

WorkloadPilot    1: 16 op, 4865967.00 ns, 304.1229 us/op
WorkloadPilot    2: 32 op, 7755440.00 ns, 242.3575 us/op
WorkloadPilot    3: 64 op, 13124721.00 ns, 205.0738 us/op
WorkloadPilot    4: 128 op, 26164608.00 ns, 204.4110 us/op
WorkloadPilot    5: 256 op, 49193493.00 ns, 192.1621 us/op
WorkloadPilot    6: 512 op, 96352932.00 ns, 188.1893 us/op
WorkloadPilot    7: 1024 op, 174269592.00 ns, 170.1851 us/op
WorkloadPilot    8: 2048 op, 338428155.00 ns, 165.2481 us/op
WorkloadPilot    9: 4096 op, 659777999.00 ns, 161.0786 us/op

OverheadWarmup   1: 4096 op, 15440.00 ns, 3.7695 ns/op
OverheadWarmup   2: 4096 op, 8316.00 ns, 2.0303 ns/op
OverheadWarmup   3: 4096 op, 8226.00 ns, 2.0083 ns/op
OverheadWarmup   4: 4096 op, 8046.00 ns, 1.9644 ns/op
OverheadWarmup   5: 4096 op, 8006.00 ns, 1.9546 ns/op
OverheadWarmup   6: 4096 op, 14337.00 ns, 3.5002 ns/op
OverheadWarmup   7: 4096 op, 13345.00 ns, 3.2581 ns/op
OverheadWarmup   8: 4096 op, 10540.00 ns, 2.5732 ns/op
OverheadWarmup   9: 4096 op, 10159.00 ns, 2.4802 ns/op
OverheadWarmup  10: 4096 op, 8106.00 ns, 1.9790 ns/op

OverheadActual   1: 4096 op, 13325.00 ns, 3.2532 ns/op
OverheadActual   2: 4096 op, 10771.00 ns, 2.6296 ns/op
OverheadActual   3: 4096 op, 12964.00 ns, 3.1650 ns/op
OverheadActual   4: 4096 op, 8426.00 ns, 2.0571 ns/op
OverheadActual   5: 4096 op, 8396.00 ns, 2.0498 ns/op
OverheadActual   6: 4096 op, 8236.00 ns, 2.0107 ns/op
OverheadActual   7: 4096 op, 14367.00 ns, 3.5076 ns/op
OverheadActual   8: 4096 op, 8136.00 ns, 1.9863 ns/op
OverheadActual   9: 4096 op, 13065.00 ns, 3.1897 ns/op
OverheadActual  10: 4096 op, 13816.00 ns, 3.3730 ns/op
OverheadActual  11: 4096 op, 8567.00 ns, 2.0916 ns/op
OverheadActual  12: 4096 op, 8136.00 ns, 1.9863 ns/op
OverheadActual  13: 4096 op, 8096.00 ns, 1.9766 ns/op
OverheadActual  14: 4096 op, 13756.00 ns, 3.3584 ns/op
OverheadActual  15: 4096 op, 8176.00 ns, 1.9961 ns/op
OverheadActual  16: 4096 op, 8135.00 ns, 1.9861 ns/op
OverheadActual  17: 4096 op, 13756.00 ns, 3.3584 ns/op
OverheadActual  18: 4096 op, 10310.00 ns, 2.5171 ns/op
OverheadActual  19: 4096 op, 14197.00 ns, 3.4661 ns/op
OverheadActual  20: 4096 op, 9979.00 ns, 2.4363 ns/op

OverheadWarmup   1: 4096 op, 10830.00 ns, 2.6440 ns/op
OverheadWarmup   2: 4096 op, 10020.00 ns, 2.4463 ns/op
OverheadWarmup   3: 4096 op, 13596.00 ns, 3.3193 ns/op
OverheadWarmup   4: 4096 op, 15350.00 ns, 3.7476 ns/op
OverheadWarmup   5: 4096 op, 14147.00 ns, 3.4539 ns/op
OverheadWarmup   6: 4096 op, 13917.00 ns, 3.3977 ns/op
OverheadWarmup   7: 4096 op, 14397.00 ns, 3.5149 ns/op
OverheadWarmup   8: 4096 op, 13927.00 ns, 3.4001 ns/op

// BeforeActualRun
WorkloadActual   1: 4096 op, 628667431.00 ns, 153.4833 us/op
WorkloadActual   2: 4096 op, 667617791.00 ns, 162.9926 us/op
WorkloadActual   3: 4096 op, 684305745.00 ns, 167.0668 us/op
WorkloadActual   4: 4096 op, 705255809.00 ns, 172.1816 us/op
WorkloadActual   5: 4096 op, 683632917.00 ns, 166.9026 us/op
WorkloadActual   6: 4096 op, 679078186.00 ns, 165.7906 us/op
WorkloadActual   7: 4096 op, 722765316.00 ns, 176.4564 us/op
WorkloadActual   8: 4096 op, 712009955.00 ns, 173.8306 us/op
WorkloadActual   9: 4096 op, 705077168.00 ns, 172.1380 us/op
WorkloadActual  10: 4096 op, 688604256.00 ns, 168.1163 us/op
WorkloadActual  11: 4096 op, 710198284.00 ns, 173.3883 us/op
WorkloadActual  12: 4096 op, 750920997.00 ns, 183.3303 us/op
WorkloadActual  13: 4096 op, 746846767.00 ns, 182.3356 us/op
WorkloadActual  14: 4096 op, 677819136.00 ns, 165.4832 us/op
WorkloadActual  15: 4096 op, 655689152.00 ns, 160.0804 us/op
WorkloadActual  16: 4096 op, 660367832.00 ns, 161.2226 us/op
WorkloadActual  17: 4096 op, 710050101.00 ns, 173.3521 us/op
WorkloadActual  18: 4096 op, 742341020.00 ns, 181.2356 us/op
WorkloadActual  19: 4096 op, 660957631.00 ns, 161.3666 us/op
WorkloadActual  20: 4096 op, 682812638.00 ns, 166.7023 us/op
WorkloadActual  21: 4096 op, 692337947.00 ns, 169.0278 us/op
WorkloadActual  22: 4096 op, 654902358.00 ns, 159.8883 us/op
WorkloadActual  23: 4096 op, 651345627.00 ns, 159.0199 us/op
WorkloadActual  24: 4096 op, 651854030.00 ns, 159.1441 us/op
WorkloadActual  25: 4096 op, 665567388.00 ns, 162.4920 us/op
WorkloadActual  26: 4096 op, 658580050.00 ns, 160.7861 us/op
WorkloadActual  27: 4096 op, 663178435.00 ns, 161.9088 us/op
WorkloadActual  28: 4096 op, 663080898.00 ns, 161.8850 us/op
WorkloadActual  29: 4096 op, 683542297.00 ns, 166.8804 us/op
WorkloadActual  30: 4096 op, 693618551.00 ns, 169.3405 us/op
WorkloadActual  31: 4096 op, 668139354.00 ns, 163.1200 us/op
WorkloadActual  32: 4096 op, 647428298.00 ns, 158.0635 us/op
WorkloadActual  33: 4096 op, 648962907.00 ns, 158.4382 us/op
WorkloadActual  34: 4096 op, 647307076.00 ns, 158.0340 us/op
WorkloadActual  35: 4096 op, 665346046.00 ns, 162.4380 us/op
WorkloadActual  36: 4096 op, 631868145.00 ns, 154.2647 us/op
WorkloadActual  37: 4096 op, 668161388.00 ns, 163.1253 us/op
WorkloadActual  38: 4096 op, 733348896.00 ns, 179.0403 us/op
WorkloadActual  39: 4096 op, 741617519.00 ns, 181.0590 us/op
WorkloadActual  40: 4096 op, 688198324.00 ns, 168.0172 us/op
WorkloadActual  41: 4096 op, 724234586.00 ns, 176.8151 us/op
WorkloadActual  42: 4096 op, 696294587.00 ns, 169.9938 us/op
WorkloadActual  43: 4096 op, 667296092.00 ns, 162.9141 us/op
WorkloadActual  44: 4096 op, 672659121.00 ns, 164.2234 us/op
WorkloadActual  45: 4096 op, 632036719.00 ns, 154.3058 us/op
WorkloadActual  46: 4096 op, 643726742.00 ns, 157.1598 us/op
WorkloadActual  47: 4096 op, 682050714.00 ns, 166.5163 us/op
WorkloadActual  48: 4096 op, 692511124.00 ns, 169.0701 us/op
WorkloadActual  49: 4096 op, 684856106.00 ns, 167.2012 us/op
WorkloadActual  50: 4096 op, 655492652.00 ns, 160.0324 us/op
WorkloadActual  51: 4096 op, 670462766.00 ns, 163.6872 us/op
WorkloadActual  52: 4096 op, 664406590.00 ns, 162.2086 us/op
WorkloadActual  53: 4096 op, 675033428.00 ns, 164.8031 us/op

// AfterActualRun
WorkloadResult   1: 4096 op, 628657286.50 ns, 153.4808 us/op
WorkloadResult   2: 4096 op, 667607646.50 ns, 162.9901 us/op
WorkloadResult   3: 4096 op, 684295600.50 ns, 167.0644 us/op
WorkloadResult   4: 4096 op, 705245664.50 ns, 172.1791 us/op
WorkloadResult   5: 4096 op, 683622772.50 ns, 166.9001 us/op
WorkloadResult   6: 4096 op, 679068041.50 ns, 165.7881 us/op
WorkloadResult   7: 4096 op, 722755171.50 ns, 176.4539 us/op
WorkloadResult   8: 4096 op, 711999810.50 ns, 173.8281 us/op
WorkloadResult   9: 4096 op, 705067023.50 ns, 172.1355 us/op
WorkloadResult  10: 4096 op, 688594111.50 ns, 168.1138 us/op
WorkloadResult  11: 4096 op, 710188139.50 ns, 173.3858 us/op
WorkloadResult  12: 4096 op, 677808991.50 ns, 165.4807 us/op
WorkloadResult  13: 4096 op, 655679007.50 ns, 160.0779 us/op
WorkloadResult  14: 4096 op, 660357687.50 ns, 161.2201 us/op
WorkloadResult  15: 4096 op, 710039956.50 ns, 173.3496 us/op
WorkloadResult  16: 4096 op, 742330875.50 ns, 181.2331 us/op
WorkloadResult  17: 4096 op, 660947486.50 ns, 161.3641 us/op
WorkloadResult  18: 4096 op, 682802493.50 ns, 166.6998 us/op
WorkloadResult  19: 4096 op, 692327802.50 ns, 169.0253 us/op
WorkloadResult  20: 4096 op, 654892213.50 ns, 159.8858 us/op
WorkloadResult  21: 4096 op, 651335482.50 ns, 159.0175 us/op
WorkloadResult  22: 4096 op, 651843885.50 ns, 159.1416 us/op
WorkloadResult  23: 4096 op, 665557243.50 ns, 162.4896 us/op
WorkloadResult  24: 4096 op, 658569905.50 ns, 160.7837 us/op
WorkloadResult  25: 4096 op, 663168290.50 ns, 161.9063 us/op
WorkloadResult  26: 4096 op, 663070753.50 ns, 161.8825 us/op
WorkloadResult  27: 4096 op, 683532152.50 ns, 166.8780 us/op
WorkloadResult  28: 4096 op, 693608406.50 ns, 169.3380 us/op
WorkloadResult  29: 4096 op, 668129209.50 ns, 163.1175 us/op
WorkloadResult  30: 4096 op, 647418153.50 ns, 158.0611 us/op
WorkloadResult  31: 4096 op, 648952762.50 ns, 158.4357 us/op
WorkloadResult  32: 4096 op, 647296931.50 ns, 158.0315 us/op
WorkloadResult  33: 4096 op, 665335901.50 ns, 162.4355 us/op
WorkloadResult  34: 4096 op, 631858000.50 ns, 154.2622 us/op
WorkloadResult  35: 4096 op, 668151243.50 ns, 163.1229 us/op
WorkloadResult  36: 4096 op, 733338751.50 ns, 179.0378 us/op
WorkloadResult  37: 4096 op, 741607374.50 ns, 181.0565 us/op
WorkloadResult  38: 4096 op, 688188179.50 ns, 168.0147 us/op
WorkloadResult  39: 4096 op, 724224441.50 ns, 176.8126 us/op
WorkloadResult  40: 4096 op, 696284442.50 ns, 169.9913 us/op
WorkloadResult  41: 4096 op, 667285947.50 ns, 162.9116 us/op
WorkloadResult  42: 4096 op, 672648976.50 ns, 164.2209 us/op
WorkloadResult  43: 4096 op, 632026574.50 ns, 154.3034 us/op
WorkloadResult  44: 4096 op, 643716597.50 ns, 157.1574 us/op
WorkloadResult  45: 4096 op, 682040569.50 ns, 166.5138 us/op
WorkloadResult  46: 4096 op, 692500979.50 ns, 169.0676 us/op
WorkloadResult  47: 4096 op, 684845961.50 ns, 167.1987 us/op
WorkloadResult  48: 4096 op, 655482507.50 ns, 160.0299 us/op
WorkloadResult  49: 4096 op, 670452621.50 ns, 163.6847 us/op
WorkloadResult  50: 4096 op, 664396445.50 ns, 162.2062 us/op
WorkloadResult  51: 4096 op, 675023283.50 ns, 164.8006 us/op
// GC:  23 7 0 1170571264 4096
// Threading:  0 0 4096

// AfterAll
// Benchmark Process 1095624 has exited with code 0.

Mean = 165.423 μs, StdErr = 0.935 μs (0.57%), N = 51, StdDev = 6.678 μs
Min = 153.481 μs, Q1 = 161.002 μs, Median = 164.221 μs, Q3 = 169.046 μs, Max = 181.233 μs
IQR = 8.045 μs, LowerFence = 148.935 μs, UpperFence = 181.113 μs
ConfidenceInterval = [162.154 μs; 168.692 μs] (CI 99.9%), Margin = 3.269 μs (1.98% of Mean)
Skewness = 0.53, Kurtosis = 2.74, MValue = 2

// ** Remained 24 (48.0%) benchmark(s) to run. Estimated finish 2026-01-01 2:17 (0h 17m from now) **
// **************************
// Benchmark: Sorting.Sort_Original: DefaultJob [NumItems=2000, GraphType=Star]
// *** Execute ***
// Launch: 1 / 1
// Execute: dotnet NexusMods.Benchmarks-DefaultJob-1.dll --anonymousPipes 126 127 --benchmarkName "NexusMods.Benchmarks.Benchmarks.Sorting.Sort_Original(NumItems: 2000, GraphType: Star)" --job Default --benchmarkId 26 in /home/ryang/nexus-app/benchmarks/NexusMods.Benchmarks/bin/Release/net9.0/NexusMods.Benchmarks-DefaultJob-1/bin/Release/net9.0
// Failed to set up high priority (Permission denied). In order to run benchmarks with high priority, make sure you have the right permissions.
// BeforeAnythingElse

// Benchmark Process Environment Information:
// BenchmarkDotNet v0.15.2
// Runtime=.NET 9.0.11 (9.0.1125.51716), X64 RyuJIT AVX-512F+CD+BW+DQ+VL+VBMI
// GC=Concurrent Workstation
// HardwareIntrinsics=AVX-512F+CD+BW+DQ+VL+VBMI,AES,BMI1,BMI2,FMA,LZCNT,PCLMUL,POPCNT,AvxVnni VectorSize=256
// Job: DefaultJob

OverheadJitting  1: 1 op, 216464.00 ns, 216.4640 us/op
WorkloadJitting  1: 1 op, 34020752.00 ns, 34.0208 ms/op

WorkloadPilot    1: 2 op, 48423389.00 ns, 24.2117 ms/op
WorkloadPilot    2: 3 op, 66248650.00 ns, 22.0829 ms/op
WorkloadPilot    3: 4 op, 89484312.00 ns, 22.3711 ms/op
WorkloadPilot    4: 5 op, 69529773.00 ns, 13.9060 ms/op
WorkloadPilot    5: 6 op, 83722679.00 ns, 13.9538 ms/op
WorkloadPilot    6: 7 op, 99238258.00 ns, 14.1769 ms/op
WorkloadPilot    7: 8 op, 133315788.00 ns, 16.6645 ms/op
WorkloadPilot    8: 9 op, 136651455.00 ns, 15.1835 ms/op
WorkloadPilot    9: 10 op, 164522632.00 ns, 16.4523 ms/op
WorkloadPilot   10: 11 op, 168609978.00 ns, 15.3282 ms/op
WorkloadPilot   11: 12 op, 175641261.00 ns, 14.6368 ms/op
WorkloadPilot   12: 13 op, 190235266.00 ns, 14.6335 ms/op
WorkloadPilot   13: 14 op, 182282007.00 ns, 13.0201 ms/op
WorkloadPilot   14: 15 op, 195300454.00 ns, 13.0200 ms/op
WorkloadPilot   15: 16 op, 194169399.00 ns, 12.1356 ms/op
WorkloadPilot   16: 32 op, 420148826.00 ns, 13.1297 ms/op
WorkloadPilot   17: 64 op, 825849225.00 ns, 12.9039 ms/op

OverheadWarmup   1: 64 op, 1763.00 ns, 27.5469 ns/op
OverheadWarmup   2: 64 op, 460.00 ns, 7.1875 ns/op
OverheadWarmup   3: 64 op, 410.00 ns, 6.4063 ns/op
OverheadWarmup   4: 64 op, 411.00 ns, 6.4219 ns/op
OverheadWarmup   5: 64 op, 241.00 ns, 3.7656 ns/op
OverheadWarmup   6: 64 op, 501.00 ns, 7.8281 ns/op
OverheadWarmup   7: 64 op, 330.00 ns, 5.1563 ns/op

// BeforeActualRun
WorkloadActual   1: 64 op, 838157263.00 ns, 13.0962 ms/op
WorkloadActual   2: 64 op, 834639488.00 ns, 13.0412 ms/op
WorkloadActual   3: 64 op, 805383479.00 ns, 12.5841 ms/op
WorkloadActual   4: 64 op, 852404323.00 ns, 13.3188 ms/op
WorkloadActual   5: 64 op, 905095815.00 ns, 14.1421 ms/op
WorkloadActual   6: 64 op, 819395560.00 ns, 12.8031 ms/op
WorkloadActual   7: 64 op, 853322462.00 ns, 13.3332 ms/op
WorkloadActual   8: 64 op, 860810460.00 ns, 13.4502 ms/op
WorkloadActual   9: 64 op, 842452268.00 ns, 13.1633 ms/op
WorkloadActual  10: 64 op, 850913881.00 ns, 13.2955 ms/op
WorkloadActual  11: 64 op, 864427045.00 ns, 13.5067 ms/op
WorkloadActual  12: 64 op, 913437991.00 ns, 14.2725 ms/op
WorkloadActual  13: 64 op, 827903252.00 ns, 12.9360 ms/op
WorkloadActual  14: 64 op, 818246341.00 ns, 12.7851 ms/op
WorkloadActual  15: 64 op, 786598764.00 ns, 12.2906 ms/op
WorkloadActual  16: 64 op, 786081633.00 ns, 12.2825 ms/op
WorkloadActual  17: 64 op, 821184317.00 ns, 12.8310 ms/op
WorkloadActual  18: 64 op, 841346754.00 ns, 13.1460 ms/op
WorkloadActual  19: 64 op, 927654603.00 ns, 14.4946 ms/op
WorkloadActual  20: 64 op, 857751105.00 ns, 13.4024 ms/op
WorkloadActual  21: 64 op, 876210320.00 ns, 13.6908 ms/op
WorkloadActual  22: 64 op, 855177628.00 ns, 13.3622 ms/op
WorkloadActual  23: 64 op, 863908836.00 ns, 13.4986 ms/op
WorkloadActual  24: 64 op, 868406679.00 ns, 13.5689 ms/op
WorkloadActual  25: 64 op, 897622069.00 ns, 14.0253 ms/op
WorkloadActual  26: 64 op, 958671095.00 ns, 14.9792 ms/op
WorkloadActual  27: 64 op, 854609091.00 ns, 13.3533 ms/op
WorkloadActual  28: 64 op, 849737432.00 ns, 13.2771 ms/op
WorkloadActual  29: 64 op, 798672144.00 ns, 12.4793 ms/op
WorkloadActual  30: 64 op, 807224690.00 ns, 12.6129 ms/op
WorkloadActual  31: 64 op, 838487993.00 ns, 13.1014 ms/op
WorkloadActual  32: 64 op, 851787659.00 ns, 13.3092 ms/op
WorkloadActual  33: 64 op, 939253036.00 ns, 14.6758 ms/op
WorkloadActual  34: 64 op, 832346304.00 ns, 13.0054 ms/op
WorkloadActual  35: 64 op, 827038300.00 ns, 12.9225 ms/op
WorkloadActual  36: 64 op, 798432257.00 ns, 12.4755 ms/op
WorkloadActual  37: 64 op, 844750325.00 ns, 13.1992 ms/op
WorkloadActual  38: 64 op, 817916403.00 ns, 12.7799 ms/op
WorkloadActual  39: 64 op, 809723087.00 ns, 12.6519 ms/op
WorkloadActual  40: 64 op, 962493337.00 ns, 15.0390 ms/op
WorkloadActual  41: 64 op, 849075147.00 ns, 13.2668 ms/op
WorkloadActual  42: 64 op, 804465951.00 ns, 12.5698 ms/op
WorkloadActual  43: 64 op, 826409718.00 ns, 12.9127 ms/op
WorkloadActual  44: 64 op, 820156635.00 ns, 12.8149 ms/op

// AfterActualRun
WorkloadResult   1: 64 op, 838157263.00 ns, 13.0962 ms/op
WorkloadResult   2: 64 op, 834639488.00 ns, 13.0412 ms/op
WorkloadResult   3: 64 op, 805383479.00 ns, 12.5841 ms/op
WorkloadResult   4: 64 op, 852404323.00 ns, 13.3188 ms/op
WorkloadResult   5: 64 op, 905095815.00 ns, 14.1421 ms/op
WorkloadResult   6: 64 op, 819395560.00 ns, 12.8031 ms/op
WorkloadResult   7: 64 op, 853322462.00 ns, 13.3332 ms/op
WorkloadResult   8: 64 op, 860810460.00 ns, 13.4502 ms/op
WorkloadResult   9: 64 op, 842452268.00 ns, 13.1633 ms/op
WorkloadResult  10: 64 op, 850913881.00 ns, 13.2955 ms/op
WorkloadResult  11: 64 op, 864427045.00 ns, 13.5067 ms/op
WorkloadResult  12: 64 op, 913437991.00 ns, 14.2725 ms/op
WorkloadResult  13: 64 op, 827903252.00 ns, 12.9360 ms/op
WorkloadResult  14: 64 op, 818246341.00 ns, 12.7851 ms/op
WorkloadResult  15: 64 op, 786598764.00 ns, 12.2906 ms/op
WorkloadResult  16: 64 op, 786081633.00 ns, 12.2825 ms/op
WorkloadResult  17: 64 op, 821184317.00 ns, 12.8310 ms/op
WorkloadResult  18: 64 op, 841346754.00 ns, 13.1460 ms/op
WorkloadResult  19: 64 op, 857751105.00 ns, 13.4024 ms/op
WorkloadResult  20: 64 op, 876210320.00 ns, 13.6908 ms/op
WorkloadResult  21: 64 op, 855177628.00 ns, 13.3622 ms/op
WorkloadResult  22: 64 op, 863908836.00 ns, 13.4986 ms/op
WorkloadResult  23: 64 op, 868406679.00 ns, 13.5689 ms/op
WorkloadResult  24: 64 op, 897622069.00 ns, 14.0253 ms/op
WorkloadResult  25: 64 op, 854609091.00 ns, 13.3533 ms/op
WorkloadResult  26: 64 op, 849737432.00 ns, 13.2771 ms/op
WorkloadResult  27: 64 op, 798672144.00 ns, 12.4793 ms/op
WorkloadResult  28: 64 op, 807224690.00 ns, 12.6129 ms/op
WorkloadResult  29: 64 op, 838487993.00 ns, 13.1014 ms/op
WorkloadResult  30: 64 op, 851787659.00 ns, 13.3092 ms/op
WorkloadResult  31: 64 op, 832346304.00 ns, 13.0054 ms/op
WorkloadResult  32: 64 op, 827038300.00 ns, 12.9225 ms/op
WorkloadResult  33: 64 op, 798432257.00 ns, 12.4755 ms/op
WorkloadResult  34: 64 op, 844750325.00 ns, 13.1992 ms/op
WorkloadResult  35: 64 op, 817916403.00 ns, 12.7799 ms/op
WorkloadResult  36: 64 op, 809723087.00 ns, 12.6519 ms/op
WorkloadResult  37: 64 op, 849075147.00 ns, 13.2668 ms/op
WorkloadResult  38: 64 op, 804465951.00 ns, 12.5698 ms/op
WorkloadResult  39: 64 op, 826409718.00 ns, 12.9127 ms/op
WorkloadResult  40: 64 op, 820156635.00 ns, 12.8149 ms/op
// GC:  0 0 0 28847320 64
// Threading:  1170 24 64

// AfterAll
// Benchmark Process 1095815 has exited with code 0.

Mean = 13.114 ms, StdErr = 0.074 ms (0.56%), N = 40, StdDev = 0.465 ms
Min = 12.283 ms, Q1 = 12.799 ms, Median = 13.124 ms, Q3 = 13.355 ms, Max = 14.272 ms
IQR = 0.557 ms, LowerFence = 11.963 ms, UpperFence = 14.191 ms
ConfidenceInterval = [12.852 ms; 13.376 ms] (CI 99.9%), Margin = 0.262 ms (2.00% of Mean)
Skewness = 0.39, Kurtosis = 2.9, MValue = 2

// ** Remained 23 (46.0%) benchmark(s) to run. Estimated finish 2026-01-01 2:17 (0h 16m from now) **
// **************************
// Benchmark: Sorting.Sort_Kahn: DefaultJob [NumItems=2000, GraphType=Star]
// *** Execute ***
// Launch: 1 / 1
// Execute: dotnet NexusMods.Benchmarks-DefaultJob-1.dll --anonymousPipes 126 127 --benchmarkName "NexusMods.Benchmarks.Benchmarks.Sorting.Sort_Kahn(NumItems: 2000, GraphType: Star)" --job Default --benchmarkId 27 in /home/ryang/nexus-app/benchmarks/NexusMods.Benchmarks/bin/Release/net9.0/NexusMods.Benchmarks-DefaultJob-1/bin/Release/net9.0
// Failed to set up high priority (Permission denied). In order to run benchmarks with high priority, make sure you have the right permissions.
// BeforeAnythingElse

// Benchmark Process Environment Information:
// BenchmarkDotNet v0.15.2
// Runtime=.NET 9.0.11 (9.0.1125.51716), X64 RyuJIT AVX-512F+CD+BW+DQ+VL+VBMI
// GC=Concurrent Workstation
// HardwareIntrinsics=AVX-512F+CD+BW+DQ+VL+VBMI,AES,BMI1,BMI2,FMA,LZCNT,PCLMUL,POPCNT,AvxVnni VectorSize=256
// Job: DefaultJob

OverheadJitting  1: 1 op, 165387.00 ns, 165.3870 us/op
WorkloadJitting  1: 1 op, 2067919.00 ns, 2.0679 ms/op

OverheadJitting  2: 16 op, 476082.00 ns, 29.7551 us/op
WorkloadJitting  2: 16 op, 9466035.00 ns, 591.6272 us/op

WorkloadPilot    1: 16 op, 2235471.00 ns, 139.7169 us/op
WorkloadPilot    2: 32 op, 4618824.00 ns, 144.3383 us/op
WorkloadPilot    3: 64 op, 9033728.00 ns, 141.1520 us/op
WorkloadPilot    4: 128 op, 18092844.00 ns, 141.3503 us/op
WorkloadPilot    5: 256 op, 34249260.00 ns, 133.7862 us/op
WorkloadPilot    6: 512 op, 64342532.00 ns, 125.6690 us/op
WorkloadPilot    7: 1024 op, 126583439.00 ns, 123.6166 us/op
WorkloadPilot    8: 2048 op, 220152904.00 ns, 107.4965 us/op
WorkloadPilot    9: 4096 op, 430592488.00 ns, 105.1251 us/op
WorkloadPilot   10: 8192 op, 914003120.00 ns, 111.5726 us/op

OverheadWarmup   1: 8192 op, 17804.00 ns, 2.1733 ns/op
OverheadWarmup   2: 8192 op, 16251.00 ns, 1.9838 ns/op
OverheadWarmup   3: 8192 op, 16031.00 ns, 1.9569 ns/op
OverheadWarmup   4: 8192 op, 26461.00 ns, 3.2301 ns/op
OverheadWarmup   5: 8192 op, 16131.00 ns, 1.9691 ns/op
OverheadWarmup   6: 8192 op, 27372.00 ns, 3.3413 ns/op
OverheadWarmup   7: 8192 op, 19988.00 ns, 2.4399 ns/op

OverheadActual   1: 8192 op, 16372.00 ns, 1.9985 ns/op
OverheadActual   2: 8192 op, 27873.00 ns, 3.4025 ns/op
OverheadActual   3: 8192 op, 16351.00 ns, 1.9960 ns/op
OverheadActual   4: 8192 op, 16121.00 ns, 1.9679 ns/op
OverheadActual   5: 8192 op, 16371.00 ns, 1.9984 ns/op
OverheadActual   6: 8192 op, 16301.00 ns, 1.9899 ns/op
OverheadActual   7: 8192 op, 15980.00 ns, 1.9507 ns/op
OverheadActual   8: 8192 op, 16342.00 ns, 1.9949 ns/op
OverheadActual   9: 8192 op, 27593.00 ns, 3.3683 ns/op
OverheadActual  10: 8192 op, 16491.00 ns, 2.0131 ns/op
OverheadActual  11: 8192 op, 16121.00 ns, 1.9679 ns/op
OverheadActual  12: 8192 op, 27452.00 ns, 3.3511 ns/op
OverheadActual  13: 8192 op, 16281.00 ns, 1.9874 ns/op
OverheadActual  14: 8192 op, 26240.00 ns, 3.2031 ns/op
OverheadActual  15: 8192 op, 16361.00 ns, 1.9972 ns/op
OverheadActual  16: 8192 op, 16031.00 ns, 1.9569 ns/op
OverheadActual  17: 8192 op, 15981.00 ns, 1.9508 ns/op

OverheadWarmup   1: 8192 op, 25249.00 ns, 3.0822 ns/op
OverheadWarmup   2: 8192 op, 16341.00 ns, 1.9948 ns/op
OverheadWarmup   3: 8192 op, 26130.00 ns, 3.1897 ns/op
OverheadWarmup   4: 8192 op, 16592.00 ns, 2.0254 ns/op
OverheadWarmup   5: 8192 op, 17112.00 ns, 2.0889 ns/op
OverheadWarmup   6: 8192 op, 26521.00 ns, 3.2374 ns/op
OverheadWarmup   7: 8192 op, 16441.00 ns, 2.0070 ns/op

// BeforeActualRun
WorkloadActual   1: 8192 op, 829341674.00 ns, 101.2380 us/op
WorkloadActual   2: 8192 op, 862452693.00 ns, 105.2799 us/op
WorkloadActual   3: 8192 op, 837740416.00 ns, 102.2632 us/op
WorkloadActual   4: 8192 op, 838184326.00 ns, 102.3174 us/op
WorkloadActual   5: 8192 op, 866453616.00 ns, 105.7683 us/op
WorkloadActual   6: 8192 op, 873463648.00 ns, 106.6240 us/op
WorkloadActual   7: 8192 op, 1044505265.00 ns, 127.5031 us/op
WorkloadActual   8: 8192 op, 980046251.00 ns, 119.6346 us/op
WorkloadActual   9: 8192 op, 1024362357.00 ns, 125.0442 us/op
WorkloadActual  10: 8192 op, 990682107.00 ns, 120.9329 us/op
WorkloadActual  11: 8192 op, 952119228.00 ns, 116.2255 us/op
WorkloadActual  12: 8192 op, 964257761.00 ns, 117.7072 us/op
WorkloadActual  13: 8192 op, 1003781520.00 ns, 122.5319 us/op
WorkloadActual  14: 8192 op, 943876555.00 ns, 115.2193 us/op
WorkloadActual  15: 8192 op, 952557358.00 ns, 116.2790 us/op
WorkloadActual  16: 8192 op, 922397818.00 ns, 112.5974 us/op
WorkloadActual  17: 8192 op, 866725078.00 ns, 105.8014 us/op
WorkloadActual  18: 8192 op, 881236534.00 ns, 107.5728 us/op
WorkloadActual  19: 8192 op, 1031423200.00 ns, 125.9062 us/op
WorkloadActual  20: 8192 op, 1008656236.00 ns, 123.1270 us/op
WorkloadActual  21: 8192 op, 1006524604.00 ns, 122.8668 us/op
WorkloadActual  22: 8192 op, 996759978.00 ns, 121.6748 us/op
WorkloadActual  23: 8192 op, 959492639.00 ns, 117.1256 us/op
WorkloadActual  24: 8192 op, 935640037.00 ns, 114.2139 us/op
WorkloadActual  25: 8192 op, 972702183.00 ns, 118.7381 us/op
WorkloadActual  26: 8192 op, 976505926.00 ns, 119.2024 us/op
WorkloadActual  27: 8192 op, 966373546.00 ns, 117.9655 us/op
WorkloadActual  28: 8192 op, 928113586.00 ns, 113.2951 us/op
WorkloadActual  29: 8192 op, 852947389.00 ns, 104.1196 us/op
WorkloadActual  30: 8192 op, 881796921.00 ns, 107.6412 us/op
WorkloadActual  31: 8192 op, 870623396.00 ns, 106.2773 us/op
WorkloadActual  32: 8192 op, 985543874.00 ns, 120.3056 us/op
WorkloadActual  33: 8192 op, 948532846.00 ns, 115.7877 us/op
WorkloadActual  34: 8192 op, 920622834.00 ns, 112.3807 us/op
WorkloadActual  35: 8192 op, 904853029.00 ns, 110.4557 us/op
WorkloadActual  36: 8192 op, 928476994.00 ns, 113.3395 us/op
WorkloadActual  37: 8192 op, 899244811.00 ns, 109.7711 us/op
WorkloadActual  38: 8192 op, 988387240.00 ns, 120.6527 us/op
WorkloadActual  39: 8192 op, 1013415213.00 ns, 123.7079 us/op
WorkloadActual  40: 8192 op, 1003161680.00 ns, 122.4563 us/op
WorkloadActual  41: 8192 op, 975676232.00 ns, 119.1011 us/op
WorkloadActual  42: 8192 op, 932208802.00 ns, 113.7950 us/op
WorkloadActual  43: 8192 op, 948393962.00 ns, 115.7707 us/op
WorkloadActual  44: 8192 op, 927169482.00 ns, 113.1799 us/op
WorkloadActual  45: 8192 op, 948493744.00 ns, 115.7829 us/op
WorkloadActual  46: 8192 op, 945415440.00 ns, 115.4072 us/op
WorkloadActual  47: 8192 op, 960657866.00 ns, 117.2678 us/op
WorkloadActual  48: 8192 op, 977668028.00 ns, 119.3442 us/op
WorkloadActual  49: 8192 op, 981774260.00 ns, 119.8455 us/op
WorkloadActual  50: 8192 op, 967731582.00 ns, 118.1313 us/op
WorkloadActual  51: 8192 op, 1024513337.00 ns, 125.0627 us/op
WorkloadActual  52: 8192 op, 985710588.00 ns, 120.3260 us/op
WorkloadActual  53: 8192 op, 954002244.00 ns, 116.4554 us/op
WorkloadActual  54: 8192 op, 995346119.00 ns, 121.5022 us/op
WorkloadActual  55: 8192 op, 973874055.00 ns, 118.8811 us/op
WorkloadActual  56: 8192 op, 970945357.00 ns, 118.5236 us/op
WorkloadActual  57: 8192 op, 1081718094.00 ns, 132.0457 us/op
WorkloadActual  58: 8192 op, 972027399.00 ns, 118.6557 us/op
WorkloadActual  59: 8192 op, 999457623.00 ns, 122.0041 us/op
WorkloadActual  60: 8192 op, 986256927.00 ns, 120.3927 us/op
WorkloadActual  61: 8192 op, 957022450.00 ns, 116.8240 us/op
WorkloadActual  62: 8192 op, 939752871.00 ns, 114.7159 us/op
WorkloadActual  63: 8192 op, 1018346532.00 ns, 124.3099 us/op
WorkloadActual  64: 8192 op, 974313439.00 ns, 118.9347 us/op
WorkloadActual  65: 8192 op, 942361167.00 ns, 115.0343 us/op
WorkloadActual  66: 8192 op, 933057312.00 ns, 113.8986 us/op
WorkloadActual  67: 8192 op, 939106415.00 ns, 114.6370 us/op
WorkloadActual  68: 8192 op, 953082747.00 ns, 116.3431 us/op
WorkloadActual  69: 8192 op, 1011103816.00 ns, 123.4258 us/op
WorkloadActual  70: 8192 op, 971780721.00 ns, 118.6256 us/op
WorkloadActual  71: 8192 op, 918772441.00 ns, 112.1548 us/op
WorkloadActual  72: 8192 op, 933651762.00 ns, 113.9712 us/op
WorkloadActual  73: 8192 op, 938109377.00 ns, 114.5153 us/op
WorkloadActual  74: 8192 op, 947819661.00 ns, 115.7006 us/op
WorkloadActual  75: 8192 op, 964255463.00 ns, 117.7070 us/op
WorkloadActual  76: 8192 op, 971849564.00 ns, 118.6340 us/op
WorkloadActual  77: 8192 op, 948304040.00 ns, 115.7598 us/op
WorkloadActual  78: 8192 op, 924234080.00 ns, 112.8215 us/op

// AfterActualRun
WorkloadResult   1: 8192 op, 829325323.00 ns, 101.2360 us/op
WorkloadResult   2: 8192 op, 862436342.00 ns, 105.2779 us/op
WorkloadResult   3: 8192 op, 837724065.00 ns, 102.2612 us/op
WorkloadResult   4: 8192 op, 838167975.00 ns, 102.3154 us/op
WorkloadResult   5: 8192 op, 866437265.00 ns, 105.7663 us/op
WorkloadResult   6: 8192 op, 873447297.00 ns, 106.6220 us/op
WorkloadResult   7: 8192 op, 1044488914.00 ns, 127.5011 us/op
WorkloadResult   8: 8192 op, 980029900.00 ns, 119.6326 us/op
WorkloadResult   9: 8192 op, 1024346006.00 ns, 125.0422 us/op
WorkloadResult  10: 8192 op, 990665756.00 ns, 120.9309 us/op
WorkloadResult  11: 8192 op, 952102877.00 ns, 116.2235 us/op
WorkloadResult  12: 8192 op, 964241410.00 ns, 117.7053 us/op
WorkloadResult  13: 8192 op, 1003765169.00 ns, 122.5299 us/op
WorkloadResult  14: 8192 op, 943860204.00 ns, 115.2173 us/op
WorkloadResult  15: 8192 op, 952541007.00 ns, 116.2770 us/op
WorkloadResult  16: 8192 op, 922381467.00 ns, 112.5954 us/op
WorkloadResult  17: 8192 op, 866708727.00 ns, 105.7994 us/op
WorkloadResult  18: 8192 op, 881220183.00 ns, 107.5708 us/op
WorkloadResult  19: 8192 op, 1031406849.00 ns, 125.9042 us/op
WorkloadResult  20: 8192 op, 1008639885.00 ns, 123.1250 us/op
WorkloadResult  21: 8192 op, 1006508253.00 ns, 122.8648 us/op
WorkloadResult  22: 8192 op, 996743627.00 ns, 121.6728 us/op
WorkloadResult  23: 8192 op, 959476288.00 ns, 117.1236 us/op
WorkloadResult  24: 8192 op, 935623686.00 ns, 114.2119 us/op
WorkloadResult  25: 8192 op, 972685832.00 ns, 118.7361 us/op
WorkloadResult  26: 8192 op, 976489575.00 ns, 119.2004 us/op
WorkloadResult  27: 8192 op, 966357195.00 ns, 117.9635 us/op
WorkloadResult  28: 8192 op, 928097235.00 ns, 113.2931 us/op
WorkloadResult  29: 8192 op, 852931038.00 ns, 104.1176 us/op
WorkloadResult  30: 8192 op, 881780570.00 ns, 107.6392 us/op
WorkloadResult  31: 8192 op, 870607045.00 ns, 106.2753 us/op
WorkloadResult  32: 8192 op, 985527523.00 ns, 120.3037 us/op
WorkloadResult  33: 8192 op, 948516495.00 ns, 115.7857 us/op
WorkloadResult  34: 8192 op, 920606483.00 ns, 112.3787 us/op
WorkloadResult  35: 8192 op, 904836678.00 ns, 110.4537 us/op
WorkloadResult  36: 8192 op, 928460643.00 ns, 113.3375 us/op
WorkloadResult  37: 8192 op, 899228460.00 ns, 109.7691 us/op
WorkloadResult  38: 8192 op, 988370889.00 ns, 120.6507 us/op
WorkloadResult  39: 8192 op, 1013398862.00 ns, 123.7059 us/op
WorkloadResult  40: 8192 op, 1003145329.00 ns, 122.4543 us/op
WorkloadResult  41: 8192 op, 975659881.00 ns, 119.0991 us/op
WorkloadResult  42: 8192 op, 932192451.00 ns, 113.7930 us/op
WorkloadResult  43: 8192 op, 948377611.00 ns, 115.7688 us/op
WorkloadResult  44: 8192 op, 927153131.00 ns, 113.1779 us/op
WorkloadResult  45: 8192 op, 948477393.00 ns, 115.7809 us/op
WorkloadResult  46: 8192 op, 945399089.00 ns, 115.4052 us/op
WorkloadResult  47: 8192 op, 960641515.00 ns, 117.2658 us/op
WorkloadResult  48: 8192 op, 977651677.00 ns, 119.3422 us/op
WorkloadResult  49: 8192 op, 981757909.00 ns, 119.8435 us/op
WorkloadResult  50: 8192 op, 967715231.00 ns, 118.1293 us/op
WorkloadResult  51: 8192 op, 1024496986.00 ns, 125.0607 us/op
WorkloadResult  52: 8192 op, 985694237.00 ns, 120.3240 us/op
WorkloadResult  53: 8192 op, 953985893.00 ns, 116.4534 us/op
WorkloadResult  54: 8192 op, 995329768.00 ns, 121.5002 us/op
WorkloadResult  55: 8192 op, 973857704.00 ns, 118.8791 us/op
WorkloadResult  56: 8192 op, 970929006.00 ns, 118.5216 us/op
WorkloadResult  57: 8192 op, 972011048.00 ns, 118.6537 us/op
WorkloadResult  58: 8192 op, 999441272.00 ns, 122.0021 us/op
WorkloadResult  59: 8192 op, 986240576.00 ns, 120.3907 us/op
WorkloadResult  60: 8192 op, 957006099.00 ns, 116.8220 us/op
WorkloadResult  61: 8192 op, 939736520.00 ns, 114.7139 us/op
WorkloadResult  62: 8192 op, 1018330181.00 ns, 124.3079 us/op
WorkloadResult  63: 8192 op, 974297088.00 ns, 118.9328 us/op
WorkloadResult  64: 8192 op, 942344816.00 ns, 115.0323 us/op
WorkloadResult  65: 8192 op, 933040961.00 ns, 113.8966 us/op
WorkloadResult  66: 8192 op, 939090064.00 ns, 114.6350 us/op
WorkloadResult  67: 8192 op, 953066396.00 ns, 116.3411 us/op
WorkloadResult  68: 8192 op, 1011087465.00 ns, 123.4238 us/op
WorkloadResult  69: 8192 op, 971764370.00 ns, 118.6236 us/op
WorkloadResult  70: 8192 op, 918756090.00 ns, 112.1528 us/op
WorkloadResult  71: 8192 op, 933635411.00 ns, 113.9692 us/op
WorkloadResult  72: 8192 op, 938093026.00 ns, 114.5133 us/op
WorkloadResult  73: 8192 op, 947803310.00 ns, 115.6986 us/op
WorkloadResult  74: 8192 op, 964239112.00 ns, 117.7050 us/op
WorkloadResult  75: 8192 op, 971833213.00 ns, 118.6320 us/op
WorkloadResult  76: 8192 op, 948287689.00 ns, 115.7578 us/op
WorkloadResult  77: 8192 op, 924217729.00 ns, 112.8195 us/op
// GC:  39 7 0 1957888000 8192
// Threading:  0 0 8192

// AfterAll
// Benchmark Process 1096054 has exited with code 0.

Mean = 116.089 μs, StdErr = 0.671 μs (0.58%), N = 77, StdDev = 5.891 μs
Min = 101.236 μs, Q1 = 113.337 μs, Median = 116.453 μs, Q3 = 119.843 μs, Max = 127.501 μs
IQR = 6.506 μs, LowerFence = 103.578 μs, UpperFence = 129.603 μs
ConfidenceInterval = [113.791 μs; 118.387 μs] (CI 99.9%), Margin = 2.298 μs (1.98% of Mean)
Skewness = -0.62, Kurtosis = 2.95, MValue = 2.43

// ** Remained 22 (44.0%) benchmark(s) to run. Estimated finish 2026-01-01 2:18 (0h 16m from now) **
// **************************
// Benchmark: Sorting.Sort_Original: DefaultJob [NumItems=2000, GraphType=Independent]
// *** Execute ***
// Launch: 1 / 1
// Execute: dotnet NexusMods.Benchmarks-DefaultJob-1.dll --anonymousPipes 126 127 --benchmarkName "NexusMods.Benchmarks.Benchmarks.Sorting.Sort_Original(NumItems: 2000, GraphType: Independent)" --job Default --benchmarkId 28 in /home/ryang/nexus-app/benchmarks/NexusMods.Benchmarks/bin/Release/net9.0/NexusMods.Benchmarks-DefaultJob-1/bin/Release/net9.0
// Failed to set up high priority (Permission denied). In order to run benchmarks with high priority, make sure you have the right permissions.
// BeforeAnythingElse

// Benchmark Process Environment Information:
// BenchmarkDotNet v0.15.2
// Runtime=.NET 9.0.11 (9.0.1125.51716), X64 RyuJIT AVX-512F+CD+BW+DQ+VL+VBMI
// GC=Concurrent Workstation
// HardwareIntrinsics=AVX-512F+CD+BW+DQ+VL+VBMI,AES,BMI1,BMI2,FMA,LZCNT,PCLMUL,POPCNT,AvxVnni VectorSize=256
// Job: DefaultJob

OverheadJitting  1: 1 op, 191236.00 ns, 191.2360 us/op
WorkloadJitting  1: 1 op, 27910483.00 ns, 27.9105 ms/op

OverheadJitting  2: 16 op, 382623.00 ns, 23.9139 us/op
WorkloadJitting  2: 16 op, 238573510.00 ns, 14.9108 ms/op

WorkloadPilot    1: 16 op, 139111901.00 ns, 8.6945 ms/op
WorkloadPilot    2: 32 op, 282101437.00 ns, 8.8157 ms/op
WorkloadPilot    3: 64 op, 548545764.00 ns, 8.5710 ms/op

OverheadWarmup   1: 64 op, 1954.00 ns, 30.5313 ns/op
OverheadWarmup   2: 64 op, 471.00 ns, 7.3594 ns/op
OverheadWarmup   3: 64 op, 461.00 ns, 7.2031 ns/op
OverheadWarmup   4: 64 op, 531.00 ns, 8.2969 ns/op
OverheadWarmup   5: 64 op, 411.00 ns, 6.4219 ns/op
OverheadWarmup   6: 64 op, 782.00 ns, 12.2188 ns/op
OverheadWarmup   7: 64 op, 521.00 ns, 8.1406 ns/op

OverheadActual   1: 64 op, 572.00 ns, 8.9375 ns/op
OverheadActual   2: 64 op, 761.00 ns, 11.8906 ns/op
OverheadActual   3: 64 op, 821.00 ns, 12.8281 ns/op
OverheadActual   4: 64 op, 621.00 ns, 9.7031 ns/op
OverheadActual   5: 64 op, 732.00 ns, 11.4375 ns/op
OverheadActual   6: 64 op, 481.00 ns, 7.5156 ns/op
OverheadActual   7: 64 op, 471.00 ns, 7.3594 ns/op
OverheadActual   8: 64 op, 441.00 ns, 6.8906 ns/op
OverheadActual   9: 64 op, 671.00 ns, 10.4844 ns/op
OverheadActual  10: 64 op, 251.00 ns, 3.9219 ns/op
OverheadActual  11: 64 op, 651.00 ns, 10.1719 ns/op
OverheadActual  12: 64 op, 391.00 ns, 6.1094 ns/op
OverheadActual  13: 64 op, 221.00 ns, 3.4531 ns/op
OverheadActual  14: 64 op, 371.00 ns, 5.7969 ns/op
OverheadActual  15: 64 op, 491.00 ns, 7.6719 ns/op
OverheadActual  16: 64 op, 531.00 ns, 8.2969 ns/op
OverheadActual  17: 64 op, 702.00 ns, 10.9688 ns/op
OverheadActual  18: 64 op, 651.00 ns, 10.1719 ns/op
OverheadActual  19: 64 op, 651.00 ns, 10.1719 ns/op
OverheadActual  20: 64 op, 712.00 ns, 11.1250 ns/op

OverheadWarmup   1: 64 op, 742.00 ns, 11.5938 ns/op
OverheadWarmup   2: 64 op, 712.00 ns, 11.1250 ns/op
OverheadWarmup   3: 64 op, 631.00 ns, 9.8594 ns/op
OverheadWarmup   4: 64 op, 361.00 ns, 5.6406 ns/op
OverheadWarmup   5: 64 op, 421.00 ns, 6.5781 ns/op
OverheadWarmup   6: 64 op, 531.00 ns, 8.2969 ns/op
OverheadWarmup   7: 64 op, 691.00 ns, 10.7969 ns/op
OverheadWarmup   8: 64 op, 711.00 ns, 11.1094 ns/op
OverheadWarmup   9: 64 op, 351.00 ns, 5.4844 ns/op
OverheadWarmup  10: 64 op, 531.00 ns, 8.2969 ns/op
OverheadWarmup  11: 64 op, 511.00 ns, 7.9844 ns/op

// BeforeActualRun
WorkloadActual   1: 64 op, 576612626.00 ns, 9.0096 ms/op
WorkloadActual   2: 64 op, 607106766.00 ns, 9.4860 ms/op
WorkloadActual   3: 64 op, 554392780.00 ns, 8.6624 ms/op
WorkloadActual   4: 64 op, 531839295.00 ns, 8.3100 ms/op
WorkloadActual   5: 64 op, 544980979.00 ns, 8.5153 ms/op
WorkloadActual   6: 64 op, 524927791.00 ns, 8.2020 ms/op
WorkloadActual   7: 64 op, 514045082.00 ns, 8.0320 ms/op
WorkloadActual   8: 64 op, 519363386.00 ns, 8.1151 ms/op
WorkloadActual   9: 64 op, 526093282.00 ns, 8.2202 ms/op
WorkloadActual  10: 64 op, 512503610.00 ns, 8.0079 ms/op
WorkloadActual  11: 64 op, 517188872.00 ns, 8.0811 ms/op
WorkloadActual  12: 64 op, 537883910.00 ns, 8.4044 ms/op
WorkloadActual  13: 64 op, 596713065.00 ns, 9.3236 ms/op
WorkloadActual  14: 64 op, 554635876.00 ns, 8.6662 ms/op
WorkloadActual  15: 64 op, 522844503.00 ns, 8.1694 ms/op
WorkloadActual  16: 64 op, 522870442.00 ns, 8.1699 ms/op
WorkloadActual  17: 64 op, 532422753.00 ns, 8.3191 ms/op
WorkloadActual  18: 64 op, 521618385.00 ns, 8.1503 ms/op
WorkloadActual  19: 64 op, 521984987.00 ns, 8.1560 ms/op
WorkloadActual  20: 64 op, 534878134.00 ns, 8.3575 ms/op
WorkloadActual  21: 64 op, 524926900.00 ns, 8.2020 ms/op
WorkloadActual  22: 64 op, 522189589.00 ns, 8.1592 ms/op
WorkloadActual  23: 64 op, 546180166.00 ns, 8.5341 ms/op
WorkloadActual  24: 64 op, 619669463.00 ns, 9.6823 ms/op
WorkloadActual  25: 64 op, 584288225.00 ns, 9.1295 ms/op
WorkloadActual  26: 64 op, 535908468.00 ns, 8.3736 ms/op
WorkloadActual  27: 64 op, 534769518.00 ns, 8.3558 ms/op
WorkloadActual  28: 64 op, 546103129.00 ns, 8.5329 ms/op
WorkloadActual  29: 64 op, 543554739.00 ns, 8.4930 ms/op
WorkloadActual  30: 64 op, 530235927.00 ns, 8.2849 ms/op
WorkloadActual  31: 64 op, 532079346.00 ns, 8.3137 ms/op

// AfterActualRun
WorkloadResult   1: 64 op, 576612029.50 ns, 9.0096 ms/op
WorkloadResult   2: 64 op, 554392183.50 ns, 8.6624 ms/op
WorkloadResult   3: 64 op, 531838698.50 ns, 8.3100 ms/op
WorkloadResult   4: 64 op, 544980382.50 ns, 8.5153 ms/op
WorkloadResult   5: 64 op, 524927194.50 ns, 8.2020 ms/op
WorkloadResult   6: 64 op, 514044485.50 ns, 8.0319 ms/op
WorkloadResult   7: 64 op, 519362789.50 ns, 8.1150 ms/op
WorkloadResult   8: 64 op, 526092685.50 ns, 8.2202 ms/op
WorkloadResult   9: 64 op, 512503013.50 ns, 8.0079 ms/op
WorkloadResult  10: 64 op, 517188275.50 ns, 8.0811 ms/op
WorkloadResult  11: 64 op, 537883313.50 ns, 8.4044 ms/op
WorkloadResult  12: 64 op, 554635279.50 ns, 8.6662 ms/op
WorkloadResult  13: 64 op, 522843906.50 ns, 8.1694 ms/op
WorkloadResult  14: 64 op, 522869845.50 ns, 8.1698 ms/op
WorkloadResult  15: 64 op, 532422156.50 ns, 8.3191 ms/op
WorkloadResult  16: 64 op, 521617788.50 ns, 8.1503 ms/op
WorkloadResult  17: 64 op, 521984390.50 ns, 8.1560 ms/op
WorkloadResult  18: 64 op, 534877537.50 ns, 8.3575 ms/op
WorkloadResult  19: 64 op, 524926303.50 ns, 8.2020 ms/op
WorkloadResult  20: 64 op, 522188992.50 ns, 8.1592 ms/op
WorkloadResult  21: 64 op, 546179569.50 ns, 8.5341 ms/op
WorkloadResult  22: 64 op, 535907871.50 ns, 8.3736 ms/op
WorkloadResult  23: 64 op, 534768921.50 ns, 8.3558 ms/op
WorkloadResult  24: 64 op, 546102532.50 ns, 8.5329 ms/op
WorkloadResult  25: 64 op, 543554142.50 ns, 8.4930 ms/op
WorkloadResult  26: 64 op, 530235330.50 ns, 8.2849 ms/op
WorkloadResult  27: 64 op, 532078749.50 ns, 8.3137 ms/op
// GC:  0 0 0 24703592 64
// Threading:  1001 4 64

// AfterAll
// Benchmark Process 1096445 has exited with code 0.

Mean = 8.326 ms, StdErr = 0.044 ms (0.52%), N = 27, StdDev = 0.226 ms
Min = 8.008 ms, Q1 = 8.164 ms, Median = 8.310 ms, Q3 = 8.449 ms, Max = 9.010 ms
IQR = 0.284 ms, LowerFence = 7.738 ms, UpperFence = 8.875 ms
ConfidenceInterval = [8.165 ms; 8.487 ms] (CI 99.9%), Margin = 0.161 ms (1.94% of Mean)
Skewness = 1.02, Kurtosis = 3.94, MValue = 2

// ** Remained 21 (42.0%) benchmark(s) to run. Estimated finish 2026-01-01 2:17 (0h 15m from now) **
// **************************
// Benchmark: Sorting.Sort_Kahn: DefaultJob [NumItems=2000, GraphType=Independent]
// *** Execute ***
// Launch: 1 / 1
// Execute: dotnet NexusMods.Benchmarks-DefaultJob-1.dll --anonymousPipes 126 127 --benchmarkName "NexusMods.Benchmarks.Benchmarks.Sorting.Sort_Kahn(NumItems: 2000, GraphType: Independent)" --job Default --benchmarkId 29 in /home/ryang/nexus-app/benchmarks/NexusMods.Benchmarks/bin/Release/net9.0/NexusMods.Benchmarks-DefaultJob-1/bin/Release/net9.0
// Failed to set up high priority (Permission denied). In order to run benchmarks with high priority, make sure you have the right permissions.
// BeforeAnythingElse

// Benchmark Process Environment Information:
// BenchmarkDotNet v0.15.2
// Runtime=.NET 9.0.11 (9.0.1125.51716), X64 RyuJIT AVX-512F+CD+BW+DQ+VL+VBMI
// GC=Concurrent Workstation
// HardwareIntrinsics=AVX-512F+CD+BW+DQ+VL+VBMI,AES,BMI1,BMI2,FMA,LZCNT,PCLMUL,POPCNT,AvxVnni VectorSize=256
// Job: DefaultJob

OverheadJitting  1: 1 op, 181728.00 ns, 181.7280 us/op
WorkloadJitting  1: 1 op, 2163252.00 ns, 2.1633 ms/op

OverheadJitting  2: 16 op, 431376.00 ns, 26.9610 us/op
WorkloadJitting  2: 16 op, 7973517.00 ns, 498.3448 us/op

WorkloadPilot    1: 16 op, 1662694.00 ns, 103.9184 us/op
WorkloadPilot    2: 32 op, 2770726.00 ns, 86.5852 us/op
WorkloadPilot    3: 64 op, 6012492.00 ns, 93.9452 us/op
WorkloadPilot    4: 128 op, 12541574.00 ns, 97.9810 us/op
WorkloadPilot    5: 256 op, 25343929.00 ns, 98.9997 us/op
WorkloadPilot    6: 512 op, 41884540.00 ns, 81.8057 us/op
WorkloadPilot    7: 1024 op, 73409254.00 ns, 71.6887 us/op
WorkloadPilot    8: 2048 op, 135647589.00 ns, 66.2342 us/op
WorkloadPilot    9: 4096 op, 256863743.00 ns, 62.7109 us/op
WorkloadPilot   10: 8192 op, 523593959.00 ns, 63.9153 us/op

OverheadWarmup   1: 8192 op, 17804.00 ns, 2.1733 ns/op
OverheadWarmup   2: 8192 op, 16131.00 ns, 1.9691 ns/op
OverheadWarmup   3: 8192 op, 15961.00 ns, 1.9484 ns/op
OverheadWarmup   4: 8192 op, 16682.00 ns, 2.0364 ns/op
OverheadWarmup   5: 8192 op, 15950.00 ns, 1.9470 ns/op
OverheadWarmup   6: 8192 op, 16031.00 ns, 1.9569 ns/op
OverheadWarmup   7: 8192 op, 17975.00 ns, 2.1942 ns/op
OverheadWarmup   8: 8192 op, 15900.00 ns, 1.9409 ns/op

OverheadActual   1: 8192 op, 30629.00 ns, 3.7389 ns/op
OverheadActual   2: 8192 op, 21321.00 ns, 2.6027 ns/op
OverheadActual   3: 8192 op, 28816.00 ns, 3.5176 ns/op
OverheadActual   4: 8192 op, 26080.00 ns, 3.1836 ns/op
OverheadActual   5: 8192 op, 26190.00 ns, 3.1970 ns/op
OverheadActual   6: 8192 op, 25549.00 ns, 3.1188 ns/op
OverheadActual   7: 8192 op, 27814.00 ns, 3.3953 ns/op
OverheadActual   8: 8192 op, 27803.00 ns, 3.3939 ns/op
OverheadActual   9: 8192 op, 21993.00 ns, 2.6847 ns/op
OverheadActual  10: 8192 op, 27884.00 ns, 3.4038 ns/op
OverheadActual  11: 8192 op, 28053.00 ns, 3.4244 ns/op
OverheadActual  12: 8192 op, 16231.00 ns, 1.9813 ns/op
OverheadActual  13: 8192 op, 15991.00 ns, 1.9520 ns/op
OverheadActual  14: 8192 op, 16181.00 ns, 1.9752 ns/op
OverheadActual  15: 8192 op, 16000.00 ns, 1.9531 ns/op
OverheadActual  16: 8192 op, 16041.00 ns, 1.9581 ns/op
OverheadActual  17: 8192 op, 26721.00 ns, 3.2618 ns/op
OverheadActual  18: 8192 op, 27222.00 ns, 3.3230 ns/op
OverheadActual  19: 8192 op, 26821.00 ns, 3.2740 ns/op
OverheadActual  20: 8192 op, 27333.00 ns, 3.3365 ns/op

OverheadWarmup   1: 8192 op, 26721.00 ns, 3.2618 ns/op
OverheadWarmup   2: 8192 op, 28935.00 ns, 3.5321 ns/op
OverheadWarmup   3: 8192 op, 28775.00 ns, 3.5126 ns/op
OverheadWarmup   4: 8192 op, 26671.00 ns, 3.2557 ns/op
OverheadWarmup   5: 8192 op, 28825.00 ns, 3.5187 ns/op
OverheadWarmup   6: 8192 op, 26641.00 ns, 3.2521 ns/op

// BeforeActualRun
WorkloadActual   1: 8192 op, 567044488.00 ns, 69.2193 us/op
WorkloadActual   2: 8192 op, 505510282.00 ns, 61.7078 us/op
WorkloadActual   3: 8192 op, 499730045.00 ns, 61.0022 us/op
WorkloadActual   4: 8192 op, 499755282.00 ns, 61.0053 us/op
WorkloadActual   5: 8192 op, 507936468.00 ns, 62.0040 us/op
WorkloadActual   6: 8192 op, 505154812.00 ns, 61.6644 us/op
WorkloadActual   7: 8192 op, 510454069.00 ns, 62.3113 us/op
WorkloadActual   8: 8192 op, 497037619.00 ns, 60.6735 us/op
WorkloadActual   9: 8192 op, 497235408.00 ns, 60.6977 us/op
WorkloadActual  10: 8192 op, 501577392.00 ns, 61.2277 us/op
WorkloadActual  11: 8192 op, 486944052.00 ns, 59.4414 us/op
WorkloadActual  12: 8192 op, 510130700.00 ns, 62.2718 us/op
WorkloadActual  13: 8192 op, 515032676.00 ns, 62.8702 us/op
WorkloadActual  14: 8192 op, 495185924.00 ns, 60.4475 us/op
WorkloadActual  15: 8192 op, 499724885.00 ns, 61.0016 us/op

// AfterActualRun
WorkloadResult   1: 8192 op, 505483826.50 ns, 61.7046 us/op
WorkloadResult   2: 8192 op, 499703589.50 ns, 60.9990 us/op
WorkloadResult   3: 8192 op, 499728826.50 ns, 61.0021 us/op
WorkloadResult   4: 8192 op, 507910012.50 ns, 62.0007 us/op
WorkloadResult   5: 8192 op, 505128356.50 ns, 61.6612 us/op
WorkloadResult   6: 8192 op, 510427613.50 ns, 62.3081 us/op
WorkloadResult   7: 8192 op, 497011163.50 ns, 60.6703 us/op
WorkloadResult   8: 8192 op, 497208952.50 ns, 60.6945 us/op
WorkloadResult   9: 8192 op, 501550936.50 ns, 61.2245 us/op
WorkloadResult  10: 8192 op, 486917596.50 ns, 59.4382 us/op
WorkloadResult  11: 8192 op, 510104244.50 ns, 62.2686 us/op
WorkloadResult  12: 8192 op, 515006220.50 ns, 62.8670 us/op
WorkloadResult  13: 8192 op, 495159468.50 ns, 60.4443 us/op
WorkloadResult  14: 8192 op, 499698429.50 ns, 60.9983 us/op
// GC:  36 9 0 1821835264 8192
// Threading:  0 0 8192

// AfterAll
// Benchmark Process 1096564 has exited with code 0.

Mean = 61.306 μs, StdErr = 0.239 μs (0.39%), N = 14, StdDev = 0.896 μs
Min = 59.438 μs, Q1 = 60.770 μs, Median = 61.113 μs, Q3 = 61.927 μs, Max = 62.867 μs
IQR = 1.156 μs, LowerFence = 59.036 μs, UpperFence = 63.661 μs
ConfidenceInterval = [60.295 μs; 62.316 μs] (CI 99.9%), Margin = 1.011 μs (1.65% of Mean)
Skewness = -0.16, Kurtosis = 2.34, MValue = 2

// ** Remained 20 (40.0%) benchmark(s) to run. Estimated finish 2026-01-01 2:16 (0h 14m from now) **
// **************************
// Benchmark: Sorting.Sort_Original: DefaultJob [NumItems=5000, GraphType=Complex]
// *** Execute ***
// Launch: 1 / 1
// Execute: dotnet NexusMods.Benchmarks-DefaultJob-1.dll --anonymousPipes 126 127 --benchmarkName "NexusMods.Benchmarks.Benchmarks.Sorting.Sort_Original(NumItems: 5000, GraphType: Complex)" --job Default --benchmarkId 30 in /home/ryang/nexus-app/benchmarks/NexusMods.Benchmarks/bin/Release/net9.0/NexusMods.Benchmarks-DefaultJob-1/bin/Release/net9.0
// Failed to set up high priority (Permission denied). In order to run benchmarks with high priority, make sure you have the right permissions.
// BeforeAnythingElse

// Benchmark Process Environment Information:
// BenchmarkDotNet v0.15.2
// Runtime=.NET 9.0.11 (9.0.1125.51716), X64 RyuJIT AVX-512F+CD+BW+DQ+VL+VBMI
// GC=Concurrent Workstation
// HardwareIntrinsics=AVX-512F+CD+BW+DQ+VL+VBMI,AES,BMI1,BMI2,FMA,LZCNT,PCLMUL,POPCNT,AvxVnni VectorSize=256
// Job: DefaultJob

OverheadJitting  1: 1 op, 192769.00 ns, 192.7690 us/op
WorkloadJitting  1: 1 op, 318134255.00 ns, 318.1343 ms/op

WorkloadPilot    1: 2 op, 652885007.00 ns, 326.4425 ms/op

OverheadWarmup   1: 2 op, 671.00 ns, 335.5000 ns/op
OverheadWarmup   2: 2 op, 280.00 ns, 140.0000 ns/op
OverheadWarmup   3: 2 op, 270.00 ns, 135.0000 ns/op
OverheadWarmup   4: 2 op, 310.00 ns, 155.0000 ns/op
OverheadWarmup   5: 2 op, 260.00 ns, 130.0000 ns/op
OverheadWarmup   6: 2 op, 291.00 ns, 145.5000 ns/op
OverheadWarmup   7: 2 op, 211.00 ns, 105.5000 ns/op

// BeforeActualRun
WorkloadActual   1: 2 op, 383605478.00 ns, 191.8027 ms/op
WorkloadActual   2: 2 op, 361723770.00 ns, 180.8619 ms/op
WorkloadActual   3: 2 op, 366805240.00 ns, 183.4026 ms/op
WorkloadActual   4: 2 op, 364884743.00 ns, 182.4424 ms/op
WorkloadActual   5: 2 op, 335734707.00 ns, 167.8674 ms/op
WorkloadActual   6: 2 op, 341049774.00 ns, 170.5249 ms/op
WorkloadActual   7: 2 op, 386737367.00 ns, 193.3687 ms/op
WorkloadActual   8: 2 op, 394419296.00 ns, 197.2096 ms/op
WorkloadActual   9: 2 op, 387557186.00 ns, 193.7786 ms/op
WorkloadActual  10: 2 op, 370122323.00 ns, 185.0612 ms/op
WorkloadActual  11: 2 op, 344032555.00 ns, 172.0163 ms/op
WorkloadActual  12: 2 op, 348405940.00 ns, 174.2030 ms/op
WorkloadActual  13: 2 op, 340093663.00 ns, 170.0468 ms/op
WorkloadActual  14: 2 op, 364656977.00 ns, 182.3285 ms/op
WorkloadActual  15: 2 op, 359108303.00 ns, 179.5542 ms/op
WorkloadActual  16: 2 op, 354534695.00 ns, 177.2673 ms/op
WorkloadActual  17: 2 op, 376292938.00 ns, 188.1465 ms/op
WorkloadActual  18: 2 op, 359819905.00 ns, 179.9100 ms/op
WorkloadActual  19: 2 op, 331662199.00 ns, 165.8311 ms/op
WorkloadActual  20: 2 op, 319006055.00 ns, 159.5030 ms/op
WorkloadActual  21: 2 op, 276300512.00 ns, 138.1503 ms/op
WorkloadActual  22: 2 op, 272175494.00 ns, 136.0877 ms/op
WorkloadActual  23: 2 op, 281659202.00 ns, 140.8296 ms/op
WorkloadActual  24: 2 op, 350326518.00 ns, 175.1633 ms/op
WorkloadActual  25: 2 op, 367307803.00 ns, 183.6539 ms/op
WorkloadActual  26: 2 op, 361318885.00 ns, 180.6594 ms/op
WorkloadActual  27: 2 op, 384680358.00 ns, 192.3402 ms/op
WorkloadActual  28: 2 op, 363339766.00 ns, 181.6699 ms/op
WorkloadActual  29: 2 op, 348164197.00 ns, 174.0821 ms/op
WorkloadActual  30: 2 op, 371297824.00 ns, 185.6489 ms/op
WorkloadActual  31: 2 op, 375462859.00 ns, 187.7314 ms/op
WorkloadActual  32: 2 op, 386144753.00 ns, 193.0724 ms/op
WorkloadActual  33: 2 op, 367308215.00 ns, 183.6541 ms/op
WorkloadActual  34: 2 op, 360906216.00 ns, 180.4531 ms/op
WorkloadActual  35: 2 op, 370879602.00 ns, 185.4398 ms/op
WorkloadActual  36: 2 op, 363651252.00 ns, 181.8256 ms/op
WorkloadActual  37: 2 op, 388882155.00 ns, 194.4411 ms/op
WorkloadActual  38: 2 op, 364323950.00 ns, 182.1620 ms/op
WorkloadActual  39: 2 op, 353967770.00 ns, 176.9839 ms/op
WorkloadActual  40: 2 op, 374201364.00 ns, 187.1007 ms/op
WorkloadActual  41: 2 op, 380985503.00 ns, 190.4928 ms/op
WorkloadActual  42: 2 op, 377444634.00 ns, 188.7223 ms/op
WorkloadActual  43: 2 op, 374874563.00 ns, 187.4373 ms/op
WorkloadActual  44: 2 op, 378049753.00 ns, 189.0249 ms/op
WorkloadActual  45: 2 op, 364345672.00 ns, 182.1728 ms/op
WorkloadActual  46: 2 op, 352101817.00 ns, 176.0509 ms/op
WorkloadActual  47: 2 op, 360541398.00 ns, 180.2707 ms/op
WorkloadActual  48: 2 op, 363649759.00 ns, 181.8249 ms/op
WorkloadActual  49: 2 op, 377097630.00 ns, 188.5488 ms/op
WorkloadActual  50: 2 op, 377986162.00 ns, 188.9931 ms/op
WorkloadActual  51: 2 op, 374644582.00 ns, 187.3223 ms/op
WorkloadActual  52: 2 op, 376041839.00 ns, 188.0209 ms/op
WorkloadActual  53: 2 op, 397315012.00 ns, 198.6575 ms/op
WorkloadActual  54: 2 op, 378004607.00 ns, 189.0023 ms/op
WorkloadActual  55: 2 op, 368573979.00 ns, 184.2870 ms/op
WorkloadActual  56: 2 op, 355222633.00 ns, 177.6113 ms/op
WorkloadActual  57: 2 op, 410806987.00 ns, 205.4035 ms/op
WorkloadActual  58: 2 op, 384194970.00 ns, 192.0975 ms/op
WorkloadActual  59: 2 op, 379757103.00 ns, 189.8786 ms/op
WorkloadActual  60: 2 op, 366867412.00 ns, 183.4337 ms/op
WorkloadActual  61: 2 op, 344704092.00 ns, 172.3520 ms/op
WorkloadActual  62: 2 op, 370045799.00 ns, 185.0229 ms/op
WorkloadActual  63: 2 op, 378678738.00 ns, 189.3394 ms/op
WorkloadActual  64: 2 op, 352733798.00 ns, 176.3669 ms/op
WorkloadActual  65: 2 op, 362077250.00 ns, 181.0386 ms/op
WorkloadActual  66: 2 op, 372125951.00 ns, 186.0630 ms/op
WorkloadActual  67: 2 op, 366262794.00 ns, 183.1314 ms/op
WorkloadActual  68: 2 op, 387756660.00 ns, 193.8783 ms/op
WorkloadActual  69: 2 op, 371746113.00 ns, 185.8731 ms/op
WorkloadActual  70: 2 op, 392787173.00 ns, 196.3936 ms/op
WorkloadActual  71: 2 op, 360830502.00 ns, 180.4153 ms/op
WorkloadActual  72: 2 op, 375538655.00 ns, 187.7693 ms/op
WorkloadActual  73: 2 op, 403639494.00 ns, 201.8197 ms/op
WorkloadActual  74: 2 op, 417706850.00 ns, 208.8534 ms/op
WorkloadActual  75: 2 op, 391070776.00 ns, 195.5354 ms/op
WorkloadActual  76: 2 op, 364415968.00 ns, 182.2080 ms/op
WorkloadActual  77: 2 op, 356867143.00 ns, 178.4336 ms/op
WorkloadActual  78: 2 op, 352014231.00 ns, 176.0071 ms/op
WorkloadActual  79: 2 op, 369286313.00 ns, 184.6432 ms/op
WorkloadActual  80: 2 op, 366400898.00 ns, 183.2004 ms/op
WorkloadActual  81: 2 op, 388003724.00 ns, 194.0019 ms/op
WorkloadActual  82: 2 op, 370573478.00 ns, 185.2867 ms/op
WorkloadActual  83: 2 op, 356021965.00 ns, 178.0110 ms/op
WorkloadActual  84: 2 op, 352832838.00 ns, 176.4164 ms/op
WorkloadActual  85: 2 op, 374257794.00 ns, 187.1289 ms/op
WorkloadActual  86: 2 op, 356991091.00 ns, 178.4955 ms/op
WorkloadActual  87: 2 op, 383404328.00 ns, 191.7022 ms/op
WorkloadActual  88: 2 op, 388660081.00 ns, 194.3300 ms/op
WorkloadActual  89: 2 op, 384728964.00 ns, 192.3645 ms/op
WorkloadActual  90: 2 op, 414777160.00 ns, 207.3886 ms/op
WorkloadActual  91: 2 op, 393764726.00 ns, 196.8824 ms/op
WorkloadActual  92: 2 op, 380418450.00 ns, 190.2092 ms/op
WorkloadActual  93: 2 op, 392196894.00 ns, 196.0984 ms/op
WorkloadActual  94: 2 op, 361837310.00 ns, 180.9187 ms/op
WorkloadActual  95: 2 op, 370573609.00 ns, 185.2868 ms/op
WorkloadActual  96: 2 op, 357103417.00 ns, 178.5517 ms/op
WorkloadActual  97: 2 op, 355656446.00 ns, 177.8282 ms/op
WorkloadActual  98: 2 op, 356939563.00 ns, 178.4698 ms/op
WorkloadActual  99: 2 op, 384060283.00 ns, 192.0301 ms/op
WorkloadActual  100: 2 op, 368323641.00 ns, 184.1618 ms/op

// AfterActualRun
WorkloadResult   1: 2 op, 383605478.00 ns, 191.8027 ms/op
WorkloadResult   2: 2 op, 361723770.00 ns, 180.8619 ms/op
WorkloadResult   3: 2 op, 366805240.00 ns, 183.4026 ms/op
WorkloadResult   4: 2 op, 364884743.00 ns, 182.4424 ms/op
WorkloadResult   5: 2 op, 335734707.00 ns, 167.8674 ms/op
WorkloadResult   6: 2 op, 341049774.00 ns, 170.5249 ms/op
WorkloadResult   7: 2 op, 386737367.00 ns, 193.3687 ms/op
WorkloadResult   8: 2 op, 394419296.00 ns, 197.2096 ms/op
WorkloadResult   9: 2 op, 387557186.00 ns, 193.7786 ms/op
WorkloadResult  10: 2 op, 370122323.00 ns, 185.0612 ms/op
WorkloadResult  11: 2 op, 344032555.00 ns, 172.0163 ms/op
WorkloadResult  12: 2 op, 348405940.00 ns, 174.2030 ms/op
WorkloadResult  13: 2 op, 340093663.00 ns, 170.0468 ms/op
WorkloadResult  14: 2 op, 364656977.00 ns, 182.3285 ms/op
WorkloadResult  15: 2 op, 359108303.00 ns, 179.5542 ms/op
WorkloadResult  16: 2 op, 354534695.00 ns, 177.2673 ms/op
WorkloadResult  17: 2 op, 376292938.00 ns, 188.1465 ms/op
WorkloadResult  18: 2 op, 359819905.00 ns, 179.9100 ms/op
WorkloadResult  19: 2 op, 331662199.00 ns, 165.8311 ms/op
WorkloadResult  20: 2 op, 319006055.00 ns, 159.5030 ms/op
WorkloadResult  21: 2 op, 276300512.00 ns, 138.1503 ms/op
WorkloadResult  22: 2 op, 272175494.00 ns, 136.0877 ms/op
WorkloadResult  23: 2 op, 281659202.00 ns, 140.8296 ms/op
WorkloadResult  24: 2 op, 350326518.00 ns, 175.1633 ms/op
WorkloadResult  25: 2 op, 367307803.00 ns, 183.6539 ms/op
WorkloadResult  26: 2 op, 361318885.00 ns, 180.6594 ms/op
WorkloadResult  27: 2 op, 384680358.00 ns, 192.3402 ms/op
WorkloadResult  28: 2 op, 363339766.00 ns, 181.6699 ms/op
WorkloadResult  29: 2 op, 348164197.00 ns, 174.0821 ms/op
WorkloadResult  30: 2 op, 371297824.00 ns, 185.6489 ms/op
WorkloadResult  31: 2 op, 375462859.00 ns, 187.7314 ms/op
WorkloadResult  32: 2 op, 386144753.00 ns, 193.0724 ms/op
WorkloadResult  33: 2 op, 367308215.00 ns, 183.6541 ms/op
WorkloadResult  34: 2 op, 360906216.00 ns, 180.4531 ms/op
WorkloadResult  35: 2 op, 370879602.00 ns, 185.4398 ms/op
WorkloadResult  36: 2 op, 363651252.00 ns, 181.8256 ms/op
WorkloadResult  37: 2 op, 388882155.00 ns, 194.4411 ms/op
WorkloadResult  38: 2 op, 364323950.00 ns, 182.1620 ms/op
WorkloadResult  39: 2 op, 353967770.00 ns, 176.9839 ms/op
WorkloadResult  40: 2 op, 374201364.00 ns, 187.1007 ms/op
WorkloadResult  41: 2 op, 380985503.00 ns, 190.4928 ms/op
WorkloadResult  42: 2 op, 377444634.00 ns, 188.7223 ms/op
WorkloadResult  43: 2 op, 374874563.00 ns, 187.4373 ms/op
WorkloadResult  44: 2 op, 378049753.00 ns, 189.0249 ms/op
WorkloadResult  45: 2 op, 364345672.00 ns, 182.1728 ms/op
WorkloadResult  46: 2 op, 352101817.00 ns, 176.0509 ms/op
WorkloadResult  47: 2 op, 360541398.00 ns, 180.2707 ms/op
WorkloadResult  48: 2 op, 363649759.00 ns, 181.8249 ms/op
WorkloadResult  49: 2 op, 377097630.00 ns, 188.5488 ms/op
WorkloadResult  50: 2 op, 377986162.00 ns, 188.9931 ms/op
WorkloadResult  51: 2 op, 374644582.00 ns, 187.3223 ms/op
WorkloadResult  52: 2 op, 376041839.00 ns, 188.0209 ms/op
WorkloadResult  53: 2 op, 397315012.00 ns, 198.6575 ms/op
WorkloadResult  54: 2 op, 378004607.00 ns, 189.0023 ms/op
WorkloadResult  55: 2 op, 368573979.00 ns, 184.2870 ms/op
WorkloadResult  56: 2 op, 355222633.00 ns, 177.6113 ms/op
WorkloadResult  57: 2 op, 410806987.00 ns, 205.4035 ms/op
WorkloadResult  58: 2 op, 384194970.00 ns, 192.0975 ms/op
WorkloadResult  59: 2 op, 379757103.00 ns, 189.8786 ms/op
WorkloadResult  60: 2 op, 366867412.00 ns, 183.4337 ms/op
WorkloadResult  61: 2 op, 344704092.00 ns, 172.3520 ms/op
WorkloadResult  62: 2 op, 370045799.00 ns, 185.0229 ms/op
WorkloadResult  63: 2 op, 378678738.00 ns, 189.3394 ms/op
WorkloadResult  64: 2 op, 352733798.00 ns, 176.3669 ms/op
WorkloadResult  65: 2 op, 362077250.00 ns, 181.0386 ms/op
WorkloadResult  66: 2 op, 372125951.00 ns, 186.0630 ms/op
WorkloadResult  67: 2 op, 366262794.00 ns, 183.1314 ms/op
WorkloadResult  68: 2 op, 387756660.00 ns, 193.8783 ms/op
WorkloadResult  69: 2 op, 371746113.00 ns, 185.8731 ms/op
WorkloadResult  70: 2 op, 392787173.00 ns, 196.3936 ms/op
WorkloadResult  71: 2 op, 360830502.00 ns, 180.4153 ms/op
WorkloadResult  72: 2 op, 375538655.00 ns, 187.7693 ms/op
WorkloadResult  73: 2 op, 403639494.00 ns, 201.8197 ms/op
WorkloadResult  74: 2 op, 391070776.00 ns, 195.5354 ms/op
WorkloadResult  75: 2 op, 364415968.00 ns, 182.2080 ms/op
WorkloadResult  76: 2 op, 356867143.00 ns, 178.4336 ms/op
WorkloadResult  77: 2 op, 352014231.00 ns, 176.0071 ms/op
WorkloadResult  78: 2 op, 369286313.00 ns, 184.6432 ms/op
WorkloadResult  79: 2 op, 366400898.00 ns, 183.2004 ms/op
WorkloadResult  80: 2 op, 388003724.00 ns, 194.0019 ms/op
WorkloadResult  81: 2 op, 370573478.00 ns, 185.2867 ms/op
WorkloadResult  82: 2 op, 356021965.00 ns, 178.0110 ms/op
WorkloadResult  83: 2 op, 352832838.00 ns, 176.4164 ms/op
WorkloadResult  84: 2 op, 374257794.00 ns, 187.1289 ms/op
WorkloadResult  85: 2 op, 356991091.00 ns, 178.4955 ms/op
WorkloadResult  86: 2 op, 383404328.00 ns, 191.7022 ms/op
WorkloadResult  87: 2 op, 388660081.00 ns, 194.3300 ms/op
WorkloadResult  88: 2 op, 384728964.00 ns, 192.3645 ms/op
WorkloadResult  89: 2 op, 393764726.00 ns, 196.8824 ms/op
WorkloadResult  90: 2 op, 380418450.00 ns, 190.2092 ms/op
WorkloadResult  91: 2 op, 392196894.00 ns, 196.0984 ms/op
WorkloadResult  92: 2 op, 361837310.00 ns, 180.9187 ms/op
WorkloadResult  93: 2 op, 370573609.00 ns, 185.2868 ms/op
WorkloadResult  94: 2 op, 357103417.00 ns, 178.5517 ms/op
WorkloadResult  95: 2 op, 355656446.00 ns, 177.8282 ms/op
WorkloadResult  96: 2 op, 356939563.00 ns, 178.4698 ms/op
WorkloadResult  97: 2 op, 384060283.00 ns, 192.0301 ms/op
WorkloadResult  98: 2 op, 368323641.00 ns, 184.1618 ms/op
// GC:  0 0 0 30392864 2
// Threading:  21904 27 2

// AfterAll
// Benchmark Process 1096626 has exited with code 0.

Mean = 183.094 ms, StdErr = 1.135 ms (0.62%), N = 98, StdDev = 11.232 ms
Min = 136.088 ms, Q1 = 178.510 ms, Median = 183.908 ms, Q3 = 189.261 ms, Max = 205.403 ms
IQR = 10.751 ms, LowerFence = 162.383 ms, UpperFence = 205.387 ms
ConfidenceInterval = [179.243 ms; 186.944 ms] (CI 99.9%), Margin = 3.851 ms (2.10% of Mean)
Skewness = -1.83, Kurtosis = 8.63, MValue = 2

// ** Remained 19 (38.0%) benchmark(s) to run. Estimated finish 2026-01-01 2:16 (0h 13m from now) **
// **************************
// Benchmark: Sorting.Sort_Kahn: DefaultJob [NumItems=5000, GraphType=Complex]
// *** Execute ***
// Launch: 1 / 1
// Execute: dotnet NexusMods.Benchmarks-DefaultJob-1.dll --anonymousPipes 126 127 --benchmarkName "NexusMods.Benchmarks.Benchmarks.Sorting.Sort_Kahn(NumItems: 5000, GraphType: Complex)" --job Default --benchmarkId 31 in /home/ryang/nexus-app/benchmarks/NexusMods.Benchmarks/bin/Release/net9.0/NexusMods.Benchmarks-DefaultJob-1/bin/Release/net9.0
// Failed to set up high priority (Permission denied). In order to run benchmarks with high priority, make sure you have the right permissions.
// BeforeAnythingElse

// Benchmark Process Environment Information:
// BenchmarkDotNet v0.15.2
// Runtime=.NET 9.0.11 (9.0.1125.51716), X64 RyuJIT AVX-512F+CD+BW+DQ+VL+VBMI
// GC=Concurrent Workstation
// HardwareIntrinsics=AVX-512F+CD+BW+DQ+VL+VBMI,AES,BMI1,BMI2,FMA,LZCNT,PCLMUL,POPCNT,AvxVnni VectorSize=256
// Job: DefaultJob

OverheadJitting  1: 1 op, 193631.00 ns, 193.6310 us/op
WorkloadJitting  1: 1 op, 6673779.00 ns, 6.6738 ms/op

OverheadJitting  2: 16 op, 527460.00 ns, 32.9663 us/op
WorkloadJitting  2: 16 op, 17927027.00 ns, 1.1204 ms/op

WorkloadPilot    1: 16 op, 13487817.00 ns, 842.9886 us/op
WorkloadPilot    2: 32 op, 23981581.00 ns, 749.4244 us/op
WorkloadPilot    3: 64 op, 45527136.00 ns, 711.3615 us/op
WorkloadPilot    4: 128 op, 88061792.00 ns, 687.9828 us/op
WorkloadPilot    5: 256 op, 170135157.00 ns, 664.5905 us/op
WorkloadPilot    6: 512 op, 322317348.00 ns, 629.5261 us/op
WorkloadPilot    7: 1024 op, 700014968.00 ns, 683.6084 us/op

OverheadWarmup   1: 1024 op, 5290.00 ns, 5.1660 ns/op
OverheadWarmup   2: 1024 op, 3647.00 ns, 3.5615 ns/op
OverheadWarmup   3: 1024 op, 2314.00 ns, 2.2598 ns/op
OverheadWarmup   4: 1024 op, 2455.00 ns, 2.3975 ns/op
OverheadWarmup   5: 1024 op, 3858.00 ns, 3.7676 ns/op
OverheadWarmup   6: 1024 op, 2495.00 ns, 2.4365 ns/op
OverheadWarmup   7: 1024 op, 2645.00 ns, 2.5830 ns/op
OverheadWarmup   8: 1024 op, 3878.00 ns, 3.7871 ns/op
OverheadWarmup   9: 1024 op, 3627.00 ns, 3.5420 ns/op

OverheadActual   1: 1024 op, 3928.00 ns, 3.8359 ns/op
OverheadActual   2: 1024 op, 3627.00 ns, 3.5420 ns/op
OverheadActual   3: 1024 op, 3637.00 ns, 3.5518 ns/op
OverheadActual   4: 1024 op, 3557.00 ns, 3.4736 ns/op
OverheadActual   5: 1024 op, 3767.00 ns, 3.6787 ns/op
OverheadActual   6: 1024 op, 3366.00 ns, 3.2871 ns/op
OverheadActual   7: 1024 op, 3386.00 ns, 3.3066 ns/op
OverheadActual   8: 1024 op, 2254.00 ns, 2.2012 ns/op
OverheadActual   9: 1024 op, 3707.00 ns, 3.6201 ns/op
OverheadActual  10: 1024 op, 3497.00 ns, 3.4150 ns/op
OverheadActual  11: 1024 op, 3317.00 ns, 3.2393 ns/op
OverheadActual  12: 1024 op, 3296.00 ns, 3.2188 ns/op
OverheadActual  13: 1024 op, 3717.00 ns, 3.6299 ns/op
OverheadActual  14: 1024 op, 4238.00 ns, 4.1387 ns/op
OverheadActual  15: 1024 op, 3337.00 ns, 3.2588 ns/op
OverheadActual  16: 1024 op, 3767.00 ns, 3.6787 ns/op
OverheadActual  17: 1024 op, 3466.00 ns, 3.3848 ns/op
OverheadActual  18: 1024 op, 3537.00 ns, 3.4541 ns/op
OverheadActual  19: 1024 op, 4258.00 ns, 4.1582 ns/op
OverheadActual  20: 1024 op, 3336.00 ns, 3.2578 ns/op

OverheadWarmup   1: 1024 op, 3838.00 ns, 3.7480 ns/op
OverheadWarmup   2: 1024 op, 3396.00 ns, 3.3164 ns/op
OverheadWarmup   3: 1024 op, 4940.00 ns, 4.8242 ns/op
OverheadWarmup   4: 1024 op, 4289.00 ns, 4.1885 ns/op
OverheadWarmup   5: 1024 op, 3607.00 ns, 3.5225 ns/op
OverheadWarmup   6: 1024 op, 3757.00 ns, 3.6689 ns/op
OverheadWarmup   7: 1024 op, 2515.00 ns, 2.4561 ns/op

// BeforeActualRun
WorkloadActual   1: 1024 op, 712088798.00 ns, 695.3992 us/op
WorkloadActual   2: 1024 op, 627491900.00 ns, 612.7851 us/op
WorkloadActual   3: 1024 op, 621551064.00 ns, 606.9835 us/op
WorkloadActual   4: 1024 op, 625546556.00 ns, 610.8853 us/op
WorkloadActual   5: 1024 op, 628424415.00 ns, 613.6957 us/op
WorkloadActual   6: 1024 op, 630976373.00 ns, 616.1879 us/op
WorkloadActual   7: 1024 op, 629917014.00 ns, 615.1533 us/op
WorkloadActual   8: 1024 op, 634887962.00 ns, 620.0078 us/op
WorkloadActual   9: 1024 op, 643379623.00 ns, 628.3004 us/op
WorkloadActual  10: 1024 op, 708102605.00 ns, 691.5065 us/op
WorkloadActual  11: 1024 op, 646082198.00 ns, 630.9396 us/op
WorkloadActual  12: 1024 op, 671595030.00 ns, 655.8545 us/op
WorkloadActual  13: 1024 op, 645884510.00 ns, 630.7466 us/op
WorkloadActual  14: 1024 op, 631737681.00 ns, 616.9313 us/op
WorkloadActual  15: 1024 op, 660000079.00 ns, 644.5313 us/op
WorkloadActual  16: 1024 op, 654798648.00 ns, 639.4518 us/op
WorkloadActual  17: 1024 op, 643788647.00 ns, 628.6999 us/op
WorkloadActual  18: 1024 op, 658547257.00 ns, 643.1126 us/op
WorkloadActual  19: 1024 op, 750089323.00 ns, 732.5091 us/op
WorkloadActual  20: 1024 op, 662361190.00 ns, 646.8371 us/op
WorkloadActual  21: 1024 op, 659341448.00 ns, 643.8881 us/op
WorkloadActual  22: 1024 op, 672209077.00 ns, 656.4542 us/op
WorkloadActual  23: 1024 op, 606468055.00 ns, 592.2540 us/op
WorkloadActual  24: 1024 op, 636733468.00 ns, 621.8100 us/op
WorkloadActual  25: 1024 op, 642290428.00 ns, 627.2367 us/op
WorkloadActual  26: 1024 op, 633307438.00 ns, 618.4643 us/op
WorkloadActual  27: 1024 op, 701631305.00 ns, 685.1868 us/op
WorkloadActual  28: 1024 op, 656847714.00 ns, 641.4528 us/op
WorkloadActual  29: 1024 op, 609499090.00 ns, 595.2140 us/op
WorkloadActual  30: 1024 op, 605410271.00 ns, 591.2210 us/op
WorkloadActual  31: 1024 op, 616187176.00 ns, 601.7453 us/op
WorkloadActual  32: 1024 op, 582285030.00 ns, 568.6377 us/op
WorkloadActual  33: 1024 op, 605563173.00 ns, 591.3703 us/op
WorkloadActual  34: 1024 op, 583470070.00 ns, 569.7950 us/op
WorkloadActual  35: 1024 op, 558086714.00 ns, 545.0066 us/op
WorkloadActual  36: 1024 op, 570956989.00 ns, 557.5752 us/op
WorkloadActual  37: 1024 op, 571353989.00 ns, 557.9629 us/op
WorkloadActual  38: 1024 op, 633351523.00 ns, 618.5073 us/op
WorkloadActual  39: 1024 op, 609336499.00 ns, 595.0552 us/op
WorkloadActual  40: 1024 op, 595821841.00 ns, 581.8573 us/op
WorkloadActual  41: 1024 op, 597212493.00 ns, 583.2153 us/op
WorkloadActual  42: 1024 op, 613872315.00 ns, 599.4847 us/op
WorkloadActual  43: 1024 op, 593142921.00 ns, 579.2411 us/op
WorkloadActual  44: 1024 op, 637833647.00 ns, 622.8844 us/op
WorkloadActual  45: 1024 op, 794391406.00 ns, 775.7729 us/op
WorkloadActual  46: 1024 op, 646834021.00 ns, 631.6738 us/op
WorkloadActual  47: 1024 op, 689166781.00 ns, 673.0144 us/op
WorkloadActual  48: 1024 op, 701771596.00 ns, 685.3238 us/op
WorkloadActual  49: 1024 op, 674862591.00 ns, 659.0455 us/op
WorkloadActual  50: 1024 op, 643753011.00 ns, 628.6650 us/op
WorkloadActual  51: 1024 op, 674415314.00 ns, 658.6087 us/op
WorkloadActual  52: 1024 op, 652476747.00 ns, 637.1843 us/op
WorkloadActual  53: 1024 op, 625447430.00 ns, 610.7885 us/op
WorkloadActual  54: 1024 op, 647340731.00 ns, 632.1687 us/op
WorkloadActual  55: 1024 op, 636826248.00 ns, 621.9006 us/op
WorkloadActual  56: 1024 op, 715523480.00 ns, 698.7534 us/op
WorkloadActual  57: 1024 op, 718955231.00 ns, 702.1047 us/op
WorkloadActual  58: 1024 op, 672747852.00 ns, 656.9803 us/op
WorkloadActual  59: 1024 op, 665069760.00 ns, 649.4822 us/op
WorkloadActual  60: 1024 op, 649929409.00 ns, 634.6967 us/op
WorkloadActual  61: 1024 op, 664694111.00 ns, 649.1153 us/op
WorkloadActual  62: 1024 op, 670178763.00 ns, 654.4714 us/op
WorkloadActual  63: 1024 op, 715651495.00 ns, 698.8784 us/op
WorkloadActual  64: 1024 op, 672857092.00 ns, 657.0870 us/op
WorkloadActual  65: 1024 op, 719851518.00 ns, 702.9800 us/op
WorkloadActual  66: 1024 op, 741686067.00 ns, 724.3028 us/op
WorkloadActual  67: 1024 op, 658824162.00 ns, 643.3830 us/op
WorkloadActual  68: 1024 op, 650120957.00 ns, 634.8837 us/op
WorkloadActual  69: 1024 op, 671146036.00 ns, 655.4161 us/op
WorkloadActual  70: 1024 op, 653485740.00 ns, 638.1697 us/op
WorkloadActual  71: 1024 op, 669408309.00 ns, 653.7191 us/op
WorkloadActual  72: 1024 op, 666625720.00 ns, 651.0017 us/op
WorkloadActual  73: 1024 op, 707569331.00 ns, 690.9857 us/op
WorkloadActual  74: 1024 op, 731178077.00 ns, 714.0411 us/op
WorkloadActual  75: 1024 op, 684192638.00 ns, 668.1569 us/op
WorkloadActual  76: 1024 op, 631612487.00 ns, 616.8091 us/op
WorkloadActual  77: 1024 op, 646677624.00 ns, 631.5211 us/op
WorkloadActual  78: 1024 op, 665888719.00 ns, 650.2820 us/op
WorkloadActual  79: 1024 op, 658864969.00 ns, 643.4228 us/op
WorkloadActual  80: 1024 op, 666393567.00 ns, 650.7750 us/op
WorkloadActual  81: 1024 op, 651349209.00 ns, 636.0832 us/op
WorkloadActual  82: 1024 op, 654577291.00 ns, 639.2356 us/op
WorkloadActual  83: 1024 op, 747478550.00 ns, 729.9595 us/op
WorkloadActual  84: 1024 op, 709629968.00 ns, 692.9980 us/op
WorkloadActual  85: 1024 op, 680840521.00 ns, 664.8833 us/op
WorkloadActual  86: 1024 op, 706649901.00 ns, 690.0878 us/op
WorkloadActual  87: 1024 op, 722510903.00 ns, 705.5771 us/op
WorkloadActual  88: 1024 op, 676202560.00 ns, 660.3541 us/op
WorkloadActual  89: 1024 op, 675960727.00 ns, 660.1179 us/op
WorkloadActual  90: 1024 op, 699357198.00 ns, 682.9660 us/op
WorkloadActual  91: 1024 op, 724023199.00 ns, 707.0539 us/op
WorkloadActual  92: 1024 op, 724498619.00 ns, 707.5182 us/op
WorkloadActual  93: 1024 op, 662410150.00 ns, 646.8849 us/op
WorkloadActual  94: 1024 op, 694769293.00 ns, 678.4856 us/op
WorkloadActual  95: 1024 op, 684788101.00 ns, 668.7384 us/op
WorkloadActual  96: 1024 op, 736206869.00 ns, 718.9520 us/op
WorkloadActual  97: 1024 op, 727660615.00 ns, 710.6061 us/op
WorkloadActual  98: 1024 op, 702070684.00 ns, 685.6159 us/op
WorkloadActual  99: 1024 op, 641343933.00 ns, 626.3124 us/op
WorkloadActual  100: 1024 op, 727880927.00 ns, 710.8212 us/op

// AfterActualRun
WorkloadResult   1: 1024 op, 712085251.00 ns, 695.3958 us/op
WorkloadResult   2: 1024 op, 627488353.00 ns, 612.7816 us/op
WorkloadResult   3: 1024 op, 621547517.00 ns, 606.9800 us/op
WorkloadResult   4: 1024 op, 625543009.00 ns, 610.8818 us/op
WorkloadResult   5: 1024 op, 628420868.00 ns, 613.6923 us/op
WorkloadResult   6: 1024 op, 630972826.00 ns, 616.1844 us/op
WorkloadResult   7: 1024 op, 629913467.00 ns, 615.1499 us/op
WorkloadResult   8: 1024 op, 634884415.00 ns, 620.0043 us/op
WorkloadResult   9: 1024 op, 643376076.00 ns, 628.2969 us/op
WorkloadResult  10: 1024 op, 708099058.00 ns, 691.5030 us/op
WorkloadResult  11: 1024 op, 646078651.00 ns, 630.9362 us/op
WorkloadResult  12: 1024 op, 671591483.00 ns, 655.8511 us/op
WorkloadResult  13: 1024 op, 645880963.00 ns, 630.7431 us/op
WorkloadResult  14: 1024 op, 631734134.00 ns, 616.9279 us/op
WorkloadResult  15: 1024 op, 659996532.00 ns, 644.5279 us/op
WorkloadResult  16: 1024 op, 654795101.00 ns, 639.4483 us/op
WorkloadResult  17: 1024 op, 643785100.00 ns, 628.6964 us/op
WorkloadResult  18: 1024 op, 658543710.00 ns, 643.1091 us/op
WorkloadResult  19: 1024 op, 750085776.00 ns, 732.5056 us/op
WorkloadResult  20: 1024 op, 662357643.00 ns, 646.8336 us/op
WorkloadResult  21: 1024 op, 659337901.00 ns, 643.8847 us/op
WorkloadResult  22: 1024 op, 672205530.00 ns, 656.4507 us/op
WorkloadResult  23: 1024 op, 606464508.00 ns, 592.2505 us/op
WorkloadResult  24: 1024 op, 636729921.00 ns, 621.8066 us/op
WorkloadResult  25: 1024 op, 642286881.00 ns, 627.2333 us/op
WorkloadResult  26: 1024 op, 633303891.00 ns, 618.4608 us/op
WorkloadResult  27: 1024 op, 701627758.00 ns, 685.1834 us/op
WorkloadResult  28: 1024 op, 656844167.00 ns, 641.4494 us/op
WorkloadResult  29: 1024 op, 609495543.00 ns, 595.2105 us/op
WorkloadResult  30: 1024 op, 605406724.00 ns, 591.2175 us/op
WorkloadResult  31: 1024 op, 616183629.00 ns, 601.7418 us/op
WorkloadResult  32: 1024 op, 582281483.00 ns, 568.6343 us/op
WorkloadResult  33: 1024 op, 605559626.00 ns, 591.3668 us/op
WorkloadResult  34: 1024 op, 583466523.00 ns, 569.7915 us/op
WorkloadResult  35: 1024 op, 558083167.00 ns, 545.0031 us/op
WorkloadResult  36: 1024 op, 570953442.00 ns, 557.5717 us/op
WorkloadResult  37: 1024 op, 571350442.00 ns, 557.9594 us/op
WorkloadResult  38: 1024 op, 633347976.00 ns, 618.5039 us/op
WorkloadResult  39: 1024 op, 609332952.00 ns, 595.0517 us/op
WorkloadResult  40: 1024 op, 595818294.00 ns, 581.8538 us/op
WorkloadResult  41: 1024 op, 597208946.00 ns, 583.2119 us/op
WorkloadResult  42: 1024 op, 613868768.00 ns, 599.4812 us/op
WorkloadResult  43: 1024 op, 593139374.00 ns, 579.2377 us/op
WorkloadResult  44: 1024 op, 637830100.00 ns, 622.8810 us/op
WorkloadResult  45: 1024 op, 646830474.00 ns, 631.6704 us/op
WorkloadResult  46: 1024 op, 689163234.00 ns, 673.0110 us/op
WorkloadResult  47: 1024 op, 701768049.00 ns, 685.3204 us/op
WorkloadResult  48: 1024 op, 674859044.00 ns, 659.0420 us/op
WorkloadResult  49: 1024 op, 643749464.00 ns, 628.6616 us/op
WorkloadResult  50: 1024 op, 674411767.00 ns, 658.6052 us/op
WorkloadResult  51: 1024 op, 652473200.00 ns, 637.1809 us/op
WorkloadResult  52: 1024 op, 625443883.00 ns, 610.7850 us/op
WorkloadResult  53: 1024 op, 647337184.00 ns, 632.1652 us/op
WorkloadResult  54: 1024 op, 636822701.00 ns, 621.8972 us/op
WorkloadResult  55: 1024 op, 715519933.00 ns, 698.7499 us/op
WorkloadResult  56: 1024 op, 718951684.00 ns, 702.1013 us/op
WorkloadResult  57: 1024 op, 672744305.00 ns, 656.9769 us/op
WorkloadResult  58: 1024 op, 665066213.00 ns, 649.4787 us/op
WorkloadResult  59: 1024 op, 649925862.00 ns, 634.6932 us/op
WorkloadResult  60: 1024 op, 664690564.00 ns, 649.1119 us/op
WorkloadResult  61: 1024 op, 670175216.00 ns, 654.4680 us/op
WorkloadResult  62: 1024 op, 715647948.00 ns, 698.8749 us/op
WorkloadResult  63: 1024 op, 672853545.00 ns, 657.0835 us/op
WorkloadResult  64: 1024 op, 719847971.00 ns, 702.9765 us/op
WorkloadResult  65: 1024 op, 741682520.00 ns, 724.2993 us/op
WorkloadResult  66: 1024 op, 658820615.00 ns, 643.3795 us/op
WorkloadResult  67: 1024 op, 650117410.00 ns, 634.8803 us/op
WorkloadResult  68: 1024 op, 671142489.00 ns, 655.4126 us/op
WorkloadResult  69: 1024 op, 653482193.00 ns, 638.1662 us/op
WorkloadResult  70: 1024 op, 669404762.00 ns, 653.7156 us/op
WorkloadResult  71: 1024 op, 666622173.00 ns, 650.9982 us/op
WorkloadResult  72: 1024 op, 707565784.00 ns, 690.9822 us/op
WorkloadResult  73: 1024 op, 731174530.00 ns, 714.0376 us/op
WorkloadResult  74: 1024 op, 684189091.00 ns, 668.1534 us/op
WorkloadResult  75: 1024 op, 631608940.00 ns, 616.8056 us/op
WorkloadResult  76: 1024 op, 646674077.00 ns, 631.5177 us/op
WorkloadResult  77: 1024 op, 665885172.00 ns, 650.2785 us/op
WorkloadResult  78: 1024 op, 658861422.00 ns, 643.4194 us/op
WorkloadResult  79: 1024 op, 666390020.00 ns, 650.7715 us/op
WorkloadResult  80: 1024 op, 651345662.00 ns, 636.0797 us/op
WorkloadResult  81: 1024 op, 654573744.00 ns, 639.2322 us/op
WorkloadResult  82: 1024 op, 747475003.00 ns, 729.9561 us/op
WorkloadResult  83: 1024 op, 709626421.00 ns, 692.9946 us/op
WorkloadResult  84: 1024 op, 680836974.00 ns, 664.8799 us/op
WorkloadResult  85: 1024 op, 706646354.00 ns, 690.0843 us/op
WorkloadResult  86: 1024 op, 722507356.00 ns, 705.5736 us/op
WorkloadResult  87: 1024 op, 676199013.00 ns, 660.3506 us/op
WorkloadResult  88: 1024 op, 675957180.00 ns, 660.1144 us/op
WorkloadResult  89: 1024 op, 699353651.00 ns, 682.9625 us/op
WorkloadResult  90: 1024 op, 724019652.00 ns, 707.0504 us/op
WorkloadResult  91: 1024 op, 724495072.00 ns, 707.5147 us/op
WorkloadResult  92: 1024 op, 662406603.00 ns, 646.8814 us/op
WorkloadResult  93: 1024 op, 694765746.00 ns, 678.4822 us/op
WorkloadResult  94: 1024 op, 684784554.00 ns, 668.7349 us/op
WorkloadResult  95: 1024 op, 736203322.00 ns, 718.9486 us/op
WorkloadResult  96: 1024 op, 727657068.00 ns, 710.6026 us/op
WorkloadResult  97: 1024 op, 702067137.00 ns, 685.6124 us/op
WorkloadResult  98: 1024 op, 641340386.00 ns, 626.3090 us/op
WorkloadResult  99: 1024 op, 727877380.00 ns, 710.8178 us/op
// GC:  44 44 44 801459520 1024
// Threading:  0 0 1024

// AfterAll
// Benchmark Process 1096887 has exited with code 0.

Mean = 645.038 μs, StdErr = 4.167 μs (0.65%), N = 99, StdDev = 41.459 μs
Min = 545.003 μs, Q1 = 618.482 μs, Median = 643.380 μs, Q3 = 670.873 μs, Max = 732.506 μs
IQR = 52.391 μs, LowerFence = 539.896 μs, UpperFence = 749.459 μs
ConfidenceInterval = [630.902 μs; 659.174 μs] (CI 99.9%), Margin = 14.136 μs (2.19% of Mean)
Skewness = 0.01, Kurtosis = 2.56, MValue = 2.14

// ** Remained 18 (36.0%) benchmark(s) to run. Estimated finish 2026-01-01 2:16 (0h 13m from now) **
// **************************
// Benchmark: Sorting.Sort_Original: DefaultJob [NumItems=5000, GraphType=Random]
// *** Execute ***
// Launch: 1 / 1
// Execute: dotnet NexusMods.Benchmarks-DefaultJob-1.dll --anonymousPipes 126 127 --benchmarkName "NexusMods.Benchmarks.Benchmarks.Sorting.Sort_Original(NumItems: 5000, GraphType: Random)" --job Default --benchmarkId 32 in /home/ryang/nexus-app/benchmarks/NexusMods.Benchmarks/bin/Release/net9.0/NexusMods.Benchmarks-DefaultJob-1/bin/Release/net9.0
// Failed to set up high priority (Permission denied). In order to run benchmarks with high priority, make sure you have the right permissions.
// BeforeAnythingElse

// Benchmark Process Environment Information:
// BenchmarkDotNet v0.15.2
// Runtime=.NET 9.0.11 (9.0.1125.51716), X64 RyuJIT AVX-512F+CD+BW+DQ+VL+VBMI
// GC=Concurrent Workstation
// HardwareIntrinsics=AVX-512F+CD+BW+DQ+VL+VBMI,AES,BMI1,BMI2,FMA,LZCNT,PCLMUL,POPCNT,AvxVnni VectorSize=256
// Job: DefaultJob

OverheadJitting  1: 1 op, 244699.00 ns, 244.6990 us/op
WorkloadJitting  1: 1 op, 114652139.00 ns, 114.6521 ms/op

WorkloadPilot    1: 2 op, 299556489.00 ns, 149.7782 ms/op
WorkloadPilot    2: 3 op, 232261500.00 ns, 77.4205 ms/op
WorkloadPilot    3: 4 op, 316687181.00 ns, 79.1718 ms/op
WorkloadPilot    4: 5 op, 385082056.00 ns, 77.0164 ms/op
WorkloadPilot    5: 6 op, 461318346.00 ns, 76.8864 ms/op
WorkloadPilot    6: 7 op, 490624932.00 ns, 70.0893 ms/op
WorkloadPilot    7: 8 op, 598132772.00 ns, 74.7666 ms/op

OverheadWarmup   1: 8 op, 671.00 ns, 83.8750 ns/op
OverheadWarmup   2: 8 op, 421.00 ns, 52.6250 ns/op
OverheadWarmup   3: 8 op, 471.00 ns, 58.8750 ns/op
OverheadWarmup   4: 8 op, 1402.00 ns, 175.2500 ns/op
OverheadWarmup   5: 8 op, 280.00 ns, 35.0000 ns/op
OverheadWarmup   6: 8 op, 381.00 ns, 47.6250 ns/op
OverheadWarmup   7: 8 op, 320.00 ns, 40.0000 ns/op

// BeforeActualRun
WorkloadActual   1: 8 op, 677455201.00 ns, 84.6819 ms/op
WorkloadActual   2: 8 op, 614184228.00 ns, 76.7730 ms/op
WorkloadActual   3: 8 op, 629663748.00 ns, 78.7080 ms/op
WorkloadActual   4: 8 op, 665012365.00 ns, 83.1265 ms/op
WorkloadActual   5: 8 op, 597491664.00 ns, 74.6865 ms/op
WorkloadActual   6: 8 op, 624028828.00 ns, 78.0036 ms/op
WorkloadActual   7: 8 op, 627964285.00 ns, 78.4955 ms/op
WorkloadActual   8: 8 op, 636464912.00 ns, 79.5581 ms/op
WorkloadActual   9: 8 op, 608571130.00 ns, 76.0714 ms/op
WorkloadActual  10: 8 op, 612418868.00 ns, 76.5524 ms/op
WorkloadActual  11: 8 op, 597551630.00 ns, 74.6940 ms/op
WorkloadActual  12: 8 op, 612548456.00 ns, 76.5686 ms/op
WorkloadActual  13: 8 op, 650658901.00 ns, 81.3324 ms/op
WorkloadActual  14: 8 op, 627991517.00 ns, 78.4989 ms/op
WorkloadActual  15: 8 op, 584686616.00 ns, 73.0858 ms/op
WorkloadActual  16: 8 op, 624747736.00 ns, 78.0935 ms/op
WorkloadActual  17: 8 op, 643898056.00 ns, 80.4873 ms/op
WorkloadActual  18: 8 op, 611582998.00 ns, 76.4479 ms/op
WorkloadActual  19: 8 op, 585951879.00 ns, 73.2440 ms/op
WorkloadActual  20: 8 op, 604219949.00 ns, 75.5275 ms/op
WorkloadActual  21: 8 op, 601067062.00 ns, 75.1334 ms/op
WorkloadActual  22: 8 op, 647325328.00 ns, 80.9157 ms/op
WorkloadActual  23: 8 op, 685734396.00 ns, 85.7168 ms/op
WorkloadActual  24: 8 op, 624965113.00 ns, 78.1206 ms/op
WorkloadActual  25: 8 op, 650251902.00 ns, 81.2815 ms/op
WorkloadActual  26: 8 op, 651551481.00 ns, 81.4439 ms/op
WorkloadActual  27: 8 op, 621033074.00 ns, 77.6291 ms/op
WorkloadActual  28: 8 op, 640457869.00 ns, 80.0572 ms/op
WorkloadActual  29: 8 op, 611121214.00 ns, 76.3902 ms/op
WorkloadActual  30: 8 op, 637499144.00 ns, 79.6874 ms/op
WorkloadActual  31: 8 op, 600918037.00 ns, 75.1148 ms/op
WorkloadActual  32: 8 op, 674964714.00 ns, 84.3706 ms/op
WorkloadActual  33: 8 op, 662756086.00 ns, 82.8445 ms/op
WorkloadActual  34: 8 op, 638285159.00 ns, 79.7856 ms/op
WorkloadActual  35: 8 op, 627638362.00 ns, 78.4548 ms/op
WorkloadActual  36: 8 op, 607589152.00 ns, 75.9486 ms/op
WorkloadActual  37: 8 op, 580856564.00 ns, 72.6071 ms/op
WorkloadActual  38: 8 op, 604492532.00 ns, 75.5616 ms/op
WorkloadActual  39: 8 op, 611588160.00 ns, 76.4485 ms/op
WorkloadActual  40: 8 op, 610687445.00 ns, 76.3359 ms/op
WorkloadActual  41: 8 op, 626006869.00 ns, 78.2509 ms/op
WorkloadActual  42: 8 op, 670680843.00 ns, 83.8351 ms/op
WorkloadActual  43: 8 op, 612855667.00 ns, 76.6070 ms/op
WorkloadActual  44: 8 op, 645955287.00 ns, 80.7444 ms/op
WorkloadActual  45: 8 op, 598499076.00 ns, 74.8124 ms/op
WorkloadActual  46: 8 op, 608878671.00 ns, 76.1098 ms/op
WorkloadActual  47: 8 op, 627601342.00 ns, 78.4502 ms/op
WorkloadActual  48: 8 op, 607503158.00 ns, 75.9379 ms/op
WorkloadActual  49: 8 op, 646911509.00 ns, 80.8639 ms/op
WorkloadActual  50: 8 op, 603979651.00 ns, 75.4975 ms/op

// AfterActualRun
WorkloadResult   1: 8 op, 677455201.00 ns, 84.6819 ms/op
WorkloadResult   2: 8 op, 614184228.00 ns, 76.7730 ms/op
WorkloadResult   3: 8 op, 629663748.00 ns, 78.7080 ms/op
WorkloadResult   4: 8 op, 665012365.00 ns, 83.1265 ms/op
WorkloadResult   5: 8 op, 597491664.00 ns, 74.6865 ms/op
WorkloadResult   6: 8 op, 624028828.00 ns, 78.0036 ms/op
WorkloadResult   7: 8 op, 627964285.00 ns, 78.4955 ms/op
WorkloadResult   8: 8 op, 636464912.00 ns, 79.5581 ms/op
WorkloadResult   9: 8 op, 608571130.00 ns, 76.0714 ms/op
WorkloadResult  10: 8 op, 612418868.00 ns, 76.5524 ms/op
WorkloadResult  11: 8 op, 597551630.00 ns, 74.6940 ms/op
WorkloadResult  12: 8 op, 612548456.00 ns, 76.5686 ms/op
WorkloadResult  13: 8 op, 650658901.00 ns, 81.3324 ms/op
WorkloadResult  14: 8 op, 627991517.00 ns, 78.4989 ms/op
WorkloadResult  15: 8 op, 584686616.00 ns, 73.0858 ms/op
WorkloadResult  16: 8 op, 624747736.00 ns, 78.0935 ms/op
WorkloadResult  17: 8 op, 643898056.00 ns, 80.4873 ms/op
WorkloadResult  18: 8 op, 611582998.00 ns, 76.4479 ms/op
WorkloadResult  19: 8 op, 585951879.00 ns, 73.2440 ms/op
WorkloadResult  20: 8 op, 604219949.00 ns, 75.5275 ms/op
WorkloadResult  21: 8 op, 601067062.00 ns, 75.1334 ms/op
WorkloadResult  22: 8 op, 647325328.00 ns, 80.9157 ms/op
WorkloadResult  23: 8 op, 685734396.00 ns, 85.7168 ms/op
WorkloadResult  24: 8 op, 624965113.00 ns, 78.1206 ms/op
WorkloadResult  25: 8 op, 650251902.00 ns, 81.2815 ms/op
WorkloadResult  26: 8 op, 651551481.00 ns, 81.4439 ms/op
WorkloadResult  27: 8 op, 621033074.00 ns, 77.6291 ms/op
WorkloadResult  28: 8 op, 640457869.00 ns, 80.0572 ms/op
WorkloadResult  29: 8 op, 611121214.00 ns, 76.3902 ms/op
WorkloadResult  30: 8 op, 637499144.00 ns, 79.6874 ms/op
WorkloadResult  31: 8 op, 600918037.00 ns, 75.1148 ms/op
WorkloadResult  32: 8 op, 674964714.00 ns, 84.3706 ms/op
WorkloadResult  33: 8 op, 662756086.00 ns, 82.8445 ms/op
WorkloadResult  34: 8 op, 638285159.00 ns, 79.7856 ms/op
WorkloadResult  35: 8 op, 627638362.00 ns, 78.4548 ms/op
WorkloadResult  36: 8 op, 607589152.00 ns, 75.9486 ms/op
WorkloadResult  37: 8 op, 580856564.00 ns, 72.6071 ms/op
WorkloadResult  38: 8 op, 604492532.00 ns, 75.5616 ms/op
WorkloadResult  39: 8 op, 611588160.00 ns, 76.4485 ms/op
WorkloadResult  40: 8 op, 610687445.00 ns, 76.3359 ms/op
WorkloadResult  41: 8 op, 626006869.00 ns, 78.2509 ms/op
WorkloadResult  42: 8 op, 670680843.00 ns, 83.8351 ms/op
WorkloadResult  43: 8 op, 612855667.00 ns, 76.6070 ms/op
WorkloadResult  44: 8 op, 645955287.00 ns, 80.7444 ms/op
WorkloadResult  45: 8 op, 598499076.00 ns, 74.8124 ms/op
WorkloadResult  46: 8 op, 608878671.00 ns, 76.1098 ms/op
WorkloadResult  47: 8 op, 627601342.00 ns, 78.4502 ms/op
WorkloadResult  48: 8 op, 607503158.00 ns, 75.9379 ms/op
WorkloadResult  49: 8 op, 646911509.00 ns, 80.8639 ms/op
WorkloadResult  50: 8 op, 603979651.00 ns, 75.4975 ms/op
// GC:  1 1 1 17700968 8
// Threading:  356 11 8

// AfterAll
// Benchmark Process 1097254 has exited with code 0.

Mean = 78.192 ms, StdErr = 0.443 ms (0.57%), N = 50, StdDev = 3.135 ms
Min = 72.607 ms, Q1 = 75.979 ms, Median = 78.049 ms, Q3 = 80.380 ms, Max = 85.717 ms
IQR = 4.400 ms, LowerFence = 69.379 ms, UpperFence = 86.980 ms
ConfidenceInterval = [76.640 ms; 79.744 ms] (CI 99.9%), Margin = 1.552 ms (1.98% of Mean)
Skewness = 0.5, Kurtosis = 2.52, MValue = 2

// ** Remained 17 (34.0%) benchmark(s) to run. Estimated finish 2026-01-01 2:16 (0h 12m from now) **
// **************************
// Benchmark: Sorting.Sort_Kahn: DefaultJob [NumItems=5000, GraphType=Random]
// *** Execute ***
// Launch: 1 / 1
// Execute: dotnet NexusMods.Benchmarks-DefaultJob-1.dll --anonymousPipes 126 127 --benchmarkName "NexusMods.Benchmarks.Benchmarks.Sorting.Sort_Kahn(NumItems: 5000, GraphType: Random)" --job Default --benchmarkId 33 in /home/ryang/nexus-app/benchmarks/NexusMods.Benchmarks/bin/Release/net9.0/NexusMods.Benchmarks-DefaultJob-1/bin/Release/net9.0
// Failed to set up high priority (Permission denied). In order to run benchmarks with high priority, make sure you have the right permissions.
// BeforeAnythingElse

// Benchmark Process Environment Information:
// BenchmarkDotNet v0.15.2
// Runtime=.NET 9.0.11 (9.0.1125.51716), X64 RyuJIT AVX-512F+CD+BW+DQ+VL+VBMI
// GC=Concurrent Workstation
// HardwareIntrinsics=AVX-512F+CD+BW+DQ+VL+VBMI,AES,BMI1,BMI2,FMA,LZCNT,PCLMUL,POPCNT,AvxVnni VectorSize=256
// Job: DefaultJob

OverheadJitting  1: 1 op, 217777.00 ns, 217.7770 us/op
WorkloadJitting  1: 1 op, 5698001.00 ns, 5.6980 ms/op

OverheadJitting  2: 16 op, 457245.00 ns, 28.5778 us/op
WorkloadJitting  2: 16 op, 16074540.00 ns, 1.0047 ms/op

WorkloadPilot    1: 16 op, 11528004.00 ns, 720.5003 us/op
WorkloadPilot    2: 32 op, 27570173.00 ns, 861.5679 us/op
WorkloadPilot    3: 64 op, 46760729.00 ns, 730.6364 us/op
WorkloadPilot    4: 128 op, 86512467.00 ns, 675.8786 us/op
WorkloadPilot    5: 256 op, 163017292.00 ns, 636.7863 us/op
WorkloadPilot    6: 512 op, 309986252.00 ns, 605.4419 us/op
WorkloadPilot    7: 1024 op, 579960418.00 ns, 566.3676 us/op

OverheadWarmup   1: 1024 op, 4608.00 ns, 4.5000 ns/op
OverheadWarmup   2: 1024 op, 3366.00 ns, 3.2871 ns/op
OverheadWarmup   3: 1024 op, 3436.00 ns, 3.3555 ns/op
OverheadWarmup   4: 1024 op, 3386.00 ns, 3.3066 ns/op
OverheadWarmup   5: 1024 op, 3256.00 ns, 3.1797 ns/op
OverheadWarmup   6: 1024 op, 3236.00 ns, 3.1602 ns/op
OverheadWarmup   7: 1024 op, 3197.00 ns, 3.1221 ns/op
OverheadWarmup   8: 1024 op, 3246.00 ns, 3.1699 ns/op
OverheadWarmup   9: 1024 op, 3186.00 ns, 3.1113 ns/op

OverheadActual   1: 1024 op, 3577.00 ns, 3.4932 ns/op
OverheadActual   2: 1024 op, 3577.00 ns, 3.4932 ns/op
OverheadActual   3: 1024 op, 3496.00 ns, 3.4141 ns/op
OverheadActual   4: 1024 op, 3346.00 ns, 3.2676 ns/op
OverheadActual   5: 1024 op, 3416.00 ns, 3.3359 ns/op
OverheadActual   6: 1024 op, 3376.00 ns, 3.2969 ns/op
OverheadActual   7: 1024 op, 3196.00 ns, 3.1211 ns/op
OverheadActual   8: 1024 op, 3277.00 ns, 3.2002 ns/op
OverheadActual   9: 1024 op, 3307.00 ns, 3.2295 ns/op
OverheadActual  10: 1024 op, 3276.00 ns, 3.1992 ns/op
OverheadActual  11: 1024 op, 3838.00 ns, 3.7480 ns/op
OverheadActual  12: 1024 op, 3236.00 ns, 3.1602 ns/op
OverheadActual  13: 1024 op, 3146.00 ns, 3.0723 ns/op
OverheadActual  14: 1024 op, 3156.00 ns, 3.0820 ns/op
OverheadActual  15: 1024 op, 3116.00 ns, 3.0430 ns/op
OverheadActual  16: 1024 op, 3176.00 ns, 3.1016 ns/op
OverheadActual  17: 1024 op, 3186.00 ns, 3.1113 ns/op

OverheadWarmup   1: 1024 op, 3977.00 ns, 3.8838 ns/op
OverheadWarmup   2: 1024 op, 3897.00 ns, 3.8057 ns/op
OverheadWarmup   3: 1024 op, 2414.00 ns, 2.3574 ns/op
OverheadWarmup   4: 1024 op, 3677.00 ns, 3.5908 ns/op
OverheadWarmup   5: 1024 op, 3837.00 ns, 3.7471 ns/op
OverheadWarmup   6: 1024 op, 3546.00 ns, 3.4629 ns/op
OverheadWarmup   7: 1024 op, 2135.00 ns, 2.0850 ns/op
OverheadWarmup   8: 1024 op, 2134.00 ns, 2.0840 ns/op
OverheadWarmup   9: 1024 op, 2245.00 ns, 2.1924 ns/op
OverheadWarmup  10: 1024 op, 3497.00 ns, 3.4150 ns/op
OverheadWarmup  11: 1024 op, 2495.00 ns, 2.4365 ns/op

// BeforeActualRun
WorkloadActual   1: 1024 op, 583647749.00 ns, 569.9685 us/op
WorkloadActual   2: 1024 op, 571894233.00 ns, 558.4905 us/op
WorkloadActual   3: 1024 op, 587513982.00 ns, 573.7441 us/op
WorkloadActual   4: 1024 op, 602150109.00 ns, 588.0372 us/op
WorkloadActual   5: 1024 op, 564168951.00 ns, 550.9462 us/op
WorkloadActual   6: 1024 op, 563217409.00 ns, 550.0170 us/op
WorkloadActual   7: 1024 op, 585947664.00 ns, 572.2145 us/op
WorkloadActual   8: 1024 op, 636069318.00 ns, 621.1614 us/op
WorkloadActual   9: 1024 op, 635358167.00 ns, 620.4670 us/op
WorkloadActual  10: 1024 op, 591314691.00 ns, 577.4558 us/op
WorkloadActual  11: 1024 op, 621371315.00 ns, 606.8079 us/op
WorkloadActual  12: 1024 op, 603498882.00 ns, 589.3544 us/op
WorkloadActual  13: 1024 op, 584788434.00 ns, 571.0825 us/op
WorkloadActual  14: 1024 op, 602497174.00 ns, 588.3761 us/op
WorkloadActual  15: 1024 op, 631889886.00 ns, 617.0800 us/op
WorkloadActual  16: 1024 op, 578078606.00 ns, 564.5299 us/op
WorkloadActual  17: 1024 op, 591133975.00 ns, 577.2793 us/op
WorkloadActual  18: 1024 op, 636800178.00 ns, 621.8752 us/op
WorkloadActual  19: 1024 op, 612162662.00 ns, 597.8151 us/op
WorkloadActual  20: 1024 op, 596385470.00 ns, 582.4077 us/op
WorkloadActual  21: 1024 op, 605735415.00 ns, 591.5385 us/op
WorkloadActual  22: 1024 op, 611122140.00 ns, 596.7990 us/op
WorkloadActual  23: 1024 op, 585257584.00 ns, 571.5406 us/op
WorkloadActual  24: 1024 op, 611270063.00 ns, 596.9434 us/op
WorkloadActual  25: 1024 op, 586287355.00 ns, 572.5462 us/op
WorkloadActual  26: 1024 op, 587142643.00 ns, 573.3815 us/op
WorkloadActual  27: 1024 op, 596695956.00 ns, 582.7109 us/op
WorkloadActual  28: 1024 op, 626314260.00 ns, 611.6350 us/op
WorkloadActual  29: 1024 op, 599477071.00 ns, 585.4268 us/op
WorkloadActual  30: 1024 op, 609145775.00 ns, 594.8689 us/op
WorkloadActual  31: 1024 op, 588541342.00 ns, 574.7474 us/op
WorkloadActual  32: 1024 op, 601251209.00 ns, 587.1594 us/op
WorkloadActual  33: 1024 op, 603422557.00 ns, 589.2798 us/op
WorkloadActual  34: 1024 op, 574815139.00 ns, 561.3429 us/op
WorkloadActual  35: 1024 op, 587652790.00 ns, 573.8797 us/op

// AfterActualRun
WorkloadResult   1: 1024 op, 583644472.00 ns, 569.9653 us/op
WorkloadResult   2: 1024 op, 571890956.00 ns, 558.4873 us/op
WorkloadResult   3: 1024 op, 587510705.00 ns, 573.7409 us/op
WorkloadResult   4: 1024 op, 602146832.00 ns, 588.0340 us/op
WorkloadResult   5: 1024 op, 564165674.00 ns, 550.9430 us/op
WorkloadResult   6: 1024 op, 563214132.00 ns, 550.0138 us/op
WorkloadResult   7: 1024 op, 585944387.00 ns, 572.2113 us/op
WorkloadResult   8: 1024 op, 636066041.00 ns, 621.1582 us/op
WorkloadResult   9: 1024 op, 635354890.00 ns, 620.4638 us/op
WorkloadResult  10: 1024 op, 591311414.00 ns, 577.4526 us/op
WorkloadResult  11: 1024 op, 621368038.00 ns, 606.8047 us/op
WorkloadResult  12: 1024 op, 603495605.00 ns, 589.3512 us/op
WorkloadResult  13: 1024 op, 584785157.00 ns, 571.0793 us/op
WorkloadResult  14: 1024 op, 602493897.00 ns, 588.3729 us/op
WorkloadResult  15: 1024 op, 631886609.00 ns, 617.0768 us/op
WorkloadResult  16: 1024 op, 578075329.00 ns, 564.5267 us/op
WorkloadResult  17: 1024 op, 591130698.00 ns, 577.2761 us/op
WorkloadResult  18: 1024 op, 636796901.00 ns, 621.8720 us/op
WorkloadResult  19: 1024 op, 612159385.00 ns, 597.8119 us/op
WorkloadResult  20: 1024 op, 596382193.00 ns, 582.4045 us/op
WorkloadResult  21: 1024 op, 605732138.00 ns, 591.5353 us/op
WorkloadResult  22: 1024 op, 611118863.00 ns, 596.7958 us/op
WorkloadResult  23: 1024 op, 585254307.00 ns, 571.5374 us/op
WorkloadResult  24: 1024 op, 611266786.00 ns, 596.9402 us/op
WorkloadResult  25: 1024 op, 586284078.00 ns, 572.5430 us/op
WorkloadResult  26: 1024 op, 587139366.00 ns, 573.3783 us/op
WorkloadResult  27: 1024 op, 596692679.00 ns, 582.7077 us/op
WorkloadResult  28: 1024 op, 626310983.00 ns, 611.6318 us/op
WorkloadResult  29: 1024 op, 599473794.00 ns, 585.4236 us/op
WorkloadResult  30: 1024 op, 609142498.00 ns, 594.8657 us/op
WorkloadResult  31: 1024 op, 588538065.00 ns, 574.7442 us/op
WorkloadResult  32: 1024 op, 601247932.00 ns, 587.1562 us/op
WorkloadResult  33: 1024 op, 603419280.00 ns, 589.2766 us/op
WorkloadResult  34: 1024 op, 574811862.00 ns, 561.3397 us/op
WorkloadResult  35: 1024 op, 587649513.00 ns, 573.8765 us/op
// GC:  44 44 44 718861184 1024
// Threading:  0 0 1024

// AfterAll
// Benchmark Process 1097483 has exited with code 0.

Mean = 584.651 μs, StdErr = 3.226 μs (0.55%), N = 35, StdDev = 19.088 μs
Min = 550.014 μs, Q1 = 572.377 μs, Median = 582.708 μs, Q3 = 595.831 μs, Max = 621.872 μs
IQR = 23.454 μs, LowerFence = 537.197 μs, UpperFence = 631.011 μs
ConfidenceInterval = [573.034 μs; 596.269 μs] (CI 99.9%), Margin = 11.617 μs (1.99% of Mean)
Skewness = 0.34, Kurtosis = 2.41, MValue = 2

// ** Remained 16 (32.0%) benchmark(s) to run. Estimated finish 2026-01-01 2:16 (0h 11m from now) **
// **************************
// Benchmark: Sorting.Sort_Original: DefaultJob [NumItems=5000, GraphType=Chain]
// *** Execute ***
// Launch: 1 / 1
// Execute: dotnet NexusMods.Benchmarks-DefaultJob-1.dll --anonymousPipes 126 127 --benchmarkName "NexusMods.Benchmarks.Benchmarks.Sorting.Sort_Original(NumItems: 5000, GraphType: Chain)" --job Default --benchmarkId 34 in /home/ryang/nexus-app/benchmarks/NexusMods.Benchmarks/bin/Release/net9.0/NexusMods.Benchmarks-DefaultJob-1/bin/Release/net9.0
// Failed to set up high priority (Permission denied). In order to run benchmarks with high priority, make sure you have the right permissions.
// BeforeAnythingElse

// Benchmark Process Environment Information:
// BenchmarkDotNet v0.15.2
// Runtime=.NET 9.0.11 (9.0.1125.51716), X64 RyuJIT AVX-512F+CD+BW+DQ+VL+VBMI
// GC=Concurrent Workstation
// HardwareIntrinsics=AVX-512F+CD+BW+DQ+VL+VBMI,AES,BMI1,BMI2,FMA,LZCNT,PCLMUL,POPCNT,AvxVnni VectorSize=256
// Job: DefaultJob

OverheadJitting  1: 1 op, 177089.00 ns, 177.0890 us/op
WorkloadJitting  1: 1 op, 328905972.00 ns, 328.9060 ms/op

WorkloadPilot    1: 2 op, 664421991.00 ns, 332.2110 ms/op

OverheadWarmup   1: 2 op, 1302.00 ns, 651.0000 ns/op
OverheadWarmup   2: 2 op, 271.00 ns, 135.5000 ns/op
OverheadWarmup   3: 2 op, 271.00 ns, 135.5000 ns/op
OverheadWarmup   4: 2 op, 351.00 ns, 175.5000 ns/op
OverheadWarmup   5: 2 op, 241.00 ns, 120.5000 ns/op
OverheadWarmup   6: 2 op, 341.00 ns, 170.5000 ns/op

// BeforeActualRun
WorkloadActual   1: 2 op, 589752962.00 ns, 294.8765 ms/op
WorkloadActual   2: 2 op, 395914973.00 ns, 197.9575 ms/op
WorkloadActual   3: 2 op, 377606836.00 ns, 188.8034 ms/op
WorkloadActual   4: 2 op, 371484754.00 ns, 185.7424 ms/op
WorkloadActual   5: 2 op, 372229470.00 ns, 186.1147 ms/op
WorkloadActual   6: 2 op, 373250876.00 ns, 186.6254 ms/op
WorkloadActual   7: 2 op, 383618639.00 ns, 191.8093 ms/op
WorkloadActual   8: 2 op, 381694875.00 ns, 190.8474 ms/op
WorkloadActual   9: 2 op, 397870828.00 ns, 198.9354 ms/op
WorkloadActual  10: 2 op, 374731190.00 ns, 187.3656 ms/op
WorkloadActual  11: 2 op, 382905943.00 ns, 191.4530 ms/op
WorkloadActual  12: 2 op, 366272674.00 ns, 183.1363 ms/op
WorkloadActual  13: 2 op, 372334201.00 ns, 186.1671 ms/op
WorkloadActual  14: 2 op, 411660183.00 ns, 205.8301 ms/op
WorkloadActual  15: 2 op, 416689945.00 ns, 208.3450 ms/op
WorkloadActual  16: 2 op, 376628373.00 ns, 188.3142 ms/op
WorkloadActual  17: 2 op, 364900737.00 ns, 182.4504 ms/op
WorkloadActual  18: 2 op, 361987659.00 ns, 180.9938 ms/op
WorkloadActual  19: 2 op, 358066450.00 ns, 179.0332 ms/op
WorkloadActual  20: 2 op, 370881910.00 ns, 185.4410 ms/op
WorkloadActual  21: 2 op, 366402652.00 ns, 183.2013 ms/op
WorkloadActual  22: 2 op, 370971302.00 ns, 185.4857 ms/op
WorkloadActual  23: 2 op, 367883047.00 ns, 183.9415 ms/op
WorkloadActual  24: 2 op, 365185943.00 ns, 182.5930 ms/op
WorkloadActual  25: 2 op, 355813686.00 ns, 177.9068 ms/op
WorkloadActual  26: 2 op, 372271581.00 ns, 186.1358 ms/op
WorkloadActual  27: 2 op, 361213817.00 ns, 180.6069 ms/op
WorkloadActual  28: 2 op, 385533906.00 ns, 192.7670 ms/op
WorkloadActual  29: 2 op, 391441728.00 ns, 195.7209 ms/op
WorkloadActual  30: 2 op, 450605317.00 ns, 225.3027 ms/op
WorkloadActual  31: 2 op, 422895928.00 ns, 211.4480 ms/op
WorkloadActual  32: 2 op, 395296079.00 ns, 197.6480 ms/op
WorkloadActual  33: 2 op, 392687534.00 ns, 196.3438 ms/op
WorkloadActual  34: 2 op, 393533013.00 ns, 196.7665 ms/op
WorkloadActual  35: 2 op, 388192437.00 ns, 194.0962 ms/op
WorkloadActual  36: 2 op, 375108162.00 ns, 187.5541 ms/op
WorkloadActual  37: 2 op, 395210225.00 ns, 197.6051 ms/op
WorkloadActual  38: 2 op, 386692676.00 ns, 193.3463 ms/op
WorkloadActual  39: 2 op, 394081794.00 ns, 197.0409 ms/op
WorkloadActual  40: 2 op, 382896406.00 ns, 191.4482 ms/op
WorkloadActual  41: 2 op, 407298312.00 ns, 203.6492 ms/op
WorkloadActual  42: 2 op, 392039113.00 ns, 196.0196 ms/op
WorkloadActual  43: 2 op, 371444938.00 ns, 185.7225 ms/op
WorkloadActual  44: 2 op, 408473913.00 ns, 204.2370 ms/op
WorkloadActual  45: 2 op, 396041367.00 ns, 198.0207 ms/op
WorkloadActual  46: 2 op, 413019918.00 ns, 206.5100 ms/op
WorkloadActual  47: 2 op, 409955130.00 ns, 204.9776 ms/op
WorkloadActual  48: 2 op, 386106023.00 ns, 193.0530 ms/op
WorkloadActual  49: 2 op, 385198074.00 ns, 192.5990 ms/op
WorkloadActual  50: 2 op, 373082685.00 ns, 186.5413 ms/op
WorkloadActual  51: 2 op, 384599447.00 ns, 192.2997 ms/op
WorkloadActual  52: 2 op, 367914138.00 ns, 183.9571 ms/op
WorkloadActual  53: 2 op, 398992969.00 ns, 199.4965 ms/op
WorkloadActual  54: 2 op, 385733540.00 ns, 192.8668 ms/op
WorkloadActual  55: 2 op, 387548164.00 ns, 193.7741 ms/op

// AfterActualRun
WorkloadResult   1: 2 op, 395914973.00 ns, 197.9575 ms/op
WorkloadResult   2: 2 op, 377606836.00 ns, 188.8034 ms/op
WorkloadResult   3: 2 op, 371484754.00 ns, 185.7424 ms/op
WorkloadResult   4: 2 op, 372229470.00 ns, 186.1147 ms/op
WorkloadResult   5: 2 op, 373250876.00 ns, 186.6254 ms/op
WorkloadResult   6: 2 op, 383618639.00 ns, 191.8093 ms/op
WorkloadResult   7: 2 op, 381694875.00 ns, 190.8474 ms/op
WorkloadResult   8: 2 op, 397870828.00 ns, 198.9354 ms/op
WorkloadResult   9: 2 op, 374731190.00 ns, 187.3656 ms/op
WorkloadResult  10: 2 op, 382905943.00 ns, 191.4530 ms/op
WorkloadResult  11: 2 op, 366272674.00 ns, 183.1363 ms/op
WorkloadResult  12: 2 op, 372334201.00 ns, 186.1671 ms/op
WorkloadResult  13: 2 op, 411660183.00 ns, 205.8301 ms/op
WorkloadResult  14: 2 op, 416689945.00 ns, 208.3450 ms/op
WorkloadResult  15: 2 op, 376628373.00 ns, 188.3142 ms/op
WorkloadResult  16: 2 op, 364900737.00 ns, 182.4504 ms/op
WorkloadResult  17: 2 op, 361987659.00 ns, 180.9938 ms/op
WorkloadResult  18: 2 op, 358066450.00 ns, 179.0332 ms/op
WorkloadResult  19: 2 op, 370881910.00 ns, 185.4410 ms/op
WorkloadResult  20: 2 op, 366402652.00 ns, 183.2013 ms/op
WorkloadResult  21: 2 op, 370971302.00 ns, 185.4857 ms/op
WorkloadResult  22: 2 op, 367883047.00 ns, 183.9415 ms/op
WorkloadResult  23: 2 op, 365185943.00 ns, 182.5930 ms/op
WorkloadResult  24: 2 op, 355813686.00 ns, 177.9068 ms/op
WorkloadResult  25: 2 op, 372271581.00 ns, 186.1358 ms/op
WorkloadResult  26: 2 op, 361213817.00 ns, 180.6069 ms/op
WorkloadResult  27: 2 op, 385533906.00 ns, 192.7670 ms/op
WorkloadResult  28: 2 op, 391441728.00 ns, 195.7209 ms/op
WorkloadResult  29: 2 op, 422895928.00 ns, 211.4480 ms/op
WorkloadResult  30: 2 op, 395296079.00 ns, 197.6480 ms/op
WorkloadResult  31: 2 op, 392687534.00 ns, 196.3438 ms/op
WorkloadResult  32: 2 op, 393533013.00 ns, 196.7665 ms/op
WorkloadResult  33: 2 op, 388192437.00 ns, 194.0962 ms/op
WorkloadResult  34: 2 op, 375108162.00 ns, 187.5541 ms/op
WorkloadResult  35: 2 op, 395210225.00 ns, 197.6051 ms/op
WorkloadResult  36: 2 op, 386692676.00 ns, 193.3463 ms/op
WorkloadResult  37: 2 op, 394081794.00 ns, 197.0409 ms/op
WorkloadResult  38: 2 op, 382896406.00 ns, 191.4482 ms/op
WorkloadResult  39: 2 op, 407298312.00 ns, 203.6492 ms/op
WorkloadResult  40: 2 op, 392039113.00 ns, 196.0196 ms/op
WorkloadResult  41: 2 op, 371444938.00 ns, 185.7225 ms/op
WorkloadResult  42: 2 op, 408473913.00 ns, 204.2370 ms/op
WorkloadResult  43: 2 op, 396041367.00 ns, 198.0207 ms/op
WorkloadResult  44: 2 op, 413019918.00 ns, 206.5100 ms/op
WorkloadResult  45: 2 op, 409955130.00 ns, 204.9776 ms/op
WorkloadResult  46: 2 op, 386106023.00 ns, 193.0530 ms/op
WorkloadResult  47: 2 op, 385198074.00 ns, 192.5990 ms/op
WorkloadResult  48: 2 op, 373082685.00 ns, 186.5413 ms/op
WorkloadResult  49: 2 op, 384599447.00 ns, 192.2997 ms/op
WorkloadResult  50: 2 op, 367914138.00 ns, 183.9571 ms/op
WorkloadResult  51: 2 op, 398992969.00 ns, 199.4965 ms/op
WorkloadResult  52: 2 op, 385733540.00 ns, 192.8668 ms/op
WorkloadResult  53: 2 op, 387548164.00 ns, 193.7741 ms/op
// GC:  0 0 0 27833792 2
// Threading:  20844 8 2

// AfterAll
// Benchmark Process 1097612 has exited with code 0.

Mean = 191.901 ms, StdErr = 1.098 ms (0.57%), N = 53, StdDev = 7.996 ms
Min = 177.907 ms, Q1 = 185.742 ms, Median = 191.809 ms, Q3 = 197.041 ms, Max = 211.448 ms
IQR = 11.299 ms, LowerFence = 168.795 ms, UpperFence = 213.989 ms
ConfidenceInterval = [188.070 ms; 195.732 ms] (CI 99.9%), Margin = 3.831 ms (2.00% of Mean)
Skewness = 0.44, Kurtosis = 2.45, MValue = 3.53

// ** Remained 15 (30.0%) benchmark(s) to run. Estimated finish 2026-01-01 2:15 (0h 10m from now) **
// **************************
// Benchmark: Sorting.Sort_Kahn: DefaultJob [NumItems=5000, GraphType=Chain]
// *** Execute ***
// Launch: 1 / 1
// Execute: dotnet NexusMods.Benchmarks-DefaultJob-1.dll --anonymousPipes 126 127 --benchmarkName "NexusMods.Benchmarks.Benchmarks.Sorting.Sort_Kahn(NumItems: 5000, GraphType: Chain)" --job Default --benchmarkId 35 in /home/ryang/nexus-app/benchmarks/NexusMods.Benchmarks/bin/Release/net9.0/NexusMods.Benchmarks-DefaultJob-1/bin/Release/net9.0
// Failed to set up high priority (Permission denied). In order to run benchmarks with high priority, make sure you have the right permissions.
// BeforeAnythingElse

// Benchmark Process Environment Information:
// BenchmarkDotNet v0.15.2
// Runtime=.NET 9.0.11 (9.0.1125.51716), X64 RyuJIT AVX-512F+CD+BW+DQ+VL+VBMI
// GC=Concurrent Workstation
// HardwareIntrinsics=AVX-512F+CD+BW+DQ+VL+VBMI,AES,BMI1,BMI2,FMA,LZCNT,PCLMUL,POPCNT,AvxVnni VectorSize=256
// Job: DefaultJob

OverheadJitting  1: 1 op, 232636.00 ns, 232.6360 us/op
WorkloadJitting  1: 1 op, 4121733.00 ns, 4.1217 ms/op

OverheadJitting  2: 16 op, 382252.00 ns, 23.8908 us/op
WorkloadJitting  2: 16 op, 15627143.00 ns, 976.6964 us/op

WorkloadPilot    1: 16 op, 11490162.00 ns, 718.1351 us/op
WorkloadPilot    2: 32 op, 22014234.00 ns, 687.9448 us/op
WorkloadPilot    3: 64 op, 41510155.00 ns, 648.5962 us/op
WorkloadPilot    4: 128 op, 86169902.00 ns, 673.2024 us/op
WorkloadPilot    5: 256 op, 166920186.00 ns, 652.0320 us/op
WorkloadPilot    6: 512 op, 327227499.00 ns, 639.1162 us/op
WorkloadPilot    7: 1024 op, 644441785.00 ns, 629.3377 us/op

OverheadWarmup   1: 1024 op, 5390.00 ns, 5.2637 ns/op
OverheadWarmup   2: 1024 op, 3747.00 ns, 3.6592 ns/op
OverheadWarmup   3: 1024 op, 3587.00 ns, 3.5029 ns/op
OverheadWarmup   4: 1024 op, 4038.00 ns, 3.9434 ns/op
OverheadWarmup   5: 1024 op, 3397.00 ns, 3.3174 ns/op
OverheadWarmup   6: 1024 op, 3536.00 ns, 3.4531 ns/op
OverheadWarmup   7: 1024 op, 3457.00 ns, 3.3760 ns/op

OverheadActual   1: 1024 op, 3697.00 ns, 3.6104 ns/op
OverheadActual   2: 1024 op, 3737.00 ns, 3.6494 ns/op
OverheadActual   3: 1024 op, 2565.00 ns, 2.5049 ns/op
OverheadActual   4: 1024 op, 3908.00 ns, 3.8164 ns/op
OverheadActual   5: 1024 op, 3857.00 ns, 3.7666 ns/op
OverheadActual   6: 1024 op, 4108.00 ns, 4.0117 ns/op
OverheadActual   7: 1024 op, 3978.00 ns, 3.8848 ns/op
OverheadActual   8: 1024 op, 2304.00 ns, 2.2500 ns/op
OverheadActual   9: 1024 op, 3978.00 ns, 3.8848 ns/op
OverheadActual  10: 1024 op, 2314.00 ns, 2.2598 ns/op
OverheadActual  11: 1024 op, 2264.00 ns, 2.2109 ns/op
OverheadActual  12: 1024 op, 4158.00 ns, 4.0605 ns/op
OverheadActual  13: 1024 op, 2344.00 ns, 2.2891 ns/op
OverheadActual  14: 1024 op, 3878.00 ns, 3.7871 ns/op
OverheadActual  15: 1024 op, 2505.00 ns, 2.4463 ns/op
OverheadActual  16: 1024 op, 2495.00 ns, 2.4365 ns/op
OverheadActual  17: 1024 op, 3797.00 ns, 3.7080 ns/op
OverheadActual  18: 1024 op, 3927.00 ns, 3.8350 ns/op
OverheadActual  19: 1024 op, 3647.00 ns, 3.5615 ns/op
OverheadActual  20: 1024 op, 4028.00 ns, 3.9336 ns/op

OverheadWarmup   1: 1024 op, 4048.00 ns, 3.9531 ns/op
OverheadWarmup   2: 1024 op, 4188.00 ns, 4.0898 ns/op
OverheadWarmup   3: 1024 op, 4078.00 ns, 3.9824 ns/op
OverheadWarmup   4: 1024 op, 2435.00 ns, 2.3779 ns/op
OverheadWarmup   5: 1024 op, 2515.00 ns, 2.4561 ns/op
OverheadWarmup   6: 1024 op, 3987.00 ns, 3.8936 ns/op
OverheadWarmup   7: 1024 op, 2365.00 ns, 2.3096 ns/op

// BeforeActualRun
WorkloadActual   1: 1024 op, 721353779.00 ns, 704.4470 us/op
WorkloadActual   2: 1024 op, 644845749.00 ns, 629.7322 us/op
WorkloadActual   3: 1024 op, 641082653.00 ns, 626.0573 us/op
WorkloadActual   4: 1024 op, 642015399.00 ns, 626.9682 us/op
WorkloadActual   5: 1024 op, 619600278.00 ns, 605.0784 us/op
WorkloadActual   6: 1024 op, 629924137.00 ns, 615.1603 us/op
WorkloadActual   7: 1024 op, 632482425.00 ns, 617.6586 us/op
WorkloadActual   8: 1024 op, 659970170.00 ns, 644.5021 us/op
WorkloadActual   9: 1024 op, 636084333.00 ns, 621.1761 us/op
WorkloadActual  10: 1024 op, 735874976.00 ns, 718.6279 us/op
WorkloadActual  11: 1024 op, 646903158.00 ns, 631.7414 us/op
WorkloadActual  12: 1024 op, 622559535.00 ns, 607.9683 us/op
WorkloadActual  13: 1024 op, 611778981.00 ns, 597.4404 us/op
WorkloadActual  14: 1024 op, 622744298.00 ns, 608.1487 us/op
WorkloadActual  15: 1024 op, 647674206.00 ns, 632.4943 us/op
WorkloadActual  16: 1024 op, 623587103.00 ns, 608.9718 us/op
WorkloadActual  17: 1024 op, 644149656.00 ns, 629.0524 us/op
WorkloadActual  18: 1024 op, 643090308.00 ns, 628.0179 us/op
WorkloadActual  19: 1024 op, 680170131.00 ns, 664.2286 us/op
WorkloadActual  20: 1024 op, 684430118.00 ns, 668.3888 us/op
WorkloadActual  21: 1024 op, 637856555.00 ns, 622.9068 us/op

// AfterActualRun
WorkloadResult   1: 1024 op, 644841982.00 ns, 629.7285 us/op
WorkloadResult   2: 1024 op, 641078886.00 ns, 626.0536 us/op
WorkloadResult   3: 1024 op, 642011632.00 ns, 626.9645 us/op
WorkloadResult   4: 1024 op, 619596511.00 ns, 605.0747 us/op
WorkloadResult   5: 1024 op, 629920370.00 ns, 615.1566 us/op
WorkloadResult   6: 1024 op, 632478658.00 ns, 617.6549 us/op
WorkloadResult   7: 1024 op, 659966403.00 ns, 644.4984 us/op
WorkloadResult   8: 1024 op, 636080566.00 ns, 621.1724 us/op
WorkloadResult   9: 1024 op, 646899391.00 ns, 631.7377 us/op
WorkloadResult  10: 1024 op, 622555768.00 ns, 607.9646 us/op
WorkloadResult  11: 1024 op, 611775214.00 ns, 597.4367 us/op
WorkloadResult  12: 1024 op, 622740531.00 ns, 608.1450 us/op
WorkloadResult  13: 1024 op, 647670439.00 ns, 632.4907 us/op
WorkloadResult  14: 1024 op, 623583336.00 ns, 608.9681 us/op
WorkloadResult  15: 1024 op, 644145889.00 ns, 629.0487 us/op
WorkloadResult  16: 1024 op, 643086541.00 ns, 628.0142 us/op
WorkloadResult  17: 1024 op, 637852788.00 ns, 622.9031 us/op
// GC:  44 44 44 731116416 1024
// Threading:  0 0 1024

// AfterAll
// Benchmark Process 1097772 has exited with code 0.

Mean = 620.765 μs, StdErr = 2.963 μs (0.48%), N = 17, StdDev = 12.216 μs
Min = 597.437 μs, Q1 = 608.968 μs, Median = 622.903 μs, Q3 = 629.049 μs, Max = 644.498 μs
IQR = 20.081 μs, LowerFence = 578.847 μs, UpperFence = 659.170 μs
ConfidenceInterval = [608.870 μs; 632.661 μs] (CI 99.9%), Margin = 11.896 μs (1.92% of Mean)
Skewness = -0.13, Kurtosis = 2.1, MValue = 2

// ** Remained 14 (28.0%) benchmark(s) to run. Estimated finish 2026-01-01 2:15 (0h 9m from now) **
// **************************
// Benchmark: Sorting.Sort_Original: DefaultJob [NumItems=5000, GraphType=Star]
// *** Execute ***
// Launch: 1 / 1
// Execute: dotnet NexusMods.Benchmarks-DefaultJob-1.dll --anonymousPipes 126 127 --benchmarkName "NexusMods.Benchmarks.Benchmarks.Sorting.Sort_Original(NumItems: 5000, GraphType: Star)" --job Default --benchmarkId 36 in /home/ryang/nexus-app/benchmarks/NexusMods.Benchmarks/bin/Release/net9.0/NexusMods.Benchmarks-DefaultJob-1/bin/Release/net9.0
// Failed to set up high priority (Permission denied). In order to run benchmarks with high priority, make sure you have the right permissions.
// BeforeAnythingElse

// Benchmark Process Environment Information:
// BenchmarkDotNet v0.15.2
// Runtime=.NET 9.0.11 (9.0.1125.51716), X64 RyuJIT AVX-512F+CD+BW+DQ+VL+VBMI
// GC=Concurrent Workstation
// HardwareIntrinsics=AVX-512F+CD+BW+DQ+VL+VBMI,AES,BMI1,BMI2,FMA,LZCNT,PCLMUL,POPCNT,AvxVnni VectorSize=256
// Job: DefaultJob

OverheadJitting  1: 1 op, 195885.00 ns, 195.8850 us/op
WorkloadJitting  1: 1 op, 111006119.00 ns, 111.0061 ms/op

WorkloadPilot    1: 2 op, 189550169.00 ns, 94.7751 ms/op
WorkloadPilot    2: 3 op, 242818800.00 ns, 80.9396 ms/op
WorkloadPilot    3: 4 op, 315479905.00 ns, 78.8700 ms/op
WorkloadPilot    4: 5 op, 378463189.00 ns, 75.6926 ms/op
WorkloadPilot    5: 6 op, 469282383.00 ns, 78.2137 ms/op
WorkloadPilot    6: 7 op, 529181541.00 ns, 75.5974 ms/op

OverheadWarmup   1: 7 op, 611.00 ns, 87.2857 ns/op
OverheadWarmup   2: 7 op, 491.00 ns, 70.1429 ns/op
OverheadWarmup   3: 7 op, 110.00 ns, 15.7143 ns/op
OverheadWarmup   4: 7 op, 310.00 ns, 44.2857 ns/op
OverheadWarmup   5: 7 op, 841.00 ns, 120.1429 ns/op
OverheadWarmup   6: 7 op, 150.00 ns, 21.4286 ns/op
OverheadWarmup   7: 7 op, 291.00 ns, 41.5714 ns/op
OverheadWarmup   8: 7 op, 241.00 ns, 34.4286 ns/op

// BeforeActualRun
WorkloadActual   1: 7 op, 529795096.00 ns, 75.6850 ms/op
WorkloadActual   2: 7 op, 539577428.00 ns, 77.0825 ms/op
WorkloadActual   3: 7 op, 575302316.00 ns, 82.1860 ms/op
WorkloadActual   4: 7 op, 589064017.00 ns, 84.1520 ms/op
WorkloadActual   5: 7 op, 548674568.00 ns, 78.3821 ms/op
WorkloadActual   6: 7 op, 518544022.00 ns, 74.0777 ms/op
WorkloadActual   7: 7 op, 527680357.00 ns, 75.3829 ms/op
WorkloadActual   8: 7 op, 519160583.00 ns, 74.1658 ms/op
WorkloadActual   9: 7 op, 528791325.00 ns, 75.5416 ms/op
WorkloadActual  10: 7 op, 489674421.00 ns, 69.9535 ms/op
WorkloadActual  11: 7 op, 525782993.00 ns, 75.1119 ms/op
WorkloadActual  12: 7 op, 518188843.00 ns, 74.0270 ms/op
WorkloadActual  13: 7 op, 511117602.00 ns, 73.0168 ms/op
WorkloadActual  14: 7 op, 550229536.00 ns, 78.6042 ms/op
WorkloadActual  15: 7 op, 556797994.00 ns, 79.5426 ms/op
WorkloadActual  16: 7 op, 517904518.00 ns, 73.9864 ms/op
WorkloadActual  17: 7 op, 527408657.00 ns, 75.3441 ms/op
WorkloadActual  18: 7 op, 511061856.00 ns, 73.0088 ms/op
WorkloadActual  19: 7 op, 516217748.00 ns, 73.7454 ms/op
WorkloadActual  20: 7 op, 526350772.00 ns, 75.1930 ms/op
WorkloadActual  21: 7 op, 515991555.00 ns, 73.7131 ms/op
WorkloadActual  22: 7 op, 507514083.00 ns, 72.5020 ms/op
WorkloadActual  23: 7 op, 523912804.00 ns, 74.8447 ms/op
WorkloadActual  24: 7 op, 509814428.00 ns, 72.8306 ms/op
WorkloadActual  25: 7 op, 551650306.00 ns, 78.8072 ms/op
WorkloadActual  26: 7 op, 586773773.00 ns, 83.8248 ms/op
WorkloadActual  27: 7 op, 555565874.00 ns, 79.3666 ms/op
WorkloadActual  28: 7 op, 552475096.00 ns, 78.9250 ms/op
WorkloadActual  29: 7 op, 504448262.00 ns, 72.0640 ms/op
WorkloadActual  30: 7 op, 530894532.00 ns, 75.8421 ms/op
WorkloadActual  31: 7 op, 556156235.00 ns, 79.4509 ms/op
WorkloadActual  32: 7 op, 509627589.00 ns, 72.8039 ms/op
WorkloadActual  33: 7 op, 545360072.00 ns, 77.9086 ms/op
WorkloadActual  34: 7 op, 519587040.00 ns, 74.2267 ms/op
WorkloadActual  35: 7 op, 561332697.00 ns, 80.1904 ms/op
WorkloadActual  36: 7 op, 526853094.00 ns, 75.2647 ms/op
WorkloadActual  37: 7 op, 576369811.00 ns, 82.3385 ms/op
WorkloadActual  38: 7 op, 565431356.00 ns, 80.7759 ms/op
WorkloadActual  39: 7 op, 530654334.00 ns, 75.8078 ms/op
WorkloadActual  40: 7 op, 528145138.00 ns, 75.4493 ms/op
WorkloadActual  41: 7 op, 525194839.00 ns, 75.0278 ms/op
WorkloadActual  42: 7 op, 527553225.00 ns, 75.3647 ms/op
WorkloadActual  43: 7 op, 528064283.00 ns, 75.4378 ms/op
WorkloadActual  44: 7 op, 531876644.00 ns, 75.9824 ms/op
WorkloadActual  45: 7 op, 514594391.00 ns, 73.5135 ms/op
WorkloadActual  46: 7 op, 556763228.00 ns, 79.5376 ms/op
WorkloadActual  47: 7 op, 549094614.00 ns, 78.4421 ms/op
WorkloadActual  48: 7 op, 584004852.00 ns, 83.4293 ms/op
WorkloadActual  49: 7 op, 615210516.00 ns, 87.8872 ms/op
WorkloadActual  50: 7 op, 546260327.00 ns, 78.0372 ms/op
WorkloadActual  51: 7 op, 536571253.00 ns, 76.6530 ms/op
WorkloadActual  52: 7 op, 544188570.00 ns, 77.7412 ms/op
WorkloadActual  53: 7 op, 572674967.00 ns, 81.8107 ms/op
WorkloadActual  54: 7 op, 546255828.00 ns, 78.0365 ms/op
WorkloadActual  55: 7 op, 546776085.00 ns, 78.1109 ms/op
WorkloadActual  56: 7 op, 561073682.00 ns, 80.1534 ms/op

// AfterActualRun
WorkloadResult   1: 7 op, 529795096.00 ns, 75.6850 ms/op
WorkloadResult   2: 7 op, 539577428.00 ns, 77.0825 ms/op
WorkloadResult   3: 7 op, 575302316.00 ns, 82.1860 ms/op
WorkloadResult   4: 7 op, 589064017.00 ns, 84.1520 ms/op
WorkloadResult   5: 7 op, 548674568.00 ns, 78.3821 ms/op
WorkloadResult   6: 7 op, 518544022.00 ns, 74.0777 ms/op
WorkloadResult   7: 7 op, 527680357.00 ns, 75.3829 ms/op
WorkloadResult   8: 7 op, 519160583.00 ns, 74.1658 ms/op
WorkloadResult   9: 7 op, 528791325.00 ns, 75.5416 ms/op
WorkloadResult  10: 7 op, 489674421.00 ns, 69.9535 ms/op
WorkloadResult  11: 7 op, 525782993.00 ns, 75.1119 ms/op
WorkloadResult  12: 7 op, 518188843.00 ns, 74.0270 ms/op
WorkloadResult  13: 7 op, 511117602.00 ns, 73.0168 ms/op
WorkloadResult  14: 7 op, 550229536.00 ns, 78.6042 ms/op
WorkloadResult  15: 7 op, 556797994.00 ns, 79.5426 ms/op
WorkloadResult  16: 7 op, 517904518.00 ns, 73.9864 ms/op
WorkloadResult  17: 7 op, 527408657.00 ns, 75.3441 ms/op
WorkloadResult  18: 7 op, 511061856.00 ns, 73.0088 ms/op
WorkloadResult  19: 7 op, 516217748.00 ns, 73.7454 ms/op
WorkloadResult  20: 7 op, 526350772.00 ns, 75.1930 ms/op
WorkloadResult  21: 7 op, 515991555.00 ns, 73.7131 ms/op
WorkloadResult  22: 7 op, 507514083.00 ns, 72.5020 ms/op
WorkloadResult  23: 7 op, 523912804.00 ns, 74.8447 ms/op
WorkloadResult  24: 7 op, 509814428.00 ns, 72.8306 ms/op
WorkloadResult  25: 7 op, 551650306.00 ns, 78.8072 ms/op
WorkloadResult  26: 7 op, 586773773.00 ns, 83.8248 ms/op
WorkloadResult  27: 7 op, 555565874.00 ns, 79.3666 ms/op
WorkloadResult  28: 7 op, 552475096.00 ns, 78.9250 ms/op
WorkloadResult  29: 7 op, 504448262.00 ns, 72.0640 ms/op
WorkloadResult  30: 7 op, 530894532.00 ns, 75.8421 ms/op
WorkloadResult  31: 7 op, 556156235.00 ns, 79.4509 ms/op
WorkloadResult  32: 7 op, 509627589.00 ns, 72.8039 ms/op
WorkloadResult  33: 7 op, 545360072.00 ns, 77.9086 ms/op
WorkloadResult  34: 7 op, 519587040.00 ns, 74.2267 ms/op
WorkloadResult  35: 7 op, 561332697.00 ns, 80.1904 ms/op
WorkloadResult  36: 7 op, 526853094.00 ns, 75.2647 ms/op
WorkloadResult  37: 7 op, 576369811.00 ns, 82.3385 ms/op
WorkloadResult  38: 7 op, 565431356.00 ns, 80.7759 ms/op
WorkloadResult  39: 7 op, 530654334.00 ns, 75.8078 ms/op
WorkloadResult  40: 7 op, 528145138.00 ns, 75.4493 ms/op
WorkloadResult  41: 7 op, 525194839.00 ns, 75.0278 ms/op
WorkloadResult  42: 7 op, 527553225.00 ns, 75.3647 ms/op
WorkloadResult  43: 7 op, 528064283.00 ns, 75.4378 ms/op
WorkloadResult  44: 7 op, 531876644.00 ns, 75.9824 ms/op
WorkloadResult  45: 7 op, 514594391.00 ns, 73.5135 ms/op
WorkloadResult  46: 7 op, 556763228.00 ns, 79.5376 ms/op
WorkloadResult  47: 7 op, 549094614.00 ns, 78.4421 ms/op
WorkloadResult  48: 7 op, 584004852.00 ns, 83.4293 ms/op
WorkloadResult  49: 7 op, 546260327.00 ns, 78.0372 ms/op
WorkloadResult  50: 7 op, 536571253.00 ns, 76.6530 ms/op
WorkloadResult  51: 7 op, 544188570.00 ns, 77.7412 ms/op
WorkloadResult  52: 7 op, 572674967.00 ns, 81.8107 ms/op
WorkloadResult  53: 7 op, 546255828.00 ns, 78.0365 ms/op
WorkloadResult  54: 7 op, 546776085.00 ns, 78.1109 ms/op
WorkloadResult  55: 7 op, 561073682.00 ns, 80.1534 ms/op
// GC:  0 0 0 8291880 7
// Threading:  275 56 7

// AfterAll
// Benchmark Process 1097853 has exited with code 0.

Mean = 76.771 ms, StdErr = 0.437 ms (0.57%), N = 55, StdDev = 3.242 ms
Min = 69.953 ms, Q1 = 74.196 ms, Median = 75.808 ms, Q3 = 78.866 ms, Max = 84.152 ms
IQR = 4.670 ms, LowerFence = 67.191 ms, UpperFence = 85.871 ms
ConfidenceInterval = [75.250 ms; 78.292 ms] (CI 99.9%), Margin = 1.521 ms (1.98% of Mean)
Skewness = 0.43, Kurtosis = 2.5, MValue = 3.05

// ** Remained 13 (26.0%) benchmark(s) to run. Estimated finish 2026-01-01 2:14 (0h 9m from now) **
// **************************
// Benchmark: Sorting.Sort_Kahn: DefaultJob [NumItems=5000, GraphType=Star]
// *** Execute ***
// Launch: 1 / 1
// Execute: dotnet NexusMods.Benchmarks-DefaultJob-1.dll --anonymousPipes 126 127 --benchmarkName "NexusMods.Benchmarks.Benchmarks.Sorting.Sort_Kahn(NumItems: 5000, GraphType: Star)" --job Default --benchmarkId 37 in /home/ryang/nexus-app/benchmarks/NexusMods.Benchmarks/bin/Release/net9.0/NexusMods.Benchmarks-DefaultJob-1/bin/Release/net9.0
// Failed to set up high priority (Permission denied). In order to run benchmarks with high priority, make sure you have the right permissions.
// BeforeAnythingElse

// Benchmark Process Environment Information:
// BenchmarkDotNet v0.15.2
// Runtime=.NET 9.0.11 (9.0.1125.51716), X64 RyuJIT AVX-512F+CD+BW+DQ+VL+VBMI
// GC=Concurrent Workstation
// HardwareIntrinsics=AVX-512F+CD+BW+DQ+VL+VBMI,AES,BMI1,BMI2,FMA,LZCNT,PCLMUL,POPCNT,AvxVnni VectorSize=256
// Job: DefaultJob

OverheadJitting  1: 1 op, 189873.00 ns, 189.8730 us/op
WorkloadJitting  1: 1 op, 4547148.00 ns, 4.5471 ms/op

OverheadJitting  2: 16 op, 415897.00 ns, 25.9936 us/op
WorkloadJitting  2: 16 op, 11787752.00 ns, 736.7345 us/op

WorkloadPilot    1: 16 op, 7864169.00 ns, 491.5106 us/op
WorkloadPilot    2: 32 op, 14375157.00 ns, 449.2237 us/op
WorkloadPilot    3: 64 op, 26925769.00 ns, 420.7151 us/op
WorkloadPilot    4: 128 op, 55262499.00 ns, 431.7383 us/op
WorkloadPilot    5: 256 op, 112607958.00 ns, 439.8748 us/op
WorkloadPilot    6: 512 op, 234593862.00 ns, 458.1911 us/op
WorkloadPilot    7: 1024 op, 436149220.00 ns, 425.9270 us/op
WorkloadPilot    8: 2048 op, 833735881.00 ns, 407.0976 us/op

OverheadWarmup   1: 2048 op, 8556.00 ns, 4.1777 ns/op
OverheadWarmup   2: 2048 op, 6983.00 ns, 3.4097 ns/op
OverheadWarmup   3: 2048 op, 6723.00 ns, 3.2827 ns/op
OverheadWarmup   4: 2048 op, 6522.00 ns, 3.1846 ns/op
OverheadWarmup   5: 2048 op, 6683.00 ns, 3.2632 ns/op
OverheadWarmup   6: 2048 op, 7163.00 ns, 3.4976 ns/op
OverheadWarmup   7: 2048 op, 7074.00 ns, 3.4541 ns/op
OverheadWarmup   8: 2048 op, 6793.00 ns, 3.3169 ns/op
OverheadWarmup   9: 2048 op, 6753.00 ns, 3.2974 ns/op
OverheadWarmup  10: 2048 op, 6763.00 ns, 3.3022 ns/op

OverheadActual   1: 2048 op, 7084.00 ns, 3.4590 ns/op
OverheadActual   2: 2048 op, 7114.00 ns, 3.4736 ns/op
OverheadActual   3: 2048 op, 7334.00 ns, 3.5811 ns/op
OverheadActual   4: 2048 op, 4088.00 ns, 1.9961 ns/op
OverheadActual   5: 2048 op, 7063.00 ns, 3.4487 ns/op
OverheadActual   6: 2048 op, 6632.00 ns, 3.2383 ns/op
OverheadActual   7: 2048 op, 4188.00 ns, 2.0449 ns/op
OverheadActual   8: 2048 op, 6623.00 ns, 3.2339 ns/op
OverheadActual   9: 2048 op, 6642.00 ns, 3.2432 ns/op
OverheadActual  10: 2048 op, 6823.00 ns, 3.3315 ns/op
OverheadActual  11: 2048 op, 4028.00 ns, 1.9668 ns/op
OverheadActual  12: 2048 op, 4067.00 ns, 1.9858 ns/op
OverheadActual  13: 2048 op, 6743.00 ns, 3.2925 ns/op
OverheadActual  14: 2048 op, 6633.00 ns, 3.2388 ns/op
OverheadActual  15: 2048 op, 4578.00 ns, 2.2354 ns/op
OverheadActual  16: 2048 op, 7163.00 ns, 3.4976 ns/op
OverheadActual  17: 2048 op, 7064.00 ns, 3.4492 ns/op
OverheadActual  18: 2048 op, 7013.00 ns, 3.4243 ns/op
OverheadActual  19: 2048 op, 7144.00 ns, 3.4883 ns/op
OverheadActual  20: 2048 op, 6743.00 ns, 3.2925 ns/op

OverheadWarmup   1: 2048 op, 5661.00 ns, 2.7642 ns/op
OverheadWarmup   2: 2048 op, 6333.00 ns, 3.0923 ns/op
OverheadWarmup   3: 2048 op, 7605.00 ns, 3.7134 ns/op
OverheadWarmup   4: 2048 op, 6753.00 ns, 3.2974 ns/op
OverheadWarmup   5: 2048 op, 6873.00 ns, 3.3560 ns/op
OverheadWarmup   6: 2048 op, 5852.00 ns, 2.8574 ns/op

// BeforeActualRun
WorkloadActual   1: 2048 op, 794784804.00 ns, 388.0785 us/op
WorkloadActual   2: 2048 op, 804732764.00 ns, 392.9359 us/op
WorkloadActual   3: 2048 op, 786754077.00 ns, 384.1573 us/op
WorkloadActual   4: 2048 op, 813477499.00 ns, 397.2058 us/op
WorkloadActual   5: 2048 op, 809630893.00 ns, 395.3276 us/op
WorkloadActual   6: 2048 op, 844059619.00 ns, 412.1385 us/op
WorkloadActual   7: 2048 op, 838597931.00 ns, 409.4716 us/op
WorkloadActual   8: 2048 op, 829894946.00 ns, 405.2221 us/op
WorkloadActual   9: 2048 op, 782613619.00 ns, 382.1356 us/op
WorkloadActual  10: 2048 op, 789936762.00 ns, 385.7113 us/op
WorkloadActual  11: 2048 op, 805918605.00 ns, 393.5149 us/op
WorkloadActual  12: 2048 op, 777172720.00 ns, 379.4789 us/op
WorkloadActual  13: 2048 op, 770604945.00 ns, 376.2719 us/op
WorkloadActual  14: 2048 op, 871692323.00 ns, 425.6310 us/op
WorkloadActual  15: 2048 op, 811862146.00 ns, 396.4171 us/op
WorkloadActual  16: 2048 op, 797122212.00 ns, 389.2198 us/op
WorkloadActual  17: 2048 op, 834977649.00 ns, 407.7039 us/op
WorkloadActual  18: 2048 op, 796039058.00 ns, 388.6909 us/op
WorkloadActual  19: 2048 op, 771937397.00 ns, 376.9226 us/op
WorkloadActual  20: 2048 op, 794324405.00 ns, 387.8537 us/op
WorkloadActual  21: 2048 op, 838210100.00 ns, 409.2823 us/op
WorkloadActual  22: 2048 op, 830913398.00 ns, 405.7194 us/op
WorkloadActual  23: 2048 op, 851880467.00 ns, 415.9573 us/op
WorkloadActual  24: 2048 op, 821198415.00 ns, 400.9758 us/op
WorkloadActual  25: 2048 op, 780586900.00 ns, 381.1459 us/op
WorkloadActual  26: 2048 op, 788998647.00 ns, 385.2532 us/op
WorkloadActual  27: 2048 op, 798451388.00 ns, 389.8688 us/op
WorkloadActual  28: 2048 op, 844437555.00 ns, 412.3230 us/op
WorkloadActual  29: 2048 op, 877652187.00 ns, 428.5411 us/op
WorkloadActual  30: 2048 op, 793534143.00 ns, 387.4678 us/op
WorkloadActual  31: 2048 op, 846001129.00 ns, 413.0865 us/op
WorkloadActual  32: 2048 op, 839049518.00 ns, 409.6921 us/op
WorkloadActual  33: 2048 op, 815708073.00 ns, 398.2950 us/op
WorkloadActual  34: 2048 op, 798154771.00 ns, 389.7240 us/op
WorkloadActual  35: 2048 op, 820815844.00 ns, 400.7890 us/op
WorkloadActual  36: 2048 op, 868158308.00 ns, 423.9054 us/op
WorkloadActual  37: 2048 op, 813938545.00 ns, 397.4309 us/op
WorkloadActual  38: 2048 op, 789438311.00 ns, 385.4679 us/op
WorkloadActual  39: 2048 op, 799672978.00 ns, 390.4653 us/op

// AfterActualRun
WorkloadResult   1: 2048 op, 794778061.00 ns, 388.0752 us/op
WorkloadResult   2: 2048 op, 804726021.00 ns, 392.9326 us/op
WorkloadResult   3: 2048 op, 786747334.00 ns, 384.1540 us/op
WorkloadResult   4: 2048 op, 813470756.00 ns, 397.2025 us/op
WorkloadResult   5: 2048 op, 809624150.00 ns, 395.3243 us/op
WorkloadResult   6: 2048 op, 844052876.00 ns, 412.1352 us/op
WorkloadResult   7: 2048 op, 838591188.00 ns, 409.4684 us/op
WorkloadResult   8: 2048 op, 829888203.00 ns, 405.2188 us/op
WorkloadResult   9: 2048 op, 782606876.00 ns, 382.1323 us/op
WorkloadResult  10: 2048 op, 789930019.00 ns, 385.7080 us/op
WorkloadResult  11: 2048 op, 805911862.00 ns, 393.5117 us/op
WorkloadResult  12: 2048 op, 777165977.00 ns, 379.4756 us/op
WorkloadResult  13: 2048 op, 770598202.00 ns, 376.2687 us/op
WorkloadResult  14: 2048 op, 871685580.00 ns, 425.6277 us/op
WorkloadResult  15: 2048 op, 811855403.00 ns, 396.4138 us/op
WorkloadResult  16: 2048 op, 797115469.00 ns, 389.2165 us/op
WorkloadResult  17: 2048 op, 834970906.00 ns, 407.7006 us/op
WorkloadResult  18: 2048 op, 796032315.00 ns, 388.6877 us/op
WorkloadResult  19: 2048 op, 771930654.00 ns, 376.9193 us/op
WorkloadResult  20: 2048 op, 794317662.00 ns, 387.8504 us/op
WorkloadResult  21: 2048 op, 838203357.00 ns, 409.2790 us/op
WorkloadResult  22: 2048 op, 830906655.00 ns, 405.7161 us/op
WorkloadResult  23: 2048 op, 851873724.00 ns, 415.9540 us/op
WorkloadResult  24: 2048 op, 821191672.00 ns, 400.9725 us/op
WorkloadResult  25: 2048 op, 780580157.00 ns, 381.1427 us/op
WorkloadResult  26: 2048 op, 788991904.00 ns, 385.2500 us/op
WorkloadResult  27: 2048 op, 798444645.00 ns, 389.8655 us/op
WorkloadResult  28: 2048 op, 844430812.00 ns, 412.3197 us/op
WorkloadResult  29: 2048 op, 877645444.00 ns, 428.5378 us/op
WorkloadResult  30: 2048 op, 793527400.00 ns, 387.4646 us/op
WorkloadResult  31: 2048 op, 845994386.00 ns, 413.0832 us/op
WorkloadResult  32: 2048 op, 839042775.00 ns, 409.6889 us/op
WorkloadResult  33: 2048 op, 815701330.00 ns, 398.2917 us/op
WorkloadResult  34: 2048 op, 798148028.00 ns, 389.7207 us/op
WorkloadResult  35: 2048 op, 820809101.00 ns, 400.7857 us/op
WorkloadResult  36: 2048 op, 868151565.00 ns, 423.9021 us/op
WorkloadResult  37: 2048 op, 813931802.00 ns, 397.4276 us/op
WorkloadResult  38: 2048 op, 789431568.00 ns, 385.4646 us/op
WorkloadResult  39: 2048 op, 799666235.00 ns, 390.4620 us/op
// GC:  89 89 89 1322183072 2048
// Threading:  0 0 2048

// AfterAll
// Benchmark Process 1098034 has exited with code 0.

Mean = 397.419 μs, StdErr = 2.190 μs (0.55%), N = 39, StdDev = 13.677 μs
Min = 376.269 μs, Q1 = 387.657 μs, Median = 395.324 μs, Q3 = 408.490 μs, Max = 428.538 μs
IQR = 20.832 μs, LowerFence = 356.409 μs, UpperFence = 439.738 μs
ConfidenceInterval = [389.610 μs; 405.229 μs] (CI 99.9%), Margin = 7.809 μs (1.97% of Mean)
Skewness = 0.51, Kurtosis = 2.32, MValue = 2

// ** Remained 12 (24.0%) benchmark(s) to run. Estimated finish 2026-01-01 2:14 (0h 8m from now) **
// **************************
// Benchmark: Sorting.Sort_Original: DefaultJob [NumItems=5000, GraphType=Independent]
// *** Execute ***
// Launch: 1 / 1
// Execute: dotnet NexusMods.Benchmarks-DefaultJob-1.dll --anonymousPipes 126 127 --benchmarkName "NexusMods.Benchmarks.Benchmarks.Sorting.Sort_Original(NumItems: 5000, GraphType: Independent)" --job Default --benchmarkId 38 in /home/ryang/nexus-app/benchmarks/NexusMods.Benchmarks/bin/Release/net9.0/NexusMods.Benchmarks-DefaultJob-1/bin/Release/net9.0
// Failed to set up high priority (Permission denied). In order to run benchmarks with high priority, make sure you have the right permissions.
// BeforeAnythingElse

// Benchmark Process Environment Information:
// BenchmarkDotNet v0.15.2
// Runtime=.NET 9.0.11 (9.0.1125.51716), X64 RyuJIT AVX-512F+CD+BW+DQ+VL+VBMI
// GC=Concurrent Workstation
// HardwareIntrinsics=AVX-512F+CD+BW+DQ+VL+VBMI,AES,BMI1,BMI2,FMA,LZCNT,PCLMUL,POPCNT,AvxVnni VectorSize=256
// Job: DefaultJob

OverheadJitting  1: 1 op, 191206.00 ns, 191.2060 us/op
WorkloadJitting  1: 1 op, 76666535.00 ns, 76.6665 ms/op

WorkloadPilot    1: 2 op, 125990333.00 ns, 62.9952 ms/op
WorkloadPilot    2: 3 op, 194501032.00 ns, 64.8337 ms/op
WorkloadPilot    3: 4 op, 165476964.00 ns, 41.3692 ms/op
WorkloadPilot    4: 5 op, 219974329.00 ns, 43.9949 ms/op
WorkloadPilot    5: 6 op, 248938471.00 ns, 41.4897 ms/op
WorkloadPilot    6: 7 op, 306637506.00 ns, 43.8054 ms/op
WorkloadPilot    7: 8 op, 323685261.00 ns, 40.4607 ms/op
WorkloadPilot    8: 9 op, 416064914.00 ns, 46.2294 ms/op
WorkloadPilot    9: 10 op, 457120170.00 ns, 45.7120 ms/op
WorkloadPilot   10: 11 op, 476454943.00 ns, 43.3141 ms/op
WorkloadPilot   11: 12 op, 489013891.00 ns, 40.7512 ms/op
WorkloadPilot   12: 13 op, 528072503.00 ns, 40.6210 ms/op

OverheadWarmup   1: 13 op, 641.00 ns, 49.3077 ns/op
OverheadWarmup   2: 13 op, 230.00 ns, 17.6923 ns/op
OverheadWarmup   3: 13 op, 1032.00 ns, 79.3846 ns/op
OverheadWarmup   4: 13 op, 171.00 ns, 13.1538 ns/op
OverheadWarmup   5: 13 op, 120.00 ns, 9.2308 ns/op
OverheadWarmup   6: 13 op, 171.00 ns, 13.1538 ns/op
OverheadWarmup   7: 13 op, 231.00 ns, 17.7692 ns/op
OverheadWarmup   8: 13 op, 130.00 ns, 10.0000 ns/op

// BeforeActualRun
WorkloadActual   1: 13 op, 532593951.00 ns, 40.9688 ms/op
WorkloadActual   2: 13 op, 554307199.00 ns, 42.6390 ms/op
WorkloadActual   3: 13 op, 546521240.00 ns, 42.0401 ms/op
WorkloadActual   4: 13 op, 537825509.00 ns, 41.3712 ms/op
WorkloadActual   5: 13 op, 534839822.00 ns, 41.1415 ms/op
WorkloadActual   6: 13 op, 549824806.00 ns, 42.2942 ms/op
WorkloadActual   7: 13 op, 544318512.00 ns, 41.8707 ms/op
WorkloadActual   8: 13 op, 601938786.00 ns, 46.3030 ms/op
WorkloadActual   9: 13 op, 565857998.00 ns, 43.5275 ms/op
WorkloadActual  10: 13 op, 559643988.00 ns, 43.0495 ms/op
WorkloadActual  11: 13 op, 539351942.00 ns, 41.4886 ms/op
WorkloadActual  12: 13 op, 523224280.00 ns, 40.2480 ms/op
WorkloadActual  13: 13 op, 539007413.00 ns, 41.4621 ms/op
WorkloadActual  14: 13 op, 553312975.00 ns, 42.5625 ms/op
WorkloadActual  15: 13 op, 548277053.00 ns, 42.1752 ms/op
WorkloadActual  16: 13 op, 530962879.00 ns, 40.8433 ms/op
WorkloadActual  17: 13 op, 557119966.00 ns, 42.8554 ms/op
WorkloadActual  18: 13 op, 582986596.00 ns, 44.8451 ms/op
WorkloadActual  19: 13 op, 616540648.00 ns, 47.4262 ms/op
WorkloadActual  20: 13 op, 549043861.00 ns, 42.2341 ms/op
WorkloadActual  21: 13 op, 550343560.00 ns, 42.3341 ms/op
WorkloadActual  22: 13 op, 540236917.00 ns, 41.5567 ms/op
WorkloadActual  23: 13 op, 558447388.00 ns, 42.9575 ms/op
WorkloadActual  24: 13 op, 544371695.00 ns, 41.8747 ms/op

// AfterActualRun
WorkloadResult   1: 13 op, 532593951.00 ns, 40.9688 ms/op
WorkloadResult   2: 13 op, 554307199.00 ns, 42.6390 ms/op
WorkloadResult   3: 13 op, 546521240.00 ns, 42.0401 ms/op
WorkloadResult   4: 13 op, 537825509.00 ns, 41.3712 ms/op
WorkloadResult   5: 13 op, 534839822.00 ns, 41.1415 ms/op
WorkloadResult   6: 13 op, 549824806.00 ns, 42.2942 ms/op
WorkloadResult   7: 13 op, 544318512.00 ns, 41.8707 ms/op
WorkloadResult   8: 13 op, 565857998.00 ns, 43.5275 ms/op
WorkloadResult   9: 13 op, 559643988.00 ns, 43.0495 ms/op
WorkloadResult  10: 13 op, 539351942.00 ns, 41.4886 ms/op
WorkloadResult  11: 13 op, 523224280.00 ns, 40.2480 ms/op
WorkloadResult  12: 13 op, 539007413.00 ns, 41.4621 ms/op
WorkloadResult  13: 13 op, 553312975.00 ns, 42.5625 ms/op
WorkloadResult  14: 13 op, 548277053.00 ns, 42.1752 ms/op
WorkloadResult  15: 13 op, 530962879.00 ns, 40.8433 ms/op
WorkloadResult  16: 13 op, 557119966.00 ns, 42.8554 ms/op
WorkloadResult  17: 13 op, 582986596.00 ns, 44.8451 ms/op
WorkloadResult  18: 13 op, 549043861.00 ns, 42.2341 ms/op
WorkloadResult  19: 13 op, 550343560.00 ns, 42.3341 ms/op
WorkloadResult  20: 13 op, 540236917.00 ns, 41.5567 ms/op
WorkloadResult  21: 13 op, 558447388.00 ns, 42.9575 ms/op
WorkloadResult  22: 13 op, 544371695.00 ns, 41.8747 ms/op
// GC:  1 1 1 13249264 13
// Threading:  397 4 13

// AfterAll
// Benchmark Process 1098198 has exited with code 0.

Mean = 42.106 ms, StdErr = 0.215 ms (0.51%), N = 22, StdDev = 1.008 ms
Min = 40.248 ms, Q1 = 41.469 ms, Median = 42.108 ms, Q3 = 42.620 ms, Max = 44.845 ms
IQR = 1.151 ms, LowerFence = 39.742 ms, UpperFence = 44.347 ms
ConfidenceInterval = [41.286 ms; 42.927 ms] (CI 99.9%), Margin = 0.820 ms (1.95% of Mean)
Skewness = 0.61, Kurtosis = 3.52, MValue = 2

// ** Remained 11 (22.0%) benchmark(s) to run. Estimated finish 2026-01-01 2:14 (0h 7m from now) **
// **************************
// Benchmark: Sorting.Sort_Kahn: DefaultJob [NumItems=5000, GraphType=Independent]
// *** Execute ***
// Launch: 1 / 1
// Execute: dotnet NexusMods.Benchmarks-DefaultJob-1.dll --anonymousPipes 126 127 --benchmarkName "NexusMods.Benchmarks.Benchmarks.Sorting.Sort_Kahn(NumItems: 5000, GraphType: Independent)" --job Default --benchmarkId 39 in /home/ryang/nexus-app/benchmarks/NexusMods.Benchmarks/bin/Release/net9.0/NexusMods.Benchmarks-DefaultJob-1/bin/Release/net9.0
// Failed to set up high priority (Permission denied). In order to run benchmarks with high priority, make sure you have the right permissions.
// BeforeAnythingElse

// Benchmark Process Environment Information:
// BenchmarkDotNet v0.15.2
// Runtime=.NET 9.0.11 (9.0.1125.51716), X64 RyuJIT AVX-512F+CD+BW+DQ+VL+VBMI
// GC=Concurrent Workstation
// HardwareIntrinsics=AVX-512F+CD+BW+DQ+VL+VBMI,AES,BMI1,BMI2,FMA,LZCNT,PCLMUL,POPCNT,AvxVnni VectorSize=256
// Job: DefaultJob

OverheadJitting  1: 1 op, 168843.00 ns, 168.8430 us/op
WorkloadJitting  1: 1 op, 5795809.00 ns, 5.7958 ms/op

OverheadJitting  2: 16 op, 394406.00 ns, 24.6504 us/op
WorkloadJitting  2: 16 op, 8943836.00 ns, 558.9898 us/op

WorkloadPilot    1: 16 op, 4029016.00 ns, 251.8135 us/op
WorkloadPilot    2: 32 op, 8774091.00 ns, 274.1903 us/op
WorkloadPilot    3: 64 op, 17157023.00 ns, 268.0785 us/op
WorkloadPilot    4: 128 op, 31173442.00 ns, 243.5425 us/op
WorkloadPilot    5: 256 op, 67430480.00 ns, 263.4003 us/op
WorkloadPilot    6: 512 op, 120060068.00 ns, 234.4923 us/op
WorkloadPilot    7: 1024 op, 220528381.00 ns, 215.3597 us/op
WorkloadPilot    8: 2048 op, 422431677.00 ns, 206.2655 us/op
WorkloadPilot    9: 4096 op, 872127872.00 ns, 212.9218 us/op

OverheadWarmup   1: 4096 op, 11963.00 ns, 2.9207 ns/op
OverheadWarmup   2: 4096 op, 10510.00 ns, 2.5659 ns/op
OverheadWarmup   3: 4096 op, 10250.00 ns, 2.5024 ns/op
OverheadWarmup   4: 4096 op, 14027.00 ns, 3.4246 ns/op
OverheadWarmup   5: 4096 op, 10640.00 ns, 2.5977 ns/op
OverheadWarmup   6: 4096 op, 13716.00 ns, 3.3486 ns/op
OverheadWarmup   7: 4096 op, 8436.00 ns, 2.0596 ns/op

OverheadActual   1: 4096 op, 14929.00 ns, 3.6448 ns/op
OverheadActual   2: 4096 op, 15069.00 ns, 3.6790 ns/op
OverheadActual   3: 4096 op, 8716.00 ns, 2.1279 ns/op
OverheadActual   4: 4096 op, 13886.00 ns, 3.3901 ns/op
OverheadActual   5: 4096 op, 14277.00 ns, 3.4856 ns/op
OverheadActual   6: 4096 op, 14077.00 ns, 3.4368 ns/op
OverheadActual   7: 4096 op, 10490.00 ns, 2.5610 ns/op
OverheadActual   8: 4096 op, 8597.00 ns, 2.0989 ns/op
OverheadActual   9: 4096 op, 10239.00 ns, 2.4998 ns/op
OverheadActual  10: 4096 op, 10880.00 ns, 2.6563 ns/op
OverheadActual  11: 4096 op, 14288.00 ns, 3.4883 ns/op
OverheadActual  12: 4096 op, 14397.00 ns, 3.5149 ns/op
OverheadActual  13: 4096 op, 14427.00 ns, 3.5222 ns/op
OverheadActual  14: 4096 op, 8466.00 ns, 2.0669 ns/op
OverheadActual  15: 4096 op, 8536.00 ns, 2.0840 ns/op
OverheadActual  16: 4096 op, 8266.00 ns, 2.0181 ns/op
OverheadActual  17: 4096 op, 14477.00 ns, 3.5344 ns/op
OverheadActual  18: 4096 op, 13937.00 ns, 3.4026 ns/op
OverheadActual  19: 4096 op, 14338.00 ns, 3.5005 ns/op
OverheadActual  20: 4096 op, 8126.00 ns, 1.9839 ns/op

OverheadWarmup   1: 4096 op, 8456.00 ns, 2.0645 ns/op
OverheadWarmup   2: 4096 op, 8306.00 ns, 2.0278 ns/op
OverheadWarmup   3: 4096 op, 8226.00 ns, 2.0083 ns/op
OverheadWarmup   4: 4096 op, 8175.00 ns, 1.9958 ns/op
OverheadWarmup   5: 4096 op, 8296.00 ns, 2.0254 ns/op
OverheadWarmup   6: 4096 op, 15409.00 ns, 3.7620 ns/op
OverheadWarmup   7: 4096 op, 14006.00 ns, 3.4194 ns/op
OverheadWarmup   8: 4096 op, 14749.00 ns, 3.6008 ns/op
OverheadWarmup   9: 4096 op, 14518.00 ns, 3.5444 ns/op

// BeforeActualRun
WorkloadActual   1: 4096 op, 936535383.00 ns, 228.6463 us/op
WorkloadActual   2: 4096 op, 814583181.00 ns, 198.8728 us/op
WorkloadActual   3: 4096 op, 809983795.00 ns, 197.7499 us/op
WorkloadActual   4: 4096 op, 862369837.00 ns, 210.5395 us/op
WorkloadActual   5: 4096 op, 804010517.00 ns, 196.2916 us/op
WorkloadActual   6: 4096 op, 768581386.00 ns, 187.6419 us/op
WorkloadActual   7: 4096 op, 798577775.00 ns, 194.9653 us/op
WorkloadActual   8: 4096 op, 884547965.00 ns, 215.9541 us/op
WorkloadActual   9: 4096 op, 777468133.00 ns, 189.8116 us/op
WorkloadActual  10: 4096 op, 764412212.00 ns, 186.6241 us/op
WorkloadActual  11: 4096 op, 765060764.00 ns, 186.7824 us/op
WorkloadActual  12: 4096 op, 794562947.00 ns, 193.9851 us/op
WorkloadActual  13: 4096 op, 767447434.00 ns, 187.3651 us/op
WorkloadActual  14: 4096 op, 761612301.00 ns, 185.9405 us/op
WorkloadActual  15: 4096 op, 831833315.00 ns, 203.0843 us/op
WorkloadActual  16: 4096 op, 800264555.00 ns, 195.3771 us/op
WorkloadActual  17: 4096 op, 759105631.00 ns, 185.3285 us/op
WorkloadActual  18: 4096 op, 783512307.00 ns, 191.2872 us/op
WorkloadActual  19: 4096 op, 768193994.00 ns, 187.5474 us/op
WorkloadActual  20: 4096 op, 786172410.00 ns, 191.9366 us/op
WorkloadActual  21: 4096 op, 800175084.00 ns, 195.3552 us/op
WorkloadActual  22: 4096 op, 793423496.00 ns, 193.7069 us/op
WorkloadActual  23: 4096 op, 841293460.00 ns, 205.3939 us/op
WorkloadActual  24: 4096 op, 800596070.00 ns, 195.4580 us/op
WorkloadActual  25: 4096 op, 843243505.00 ns, 205.8700 us/op
WorkloadActual  26: 4096 op, 842041823.00 ns, 205.5766 us/op
WorkloadActual  27: 4096 op, 830321661.00 ns, 202.7152 us/op
WorkloadActual  28: 4096 op, 805063656.00 ns, 196.5487 us/op
WorkloadActual  29: 4096 op, 856635248.00 ns, 209.1395 us/op
WorkloadActual  30: 4096 op, 896665951.00 ns, 218.9126 us/op
WorkloadActual  31: 4096 op, 876967081.00 ns, 214.1033 us/op
WorkloadActual  32: 4096 op, 816804999.00 ns, 199.4153 us/op
WorkloadActual  33: 4096 op, 822679048.00 ns, 200.8494 us/op
WorkloadActual  34: 4096 op, 806207968.00 ns, 196.8281 us/op
WorkloadActual  35: 4096 op, 815733006.00 ns, 199.1536 us/op
WorkloadActual  36: 4096 op, 833076407.00 ns, 203.3878 us/op
WorkloadActual  37: 4096 op, 805136746.00 ns, 196.5666 us/op
WorkloadActual  38: 4096 op, 876614277.00 ns, 214.0172 us/op
WorkloadActual  39: 4096 op, 840530921.00 ns, 205.2077 us/op
WorkloadActual  40: 4096 op, 836476057.00 ns, 204.2178 us/op
WorkloadActual  41: 4096 op, 831759416.00 ns, 203.0663 us/op
WorkloadActual  42: 4096 op, 815962086.00 ns, 199.2095 us/op
WorkloadActual  43: 4096 op, 836360766.00 ns, 204.1896 us/op
WorkloadActual  44: 4096 op, 829124480.00 ns, 202.4230 us/op
WorkloadActual  45: 4096 op, 884436926.00 ns, 215.9270 us/op
WorkloadActual  46: 4096 op, 835095604.00 ns, 203.8808 us/op
WorkloadActual  47: 4096 op, 815768556.00 ns, 199.1622 us/op
WorkloadActual  48: 4096 op, 838289230.00 ns, 204.6605 us/op
WorkloadActual  49: 4096 op, 808138606.00 ns, 197.2995 us/op
WorkloadActual  50: 4096 op, 814847012.00 ns, 198.9373 us/op
WorkloadActual  51: 4096 op, 815478201.00 ns, 199.0914 us/op

// AfterActualRun
WorkloadResult   1: 4096 op, 814569269.50 ns, 198.8695 us/op
WorkloadResult   2: 4096 op, 809969883.50 ns, 197.7466 us/op
WorkloadResult   3: 4096 op, 862355925.50 ns, 210.5361 us/op
WorkloadResult   4: 4096 op, 803996605.50 ns, 196.2882 us/op
WorkloadResult   5: 4096 op, 768567474.50 ns, 187.6385 us/op
WorkloadResult   6: 4096 op, 798563863.50 ns, 194.9619 us/op
WorkloadResult   7: 4096 op, 884534053.50 ns, 215.9507 us/op
WorkloadResult   8: 4096 op, 777454221.50 ns, 189.8082 us/op
WorkloadResult   9: 4096 op, 764398300.50 ns, 186.6207 us/op
WorkloadResult  10: 4096 op, 765046852.50 ns, 186.7790 us/op
WorkloadResult  11: 4096 op, 794549035.50 ns, 193.9817 us/op
WorkloadResult  12: 4096 op, 767433522.50 ns, 187.3617 us/op
WorkloadResult  13: 4096 op, 761598389.50 ns, 185.9371 us/op
WorkloadResult  14: 4096 op, 831819403.50 ns, 203.0809 us/op
WorkloadResult  15: 4096 op, 800250643.50 ns, 195.3737 us/op
WorkloadResult  16: 4096 op, 759091719.50 ns, 185.3251 us/op
WorkloadResult  17: 4096 op, 783498395.50 ns, 191.2838 us/op
WorkloadResult  18: 4096 op, 768180082.50 ns, 187.5440 us/op
WorkloadResult  19: 4096 op, 786158498.50 ns, 191.9332 us/op
WorkloadResult  20: 4096 op, 800161172.50 ns, 195.3518 us/op
WorkloadResult  21: 4096 op, 793409584.50 ns, 193.7035 us/op
WorkloadResult  22: 4096 op, 841279548.50 ns, 205.3905 us/op
WorkloadResult  23: 4096 op, 800582158.50 ns, 195.4546 us/op
WorkloadResult  24: 4096 op, 843229593.50 ns, 205.8666 us/op
WorkloadResult  25: 4096 op, 842027911.50 ns, 205.5732 us/op
WorkloadResult  26: 4096 op, 830307749.50 ns, 202.7119 us/op
WorkloadResult  27: 4096 op, 805049744.50 ns, 196.5453 us/op
WorkloadResult  28: 4096 op, 856621336.50 ns, 209.1361 us/op
WorkloadResult  29: 4096 op, 876953169.50 ns, 214.0999 us/op
WorkloadResult  30: 4096 op, 816791087.50 ns, 199.4119 us/op
WorkloadResult  31: 4096 op, 822665136.50 ns, 200.8460 us/op
WorkloadResult  32: 4096 op, 806194056.50 ns, 196.8247 us/op
WorkloadResult  33: 4096 op, 815719094.50 ns, 199.1502 us/op
WorkloadResult  34: 4096 op, 833062495.50 ns, 203.3844 us/op
WorkloadResult  35: 4096 op, 805122834.50 ns, 196.5632 us/op
WorkloadResult  36: 4096 op, 876600365.50 ns, 214.0138 us/op
WorkloadResult  37: 4096 op, 840517009.50 ns, 205.2043 us/op
WorkloadResult  38: 4096 op, 836462145.50 ns, 204.2144 us/op
WorkloadResult  39: 4096 op, 831745504.50 ns, 203.0629 us/op
WorkloadResult  40: 4096 op, 815948174.50 ns, 199.2061 us/op
WorkloadResult  41: 4096 op, 836346854.50 ns, 204.1862 us/op
WorkloadResult  42: 4096 op, 829110568.50 ns, 202.4196 us/op
WorkloadResult  43: 4096 op, 884423014.50 ns, 215.9236 us/op
WorkloadResult  44: 4096 op, 835081692.50 ns, 203.8774 us/op
WorkloadResult  45: 4096 op, 815754644.50 ns, 199.1588 us/op
WorkloadResult  46: 4096 op, 838275318.50 ns, 204.6571 us/op
WorkloadResult  47: 4096 op, 808124694.50 ns, 197.2961 us/op
WorkloadResult  48: 4096 op, 814833100.50 ns, 198.9339 us/op
WorkloadResult  49: 4096 op, 815464289.50 ns, 199.0880 us/op
// GC:  178 178 178 2374816576 4096
// Threading:  0 0 4096

// AfterAll
// Benchmark Process 1098326 has exited with code 0.

Mean = 199.148 μs, StdErr = 1.131 μs (0.57%), N = 49, StdDev = 7.919 μs
Min = 185.325 μs, Q1 = 194.962 μs, Median = 199.088 μs, Q3 = 204.186 μs, Max = 215.951 μs
IQR = 9.224 μs, LowerFence = 181.125 μs, UpperFence = 218.023 μs
ConfidenceInterval = [195.183 μs; 203.114 μs] (CI 99.9%), Margin = 3.965 μs (1.99% of Mean)
Skewness = 0.19, Kurtosis = 2.5, MValue = 2.38

// ** Remained 10 (20.0%) benchmark(s) to run. Estimated finish 2026-01-01 2:14 (0h 6m from now) **
// **************************
// Benchmark: Sorting.Sort_Original: DefaultJob [NumItems=10000, GraphType=Complex]
// *** Execute ***
// Launch: 1 / 1
// Execute: dotnet NexusMods.Benchmarks-DefaultJob-1.dll --anonymousPipes 126 127 --benchmarkName "NexusMods.Benchmarks.Benchmarks.Sorting.Sort_Original(NumItems: 10000, GraphType: Complex)" --job Default --benchmarkId 40 in /home/ryang/nexus-app/benchmarks/NexusMods.Benchmarks/bin/Release/net9.0/NexusMods.Benchmarks-DefaultJob-1/bin/Release/net9.0
// Failed to set up high priority (Permission denied). In order to run benchmarks with high priority, make sure you have the right permissions.
// BeforeAnythingElse

// Benchmark Process Environment Information:
// BenchmarkDotNet v0.15.2
// Runtime=.NET 9.0.11 (9.0.1125.51716), X64 RyuJIT AVX-512F+CD+BW+DQ+VL+VBMI
// GC=Concurrent Workstation
// HardwareIntrinsics=AVX-512F+CD+BW+DQ+VL+VBMI,AES,BMI1,BMI2,FMA,LZCNT,PCLMUL,POPCNT,AvxVnni VectorSize=256
// Job: DefaultJob

OverheadJitting  1: 1 op, 213138.00 ns, 213.1380 us/op
WorkloadJitting  1: 1 op, 1497520920.00 ns, 1.4975 s/op

OverheadJitting  2: 1 op, 381.00 ns, 381.0000 ns/op
WorkloadJitting  2: 1 op, 924999710.00 ns, 924.9997 ms/op

OverheadWarmup   1: 1 op, 681.00 ns, 681.0000 ns/op
OverheadWarmup   2: 1 op, 291.00 ns, 291.0000 ns/op
OverheadWarmup   3: 1 op, 320.00 ns, 320.0000 ns/op
OverheadWarmup   4: 1 op, 301.00 ns, 301.0000 ns/op
OverheadWarmup   5: 1 op, 50.00 ns, 50.0000 ns/op
OverheadWarmup   6: 1 op, 230.00 ns, 230.0000 ns/op
OverheadWarmup   7: 1 op, 211.00 ns, 211.0000 ns/op

// BeforeActualRun
WorkloadActual   1: 1 op, 915530427.00 ns, 915.5304 ms/op
WorkloadActual   2: 1 op, 917748265.00 ns, 917.7483 ms/op
WorkloadActual   3: 1 op, 959369804.00 ns, 959.3698 ms/op
WorkloadActual   4: 1 op, 950903463.00 ns, 950.9035 ms/op
WorkloadActual   5: 1 op, 894550284.00 ns, 894.5503 ms/op
WorkloadActual   6: 1 op, 949570851.00 ns, 949.5709 ms/op
WorkloadActual   7: 1 op, 927741270.00 ns, 927.7413 ms/op
WorkloadActual   8: 1 op, 935246001.00 ns, 935.2460 ms/op
WorkloadActual   9: 1 op, 938140874.00 ns, 938.1409 ms/op
WorkloadActual  10: 1 op, 1017443528.00 ns, 1.0174 s/op
WorkloadActual  11: 1 op, 937137042.00 ns, 937.1370 ms/op
WorkloadActual  12: 1 op, 901505463.00 ns, 901.5055 ms/op
WorkloadActual  13: 1 op, 925884685.00 ns, 925.8847 ms/op
WorkloadActual  14: 1 op, 930340027.00 ns, 930.3400 ms/op
WorkloadActual  15: 1 op, 927992963.00 ns, 927.9930 ms/op
WorkloadActual  16: 1 op, 990069851.00 ns, 990.0699 ms/op
WorkloadActual  17: 1 op, 966246864.00 ns, 966.2469 ms/op
WorkloadActual  18: 1 op, 907144311.00 ns, 907.1443 ms/op
WorkloadActual  19: 1 op, 943718846.00 ns, 943.7188 ms/op
WorkloadActual  20: 1 op, 944684095.00 ns, 944.6841 ms/op
WorkloadActual  21: 1 op, 914519132.00 ns, 914.5191 ms/op
WorkloadActual  22: 1 op, 924795932.00 ns, 924.7959 ms/op
WorkloadActual  23: 1 op, 966249620.00 ns, 966.2496 ms/op
WorkloadActual  24: 1 op, 921881330.00 ns, 921.8813 ms/op

// AfterActualRun
WorkloadResult   1: 1 op, 915530427.00 ns, 915.5304 ms/op
WorkloadResult   2: 1 op, 917748265.00 ns, 917.7483 ms/op
WorkloadResult   3: 1 op, 959369804.00 ns, 959.3698 ms/op
WorkloadResult   4: 1 op, 950903463.00 ns, 950.9035 ms/op
WorkloadResult   5: 1 op, 894550284.00 ns, 894.5503 ms/op
WorkloadResult   6: 1 op, 949570851.00 ns, 949.5709 ms/op
WorkloadResult   7: 1 op, 927741270.00 ns, 927.7413 ms/op
WorkloadResult   8: 1 op, 935246001.00 ns, 935.2460 ms/op
WorkloadResult   9: 1 op, 938140874.00 ns, 938.1409 ms/op
WorkloadResult  10: 1 op, 937137042.00 ns, 937.1370 ms/op
WorkloadResult  11: 1 op, 901505463.00 ns, 901.5055 ms/op
WorkloadResult  12: 1 op, 925884685.00 ns, 925.8847 ms/op
WorkloadResult  13: 1 op, 930340027.00 ns, 930.3400 ms/op
WorkloadResult  14: 1 op, 927992963.00 ns, 927.9930 ms/op
WorkloadResult  15: 1 op, 990069851.00 ns, 990.0699 ms/op
WorkloadResult  16: 1 op, 966246864.00 ns, 966.2469 ms/op
WorkloadResult  17: 1 op, 907144311.00 ns, 907.1443 ms/op
WorkloadResult  18: 1 op, 943718846.00 ns, 943.7188 ms/op
WorkloadResult  19: 1 op, 944684095.00 ns, 944.6841 ms/op
WorkloadResult  20: 1 op, 914519132.00 ns, 914.5191 ms/op
WorkloadResult  21: 1 op, 924795932.00 ns, 924.7959 ms/op
WorkloadResult  22: 1 op, 966249620.00 ns, 966.2496 ms/op
WorkloadResult  23: 1 op, 921881330.00 ns, 921.8813 ms/op
// GC:  0 0 0 37798840 1
// Threading:  26940 17 1

// AfterAll
// Benchmark Process 1098569 has exited with code 0.

Mean = 934.390 ms, StdErr = 4.733 ms (0.51%), N = 23, StdDev = 22.697 ms
Min = 894.550 ms, Q1 = 919.815 ms, Median = 930.340 ms, Q3 = 947.127 ms, Max = 990.070 ms
IQR = 27.313 ms, LowerFence = 878.846 ms, UpperFence = 988.096 ms
ConfidenceInterval = [916.443 ms; 952.337 ms] (CI 99.9%), Margin = 17.947 ms (1.92% of Mean)
Skewness = 0.45, Kurtosis = 2.76, MValue = 2

// ** Remained 9 (18.0%) benchmark(s) to run. Estimated finish 2026-01-01 2:13 (0h 6m from now) **
// **************************
// Benchmark: Sorting.Sort_Kahn: DefaultJob [NumItems=10000, GraphType=Complex]
// *** Execute ***
// Launch: 1 / 1
// Execute: dotnet NexusMods.Benchmarks-DefaultJob-1.dll --anonymousPipes 126 127 --benchmarkName "NexusMods.Benchmarks.Benchmarks.Sorting.Sort_Kahn(NumItems: 10000, GraphType: Complex)" --job Default --benchmarkId 41 in /home/ryang/nexus-app/benchmarks/NexusMods.Benchmarks/bin/Release/net9.0/NexusMods.Benchmarks-DefaultJob-1/bin/Release/net9.0
// Failed to set up high priority (Permission denied). In order to run benchmarks with high priority, make sure you have the right permissions.
// BeforeAnythingElse

// Benchmark Process Environment Information:
// BenchmarkDotNet v0.15.2
// Runtime=.NET 9.0.11 (9.0.1125.51716), X64 RyuJIT AVX-512F+CD+BW+DQ+VL+VBMI
// GC=Concurrent Workstation
// HardwareIntrinsics=AVX-512F+CD+BW+DQ+VL+VBMI,AES,BMI1,BMI2,FMA,LZCNT,PCLMUL,POPCNT,AvxVnni VectorSize=256
// Job: DefaultJob

OverheadJitting  1: 1 op, 221434.00 ns, 221.4340 us/op
WorkloadJitting  1: 1 op, 7736575.00 ns, 7.7366 ms/op

OverheadJitting  2: 16 op, 459550.00 ns, 28.7219 us/op
WorkloadJitting  2: 16 op, 35463508.00 ns, 2.2165 ms/op

WorkloadPilot    1: 16 op, 30918625.00 ns, 1.9324 ms/op
WorkloadPilot    2: 32 op, 57149183.00 ns, 1.7859 ms/op
WorkloadPilot    3: 64 op, 105127666.00 ns, 1.6426 ms/op
WorkloadPilot    4: 128 op, 207295002.00 ns, 1.6195 ms/op
WorkloadPilot    5: 256 op, 413171108.00 ns, 1.6139 ms/op
WorkloadPilot    6: 512 op, 797365270.00 ns, 1.5574 ms/op

OverheadWarmup   1: 512 op, 2736.00 ns, 5.3438 ns/op
OverheadWarmup   2: 512 op, 1302.00 ns, 2.5430 ns/op
OverheadWarmup   3: 512 op, 2064.00 ns, 4.0313 ns/op
OverheadWarmup   4: 512 op, 1423.00 ns, 2.7793 ns/op
OverheadWarmup   5: 512 op, 2165.00 ns, 4.2285 ns/op
OverheadWarmup   6: 512 op, 1143.00 ns, 2.2324 ns/op

OverheadActual   1: 512 op, 2214.00 ns, 4.3242 ns/op
OverheadActual   2: 512 op, 2255.00 ns, 4.4043 ns/op
OverheadActual   3: 512 op, 2224.00 ns, 4.3438 ns/op
OverheadActual   4: 512 op, 2194.00 ns, 4.2852 ns/op
OverheadActual   5: 512 op, 1402.00 ns, 2.7383 ns/op
OverheadActual   6: 512 op, 2204.00 ns, 4.3047 ns/op
OverheadActual   7: 512 op, 2265.00 ns, 4.4238 ns/op
OverheadActual   8: 512 op, 2234.00 ns, 4.3633 ns/op
OverheadActual   9: 512 op, 1944.00 ns, 3.7969 ns/op
OverheadActual  10: 512 op, 1213.00 ns, 2.3691 ns/op
OverheadActual  11: 512 op, 1924.00 ns, 3.7578 ns/op
OverheadActual  12: 512 op, 1142.00 ns, 2.2305 ns/op
OverheadActual  13: 512 op, 1873.00 ns, 3.6582 ns/op
OverheadActual  14: 512 op, 1884.00 ns, 3.6797 ns/op
OverheadActual  15: 512 op, 2054.00 ns, 4.0117 ns/op
OverheadActual  16: 512 op, 2425.00 ns, 4.7363 ns/op
OverheadActual  17: 512 op, 1353.00 ns, 2.6426 ns/op
OverheadActual  18: 512 op, 2184.00 ns, 4.2656 ns/op
OverheadActual  19: 512 op, 2104.00 ns, 4.1094 ns/op
OverheadActual  20: 512 op, 2264.00 ns, 4.4219 ns/op

OverheadWarmup   1: 512 op, 2265.00 ns, 4.4238 ns/op
OverheadWarmup   2: 512 op, 1483.00 ns, 2.8965 ns/op
OverheadWarmup   3: 512 op, 1342.00 ns, 2.6211 ns/op
OverheadWarmup   4: 512 op, 1483.00 ns, 2.8965 ns/op
OverheadWarmup   5: 512 op, 1412.00 ns, 2.7578 ns/op
OverheadWarmup   6: 512 op, 1523.00 ns, 2.9746 ns/op
OverheadWarmup   7: 512 op, 2294.00 ns, 4.4805 ns/op
OverheadWarmup   8: 512 op, 1473.00 ns, 2.8770 ns/op

// BeforeActualRun
WorkloadActual   1: 512 op, 816750259.00 ns, 1.5952 ms/op
WorkloadActual   2: 512 op, 890539215.00 ns, 1.7393 ms/op
WorkloadActual   3: 512 op, 796774989.00 ns, 1.5562 ms/op
WorkloadActual   4: 512 op, 814520159.00 ns, 1.5909 ms/op
WorkloadActual   5: 512 op, 816233239.00 ns, 1.5942 ms/op
WorkloadActual   6: 512 op, 821091202.00 ns, 1.6037 ms/op
WorkloadActual   7: 512 op, 800039581.00 ns, 1.5626 ms/op
WorkloadActual   8: 512 op, 835091862.00 ns, 1.6310 ms/op
WorkloadActual   9: 512 op, 828238989.00 ns, 1.6177 ms/op
WorkloadActual  10: 512 op, 834403463.00 ns, 1.6297 ms/op
WorkloadActual  11: 512 op, 793203831.00 ns, 1.5492 ms/op
WorkloadActual  12: 512 op, 820874177.00 ns, 1.6033 ms/op
WorkloadActual  13: 512 op, 777861994.00 ns, 1.5193 ms/op
WorkloadActual  14: 512 op, 777043978.00 ns, 1.5177 ms/op
WorkloadActual  15: 512 op, 813629644.00 ns, 1.5891 ms/op
WorkloadActual  16: 512 op, 807235390.00 ns, 1.5766 ms/op
WorkloadActual  17: 512 op, 872407697.00 ns, 1.7039 ms/op
WorkloadActual  18: 512 op, 791326447.00 ns, 1.5456 ms/op
WorkloadActual  19: 512 op, 770132213.00 ns, 1.5042 ms/op
WorkloadActual  20: 512 op, 787432250.00 ns, 1.5380 ms/op
WorkloadActual  21: 512 op, 788794609.00 ns, 1.5406 ms/op
WorkloadActual  22: 512 op, 764484488.00 ns, 1.4931 ms/op
WorkloadActual  23: 512 op, 761456931.00 ns, 1.4872 ms/op
WorkloadActual  24: 512 op, 833875534.00 ns, 1.6287 ms/op
WorkloadActual  25: 512 op, 792779671.00 ns, 1.5484 ms/op
WorkloadActual  26: 512 op, 759629161.00 ns, 1.4837 ms/op
WorkloadActual  27: 512 op, 818455526.00 ns, 1.5985 ms/op
WorkloadActual  28: 512 op, 801483788.00 ns, 1.5654 ms/op
WorkloadActual  29: 512 op, 789062282.00 ns, 1.5411 ms/op
WorkloadActual  30: 512 op, 771685788.00 ns, 1.5072 ms/op
WorkloadActual  31: 512 op, 766976221.00 ns, 1.4980 ms/op
WorkloadActual  32: 512 op, 847773557.00 ns, 1.6558 ms/op
WorkloadActual  33: 512 op, 781560648.00 ns, 1.5265 ms/op
WorkloadActual  34: 512 op, 762912329.00 ns, 1.4901 ms/op
WorkloadActual  35: 512 op, 733092538.00 ns, 1.4318 ms/op
WorkloadActual  36: 512 op, 755640855.00 ns, 1.4759 ms/op
WorkloadActual  37: 512 op, 793161322.00 ns, 1.5491 ms/op
WorkloadActual  38: 512 op, 778354790.00 ns, 1.5202 ms/op
WorkloadActual  39: 512 op, 795427031.00 ns, 1.5536 ms/op
WorkloadActual  40: 512 op, 829041568.00 ns, 1.6192 ms/op
WorkloadActual  41: 512 op, 789912992.00 ns, 1.5428 ms/op
WorkloadActual  42: 512 op, 798603523.00 ns, 1.5598 ms/op

// AfterActualRun
WorkloadResult   1: 512 op, 816748115.00 ns, 1.5952 ms/op
WorkloadResult   2: 512 op, 796772845.00 ns, 1.5562 ms/op
WorkloadResult   3: 512 op, 814518015.00 ns, 1.5909 ms/op
WorkloadResult   4: 512 op, 816231095.00 ns, 1.5942 ms/op
WorkloadResult   5: 512 op, 821089058.00 ns, 1.6037 ms/op
WorkloadResult   6: 512 op, 800037437.00 ns, 1.5626 ms/op
WorkloadResult   7: 512 op, 835089718.00 ns, 1.6310 ms/op
WorkloadResult   8: 512 op, 828236845.00 ns, 1.6177 ms/op
WorkloadResult   9: 512 op, 834401319.00 ns, 1.6297 ms/op
WorkloadResult  10: 512 op, 793201687.00 ns, 1.5492 ms/op
WorkloadResult  11: 512 op, 820872033.00 ns, 1.6033 ms/op
WorkloadResult  12: 512 op, 777859850.00 ns, 1.5193 ms/op
WorkloadResult  13: 512 op, 777041834.00 ns, 1.5177 ms/op
WorkloadResult  14: 512 op, 813627500.00 ns, 1.5891 ms/op
WorkloadResult  15: 512 op, 807233246.00 ns, 1.5766 ms/op
WorkloadResult  16: 512 op, 872405553.00 ns, 1.7039 ms/op
WorkloadResult  17: 512 op, 791324303.00 ns, 1.5456 ms/op
WorkloadResult  18: 512 op, 770130069.00 ns, 1.5042 ms/op
WorkloadResult  19: 512 op, 787430106.00 ns, 1.5379 ms/op
WorkloadResult  20: 512 op, 788792465.00 ns, 1.5406 ms/op
WorkloadResult  21: 512 op, 764482344.00 ns, 1.4931 ms/op
WorkloadResult  22: 512 op, 761454787.00 ns, 1.4872 ms/op
WorkloadResult  23: 512 op, 833873390.00 ns, 1.6287 ms/op
WorkloadResult  24: 512 op, 792777527.00 ns, 1.5484 ms/op
WorkloadResult  25: 512 op, 759627017.00 ns, 1.4836 ms/op
WorkloadResult  26: 512 op, 818453382.00 ns, 1.5985 ms/op
WorkloadResult  27: 512 op, 801481644.00 ns, 1.5654 ms/op
WorkloadResult  28: 512 op, 789060138.00 ns, 1.5411 ms/op
WorkloadResult  29: 512 op, 771683644.00 ns, 1.5072 ms/op
WorkloadResult  30: 512 op, 766974077.00 ns, 1.4980 ms/op
WorkloadResult  31: 512 op, 847771413.00 ns, 1.6558 ms/op
WorkloadResult  32: 512 op, 781558504.00 ns, 1.5265 ms/op
WorkloadResult  33: 512 op, 762910185.00 ns, 1.4901 ms/op
WorkloadResult  34: 512 op, 733090394.00 ns, 1.4318 ms/op
WorkloadResult  35: 512 op, 755638711.00 ns, 1.4759 ms/op
WorkloadResult  36: 512 op, 793159178.00 ns, 1.5491 ms/op
WorkloadResult  37: 512 op, 778352646.00 ns, 1.5202 ms/op
WorkloadResult  38: 512 op, 795424887.00 ns, 1.5536 ms/op
WorkloadResult  39: 512 op, 829039424.00 ns, 1.6192 ms/op
WorkloadResult  40: 512 op, 789910848.00 ns, 1.5428 ms/op
WorkloadResult  41: 512 op, 798601379.00 ns, 1.5598 ms/op
// GC:  39 39 39 777042320 512
// Threading:  0 0 512

// AfterAll
// Benchmark Process 1098720 has exited with code 0.

Mean = 1.557 ms, StdErr = 0.009 ms (0.56%), N = 41, StdDev = 0.055 ms
Min = 1.432 ms, Q1 = 1.519 ms, Median = 1.549 ms, Q3 = 1.595 ms, Max = 1.704 ms
IQR = 0.076 ms, LowerFence = 1.405 ms, UpperFence = 1.709 ms
ConfidenceInterval = [1.526 ms; 1.588 ms] (CI 99.9%), Margin = 0.031 ms (1.97% of Mean)
Skewness = 0.24, Kurtosis = 2.85, MValue = 2

// ** Remained 8 (16.0%) benchmark(s) to run. Estimated finish 2026-01-01 2:13 (0h 5m from now) **
// **************************
// Benchmark: Sorting.Sort_Original: DefaultJob [NumItems=10000, GraphType=Random]
// *** Execute ***
// Launch: 1 / 1
// Execute: dotnet NexusMods.Benchmarks-DefaultJob-1.dll --anonymousPipes 128 129 --benchmarkName "NexusMods.Benchmarks.Benchmarks.Sorting.Sort_Original(NumItems: 10000, GraphType: Random)" --job Default --benchmarkId 42 in /home/ryang/nexus-app/benchmarks/NexusMods.Benchmarks/bin/Release/net9.0/NexusMods.Benchmarks-DefaultJob-1/bin/Release/net9.0
// Failed to set up high priority (Permission denied). In order to run benchmarks with high priority, make sure you have the right permissions.
// BeforeAnythingElse

// Benchmark Process Environment Information:
// BenchmarkDotNet v0.15.2
// Runtime=.NET 9.0.11 (9.0.1125.51716), X64 RyuJIT AVX-512F+CD+BW+DQ+VL+VBMI
// GC=Concurrent Workstation
// HardwareIntrinsics=AVX-512F+CD+BW+DQ+VL+VBMI,AES,BMI1,BMI2,FMA,LZCNT,PCLMUL,POPCNT,AvxVnni VectorSize=256
// Job: DefaultJob

OverheadJitting  1: 1 op, 172640.00 ns, 172.6400 us/op
WorkloadJitting  1: 1 op, 376804522.00 ns, 376.8045 ms/op

OverheadJitting  2: 1 op, 301.00 ns, 301.0000 ns/op
WorkloadJitting  2: 1 op, 360202762.00 ns, 360.2028 ms/op

OverheadWarmup   1: 1 op, 601.00 ns, 601.0000 ns/op
OverheadWarmup   2: 1 op, 371.00 ns, 371.0000 ns/op
OverheadWarmup   3: 1 op, 230.00 ns, 230.0000 ns/op
OverheadWarmup   4: 1 op, 171.00 ns, 171.0000 ns/op
OverheadWarmup   5: 1 op, 80.00 ns, 80.0000 ns/op
OverheadWarmup   6: 1 op, 220.00 ns, 220.0000 ns/op
OverheadWarmup   7: 1 op, 251.00 ns, 251.0000 ns/op
OverheadWarmup   8: 1 op, 210.00 ns, 210.0000 ns/op
OverheadWarmup   9: 1 op, 250.00 ns, 250.0000 ns/op
OverheadWarmup  10: 1 op, 331.00 ns, 331.0000 ns/op
OverheadWarmup  11: 1 op, 220.00 ns, 220.0000 ns/op

// BeforeActualRun
WorkloadActual   1: 1 op, 355266139.00 ns, 355.2661 ms/op
WorkloadActual   2: 1 op, 322812274.00 ns, 322.8123 ms/op
WorkloadActual   3: 1 op, 316394035.00 ns, 316.3940 ms/op
WorkloadActual   4: 1 op, 315691028.00 ns, 315.6910 ms/op
WorkloadActual   5: 1 op, 309538627.00 ns, 309.5386 ms/op
WorkloadActual   6: 1 op, 349367233.00 ns, 349.3672 ms/op
WorkloadActual   7: 1 op, 334358193.00 ns, 334.3582 ms/op
WorkloadActual   8: 1 op, 325356856.00 ns, 325.3569 ms/op
WorkloadActual   9: 1 op, 327403656.00 ns, 327.4037 ms/op
WorkloadActual  10: 1 op, 326004106.00 ns, 326.0041 ms/op
WorkloadActual  11: 1 op, 321486265.00 ns, 321.4863 ms/op
WorkloadActual  12: 1 op, 322688978.00 ns, 322.6890 ms/op
WorkloadActual  13: 1 op, 326759744.00 ns, 326.7597 ms/op
WorkloadActual  14: 1 op, 318520056.00 ns, 318.5201 ms/op
WorkloadActual  15: 1 op, 335739428.00 ns, 335.7394 ms/op
WorkloadActual  16: 1 op, 335958037.00 ns, 335.9580 ms/op
WorkloadActual  17: 1 op, 345594630.00 ns, 345.5946 ms/op
WorkloadActual  18: 1 op, 328931181.00 ns, 328.9312 ms/op
WorkloadActual  19: 1 op, 329374170.00 ns, 329.3742 ms/op
WorkloadActual  20: 1 op, 309850765.00 ns, 309.8508 ms/op
WorkloadActual  21: 1 op, 323399159.00 ns, 323.3992 ms/op
WorkloadActual  22: 1 op, 295393361.00 ns, 295.3934 ms/op
WorkloadActual  23: 1 op, 297791913.00 ns, 297.7919 ms/op
WorkloadActual  24: 1 op, 354683774.00 ns, 354.6838 ms/op
WorkloadActual  25: 1 op, 353134809.00 ns, 353.1348 ms/op
WorkloadActual  26: 1 op, 339148997.00 ns, 339.1490 ms/op
WorkloadActual  27: 1 op, 344333465.00 ns, 344.3335 ms/op
WorkloadActual  28: 1 op, 318283212.00 ns, 318.2832 ms/op
WorkloadActual  29: 1 op, 316730468.00 ns, 316.7305 ms/op
WorkloadActual  30: 1 op, 333129701.00 ns, 333.1297 ms/op
WorkloadActual  31: 1 op, 324402710.00 ns, 324.4027 ms/op
WorkloadActual  32: 1 op, 319817430.00 ns, 319.8174 ms/op
WorkloadActual  33: 1 op, 333696737.00 ns, 333.6967 ms/op
WorkloadActual  34: 1 op, 307668937.00 ns, 307.6689 ms/op
WorkloadActual  35: 1 op, 317365334.00 ns, 317.3653 ms/op
WorkloadActual  36: 1 op, 351840861.00 ns, 351.8409 ms/op
WorkloadActual  37: 1 op, 299739553.00 ns, 299.7396 ms/op
WorkloadActual  38: 1 op, 310631630.00 ns, 310.6316 ms/op
WorkloadActual  39: 1 op, 322978944.00 ns, 322.9789 ms/op
WorkloadActual  40: 1 op, 320920162.00 ns, 320.9202 ms/op
WorkloadActual  41: 1 op, 313133351.00 ns, 313.1334 ms/op
WorkloadActual  42: 1 op, 320241472.00 ns, 320.2415 ms/op
WorkloadActual  43: 1 op, 346460368.00 ns, 346.4604 ms/op
WorkloadActual  44: 1 op, 343852344.00 ns, 343.8523 ms/op
WorkloadActual  45: 1 op, 312838607.00 ns, 312.8386 ms/op
WorkloadActual  46: 1 op, 306039708.00 ns, 306.0397 ms/op
WorkloadActual  47: 1 op, 318328639.00 ns, 318.3286 ms/op
WorkloadActual  48: 1 op, 312956182.00 ns, 312.9562 ms/op
WorkloadActual  49: 1 op, 318315123.00 ns, 318.3151 ms/op
WorkloadActual  50: 1 op, 330682275.00 ns, 330.6823 ms/op
WorkloadActual  51: 1 op, 324611901.00 ns, 324.6119 ms/op
WorkloadActual  52: 1 op, 317584644.00 ns, 317.5846 ms/op
WorkloadActual  53: 1 op, 321182925.00 ns, 321.1829 ms/op
WorkloadActual  54: 1 op, 304141753.00 ns, 304.1418 ms/op
WorkloadActual  55: 1 op, 308571736.00 ns, 308.5717 ms/op
WorkloadActual  56: 1 op, 340573946.00 ns, 340.5739 ms/op
WorkloadActual  57: 1 op, 317412565.00 ns, 317.4126 ms/op
WorkloadActual  58: 1 op, 304041782.00 ns, 304.0418 ms/op
WorkloadActual  59: 1 op, 318891317.00 ns, 318.8913 ms/op
WorkloadActual  60: 1 op, 318892118.00 ns, 318.8921 ms/op

// AfterActualRun
WorkloadResult   1: 1 op, 355266139.00 ns, 355.2661 ms/op
WorkloadResult   2: 1 op, 322812274.00 ns, 322.8123 ms/op
WorkloadResult   3: 1 op, 316394035.00 ns, 316.3940 ms/op
WorkloadResult   4: 1 op, 315691028.00 ns, 315.6910 ms/op
WorkloadResult   5: 1 op, 309538627.00 ns, 309.5386 ms/op
WorkloadResult   6: 1 op, 349367233.00 ns, 349.3672 ms/op
WorkloadResult   7: 1 op, 334358193.00 ns, 334.3582 ms/op
WorkloadResult   8: 1 op, 325356856.00 ns, 325.3569 ms/op
WorkloadResult   9: 1 op, 327403656.00 ns, 327.4037 ms/op
WorkloadResult  10: 1 op, 326004106.00 ns, 326.0041 ms/op
WorkloadResult  11: 1 op, 321486265.00 ns, 321.4863 ms/op
WorkloadResult  12: 1 op, 322688978.00 ns, 322.6890 ms/op
WorkloadResult  13: 1 op, 326759744.00 ns, 326.7597 ms/op
WorkloadResult  14: 1 op, 318520056.00 ns, 318.5201 ms/op
WorkloadResult  15: 1 op, 335739428.00 ns, 335.7394 ms/op
WorkloadResult  16: 1 op, 335958037.00 ns, 335.9580 ms/op
WorkloadResult  17: 1 op, 345594630.00 ns, 345.5946 ms/op
WorkloadResult  18: 1 op, 328931181.00 ns, 328.9312 ms/op
WorkloadResult  19: 1 op, 329374170.00 ns, 329.3742 ms/op
WorkloadResult  20: 1 op, 309850765.00 ns, 309.8508 ms/op
WorkloadResult  21: 1 op, 323399159.00 ns, 323.3992 ms/op
WorkloadResult  22: 1 op, 295393361.00 ns, 295.3934 ms/op
WorkloadResult  23: 1 op, 297791913.00 ns, 297.7919 ms/op
WorkloadResult  24: 1 op, 354683774.00 ns, 354.6838 ms/op
WorkloadResult  25: 1 op, 353134809.00 ns, 353.1348 ms/op
WorkloadResult  26: 1 op, 339148997.00 ns, 339.1490 ms/op
WorkloadResult  27: 1 op, 344333465.00 ns, 344.3335 ms/op
WorkloadResult  28: 1 op, 318283212.00 ns, 318.2832 ms/op
WorkloadResult  29: 1 op, 316730468.00 ns, 316.7305 ms/op
WorkloadResult  30: 1 op, 333129701.00 ns, 333.1297 ms/op
WorkloadResult  31: 1 op, 324402710.00 ns, 324.4027 ms/op
WorkloadResult  32: 1 op, 319817430.00 ns, 319.8174 ms/op
WorkloadResult  33: 1 op, 333696737.00 ns, 333.6967 ms/op
WorkloadResult  34: 1 op, 307668937.00 ns, 307.6689 ms/op
WorkloadResult  35: 1 op, 317365334.00 ns, 317.3653 ms/op
WorkloadResult  36: 1 op, 351840861.00 ns, 351.8409 ms/op
WorkloadResult  37: 1 op, 299739553.00 ns, 299.7396 ms/op
WorkloadResult  38: 1 op, 310631630.00 ns, 310.6316 ms/op
WorkloadResult  39: 1 op, 322978944.00 ns, 322.9789 ms/op
WorkloadResult  40: 1 op, 320920162.00 ns, 320.9202 ms/op
WorkloadResult  41: 1 op, 313133351.00 ns, 313.1334 ms/op
WorkloadResult  42: 1 op, 320241472.00 ns, 320.2415 ms/op
WorkloadResult  43: 1 op, 346460368.00 ns, 346.4604 ms/op
WorkloadResult  44: 1 op, 343852344.00 ns, 343.8523 ms/op
WorkloadResult  45: 1 op, 312838607.00 ns, 312.8386 ms/op
WorkloadResult  46: 1 op, 306039708.00 ns, 306.0397 ms/op
WorkloadResult  47: 1 op, 318328639.00 ns, 318.3286 ms/op
WorkloadResult  48: 1 op, 312956182.00 ns, 312.9562 ms/op
WorkloadResult  49: 1 op, 318315123.00 ns, 318.3151 ms/op
WorkloadResult  50: 1 op, 330682275.00 ns, 330.6823 ms/op
WorkloadResult  51: 1 op, 324611901.00 ns, 324.6119 ms/op
WorkloadResult  52: 1 op, 317584644.00 ns, 317.5846 ms/op
WorkloadResult  53: 1 op, 321182925.00 ns, 321.1829 ms/op
WorkloadResult  54: 1 op, 304141753.00 ns, 304.1418 ms/op
WorkloadResult  55: 1 op, 308571736.00 ns, 308.5717 ms/op
WorkloadResult  56: 1 op, 340573946.00 ns, 340.5739 ms/op
WorkloadResult  57: 1 op, 317412565.00 ns, 317.4126 ms/op
WorkloadResult  58: 1 op, 304041782.00 ns, 304.0418 ms/op
WorkloadResult  59: 1 op, 318891317.00 ns, 318.8913 ms/op
WorkloadResult  60: 1 op, 318892118.00 ns, 318.8921 ms/op
// GC:  0 0 0 4811696 1
// Threading:  82 5 1

// AfterAll
// Benchmark Process 1098895 has exited with code 0.

Mean = 324.016 ms, StdErr = 1.869 ms (0.58%), N = 60, StdDev = 14.481 ms
Min = 295.393 ms, Q1 = 316.218 ms, Median = 321.335 ms, Q3 = 333.271 ms, Max = 355.266 ms
IQR = 17.053 ms, LowerFence = 290.639 ms, UpperFence = 358.851 ms
ConfidenceInterval = [317.541 ms; 330.490 ms] (CI 99.9%), Margin = 6.474 ms (2.00% of Mean)
Skewness = 0.4, Kurtosis = 2.57, MValue = 2.56

// ** Remained 7 (14.0%) benchmark(s) to run. Estimated finish 2026-01-01 2:13 (0h 4m from now) **
// **************************
// Benchmark: Sorting.Sort_Kahn: DefaultJob [NumItems=10000, GraphType=Random]
// *** Execute ***
// Launch: 1 / 1
// Execute: dotnet NexusMods.Benchmarks-DefaultJob-1.dll --anonymousPipes 126 127 --benchmarkName "NexusMods.Benchmarks.Benchmarks.Sorting.Sort_Kahn(NumItems: 10000, GraphType: Random)" --job Default --benchmarkId 43 in /home/ryang/nexus-app/benchmarks/NexusMods.Benchmarks/bin/Release/net9.0/NexusMods.Benchmarks-DefaultJob-1/bin/Release/net9.0
// Failed to set up high priority (Permission denied). In order to run benchmarks with high priority, make sure you have the right permissions.
// BeforeAnythingElse

// Benchmark Process Environment Information:
// BenchmarkDotNet v0.15.2
// Runtime=.NET 9.0.11 (9.0.1125.51716), X64 RyuJIT AVX-512F+CD+BW+DQ+VL+VBMI
// GC=Concurrent Workstation
// HardwareIntrinsics=AVX-512F+CD+BW+DQ+VL+VBMI,AES,BMI1,BMI2,FMA,LZCNT,PCLMUL,POPCNT,AvxVnni VectorSize=256
// Job: DefaultJob

OverheadJitting  1: 1 op, 180836.00 ns, 180.8360 us/op
WorkloadJitting  1: 1 op, 8279424.00 ns, 8.2794 ms/op

OverheadJitting  2: 16 op, 420585.00 ns, 26.2866 us/op
WorkloadJitting  2: 16 op, 34678686.00 ns, 2.1674 ms/op

WorkloadPilot    1: 16 op, 30722710.00 ns, 1.9202 ms/op
WorkloadPilot    2: 32 op, 52182924.00 ns, 1.6307 ms/op
WorkloadPilot    3: 64 op, 116168117.00 ns, 1.8151 ms/op
WorkloadPilot    4: 128 op, 205662919.00 ns, 1.6067 ms/op
WorkloadPilot    5: 256 op, 360311300.00 ns, 1.4075 ms/op
WorkloadPilot    6: 512 op, 693539521.00 ns, 1.3546 ms/op

OverheadWarmup   1: 512 op, 3025.00 ns, 5.9082 ns/op
OverheadWarmup   2: 512 op, 1603.00 ns, 3.1309 ns/op
OverheadWarmup   3: 512 op, 2284.00 ns, 4.4609 ns/op
OverheadWarmup   4: 512 op, 2595.00 ns, 5.0684 ns/op
OverheadWarmup   5: 512 op, 2425.00 ns, 4.7363 ns/op
OverheadWarmup   6: 512 op, 1593.00 ns, 3.1113 ns/op
OverheadWarmup   7: 512 op, 2204.00 ns, 4.3047 ns/op
OverheadWarmup   8: 512 op, 1353.00 ns, 2.6426 ns/op

OverheadActual   1: 512 op, 2305.00 ns, 4.5020 ns/op
OverheadActual   2: 512 op, 2244.00 ns, 4.3828 ns/op
OverheadActual   3: 512 op, 2374.00 ns, 4.6367 ns/op
OverheadActual   4: 512 op, 2314.00 ns, 4.5195 ns/op
OverheadActual   5: 512 op, 2304.00 ns, 4.5000 ns/op
OverheadActual   6: 512 op, 1513.00 ns, 2.9551 ns/op
OverheadActual   7: 512 op, 1483.00 ns, 2.8965 ns/op
OverheadActual   8: 512 op, 1503.00 ns, 2.9355 ns/op
OverheadActual   9: 512 op, 1563.00 ns, 3.0527 ns/op
OverheadActual  10: 512 op, 2334.00 ns, 4.5586 ns/op
OverheadActual  11: 512 op, 2355.00 ns, 4.5996 ns/op
OverheadActual  12: 512 op, 2374.00 ns, 4.6367 ns/op
OverheadActual  13: 512 op, 2435.00 ns, 4.7559 ns/op
OverheadActual  14: 512 op, 2304.00 ns, 4.5000 ns/op
OverheadActual  15: 512 op, 2285.00 ns, 4.4629 ns/op
OverheadActual  16: 512 op, 1603.00 ns, 3.1309 ns/op
OverheadActual  17: 512 op, 2404.00 ns, 4.6953 ns/op
OverheadActual  18: 512 op, 2395.00 ns, 4.6777 ns/op
OverheadActual  19: 512 op, 1473.00 ns, 2.8770 ns/op
OverheadActual  20: 512 op, 1493.00 ns, 2.9160 ns/op

OverheadWarmup   1: 512 op, 2164.00 ns, 4.2266 ns/op
OverheadWarmup   2: 512 op, 1483.00 ns, 2.8965 ns/op
OverheadWarmup   3: 512 op, 2064.00 ns, 4.0313 ns/op
OverheadWarmup   4: 512 op, 1373.00 ns, 2.6816 ns/op
OverheadWarmup   5: 512 op, 2254.00 ns, 4.4023 ns/op
OverheadWarmup   6: 512 op, 1443.00 ns, 2.8184 ns/op

// BeforeActualRun
WorkloadActual   1: 512 op, 742251538.00 ns, 1.4497 ms/op
WorkloadActual   2: 512 op, 723815907.00 ns, 1.4137 ms/op
WorkloadActual   3: 512 op, 694400370.00 ns, 1.3563 ms/op
WorkloadActual   4: 512 op, 735903113.00 ns, 1.4373 ms/op
WorkloadActual   5: 512 op, 690538275.00 ns, 1.3487 ms/op
WorkloadActual   6: 512 op, 718855468.00 ns, 1.4040 ms/op
WorkloadActual   7: 512 op, 724875256.00 ns, 1.4158 ms/op
WorkloadActual   8: 512 op, 714040519.00 ns, 1.3946 ms/op
WorkloadActual   9: 512 op, 695493523.00 ns, 1.3584 ms/op
WorkloadActual  10: 512 op, 683043333.00 ns, 1.3341 ms/op
WorkloadActual  11: 512 op, 725896592.00 ns, 1.4178 ms/op
WorkloadActual  12: 512 op, 671319795.00 ns, 1.3112 ms/op
WorkloadActual  13: 512 op, 695187898.00 ns, 1.3578 ms/op
WorkloadActual  14: 512 op, 668984563.00 ns, 1.3066 ms/op
WorkloadActual  15: 512 op, 709661533.00 ns, 1.3861 ms/op
WorkloadActual  16: 512 op, 677157994.00 ns, 1.3226 ms/op
WorkloadActual  17: 512 op, 701581211.00 ns, 1.3703 ms/op
WorkloadActual  18: 512 op, 718540806.00 ns, 1.4034 ms/op
WorkloadActual  19: 512 op, 703957030.00 ns, 1.3749 ms/op
WorkloadActual  20: 512 op, 704144880.00 ns, 1.3753 ms/op
WorkloadActual  21: 512 op, 722213078.00 ns, 1.4106 ms/op
WorkloadActual  22: 512 op, 693610037.00 ns, 1.3547 ms/op
WorkloadActual  23: 512 op, 763804421.00 ns, 1.4918 ms/op
WorkloadActual  24: 512 op, 757183092.00 ns, 1.4789 ms/op
WorkloadActual  25: 512 op, 723756445.00 ns, 1.4136 ms/op
WorkloadActual  26: 512 op, 695643552.00 ns, 1.3587 ms/op
WorkloadActual  27: 512 op, 709915781.00 ns, 1.3866 ms/op
WorkloadActual  28: 512 op, 694991382.00 ns, 1.3574 ms/op
WorkloadActual  29: 512 op, 689397952.00 ns, 1.3465 ms/op
WorkloadActual  30: 512 op, 697618002.00 ns, 1.3625 ms/op
WorkloadActual  31: 512 op, 711018493.00 ns, 1.3887 ms/op
WorkloadActual  32: 512 op, 736030738.00 ns, 1.4376 ms/op
WorkloadActual  33: 512 op, 688135675.00 ns, 1.3440 ms/op
WorkloadActual  34: 512 op, 682802964.00 ns, 1.3336 ms/op

// AfterActualRun
WorkloadResult   1: 512 op, 742249234.00 ns, 1.4497 ms/op
WorkloadResult   2: 512 op, 723813603.00 ns, 1.4137 ms/op
WorkloadResult   3: 512 op, 694398066.00 ns, 1.3562 ms/op
WorkloadResult   4: 512 op, 735900809.00 ns, 1.4373 ms/op
WorkloadResult   5: 512 op, 690535971.00 ns, 1.3487 ms/op
WorkloadResult   6: 512 op, 718853164.00 ns, 1.4040 ms/op
WorkloadResult   7: 512 op, 724872952.00 ns, 1.4158 ms/op
WorkloadResult   8: 512 op, 714038215.00 ns, 1.3946 ms/op
WorkloadResult   9: 512 op, 695491219.00 ns, 1.3584 ms/op
WorkloadResult  10: 512 op, 683041029.00 ns, 1.3341 ms/op
WorkloadResult  11: 512 op, 725894288.00 ns, 1.4178 ms/op
WorkloadResult  12: 512 op, 671317491.00 ns, 1.3112 ms/op
WorkloadResult  13: 512 op, 695185594.00 ns, 1.3578 ms/op
WorkloadResult  14: 512 op, 668982259.00 ns, 1.3066 ms/op
WorkloadResult  15: 512 op, 709659229.00 ns, 1.3861 ms/op
WorkloadResult  16: 512 op, 677155690.00 ns, 1.3226 ms/op
WorkloadResult  17: 512 op, 701578907.00 ns, 1.3703 ms/op
WorkloadResult  18: 512 op, 718538502.00 ns, 1.4034 ms/op
WorkloadResult  19: 512 op, 703954726.00 ns, 1.3749 ms/op
WorkloadResult  20: 512 op, 704142576.00 ns, 1.3753 ms/op
WorkloadResult  21: 512 op, 722210774.00 ns, 1.4106 ms/op
WorkloadResult  22: 512 op, 693607733.00 ns, 1.3547 ms/op
WorkloadResult  23: 512 op, 763802117.00 ns, 1.4918 ms/op
WorkloadResult  24: 512 op, 757180788.00 ns, 1.4789 ms/op
WorkloadResult  25: 512 op, 723754141.00 ns, 1.4136 ms/op
WorkloadResult  26: 512 op, 695641248.00 ns, 1.3587 ms/op
WorkloadResult  27: 512 op, 709913477.00 ns, 1.3865 ms/op
WorkloadResult  28: 512 op, 694989078.00 ns, 1.3574 ms/op
WorkloadResult  29: 512 op, 689395648.00 ns, 1.3465 ms/op
WorkloadResult  30: 512 op, 697615698.00 ns, 1.3625 ms/op
WorkloadResult  31: 512 op, 711016189.00 ns, 1.3887 ms/op
WorkloadResult  32: 512 op, 736028434.00 ns, 1.4376 ms/op
WorkloadResult  33: 512 op, 688133371.00 ns, 1.3440 ms/op
WorkloadResult  34: 512 op, 682800660.00 ns, 1.3336 ms/op
// GC:  39 39 39 692524640 512
// Threading:  0 0 512

// AfterAll
// Benchmark Process 1099034 has exited with code 0.

Mean = 1.382 ms, StdErr = 0.008 ms (0.55%), N = 34, StdDev = 0.045 ms
Min = 1.307 ms, Q1 = 1.355 ms, Median = 1.375 ms, Q3 = 1.413 ms, Max = 1.492 ms
IQR = 0.058 ms, LowerFence = 1.268 ms, UpperFence = 1.499 ms
ConfidenceInterval = [1.355 ms; 1.410 ms] (CI 99.9%), Margin = 0.028 ms (2.00% of Mean)
Skewness = 0.51, Kurtosis = 2.72, MValue = 2

// ** Remained 6 (12.0%) benchmark(s) to run. Estimated finish 2026-01-01 2:13 (0h 3m from now) **
// **************************
// Benchmark: Sorting.Sort_Original: DefaultJob [NumItems=10000, GraphType=Chain]
// *** Execute ***
// Launch: 1 / 1
// Execute: dotnet NexusMods.Benchmarks-DefaultJob-1.dll --anonymousPipes 126 127 --benchmarkName "NexusMods.Benchmarks.Benchmarks.Sorting.Sort_Original(NumItems: 10000, GraphType: Chain)" --job Default --benchmarkId 44 in /home/ryang/nexus-app/benchmarks/NexusMods.Benchmarks/bin/Release/net9.0/NexusMods.Benchmarks-DefaultJob-1/bin/Release/net9.0
// Failed to set up high priority (Permission denied). In order to run benchmarks with high priority, make sure you have the right permissions.
// BeforeAnythingElse

// Benchmark Process Environment Information:
// BenchmarkDotNet v0.15.2
// Runtime=.NET 9.0.11 (9.0.1125.51716), X64 RyuJIT AVX-512F+CD+BW+DQ+VL+VBMI
// GC=Concurrent Workstation
// HardwareIntrinsics=AVX-512F+CD+BW+DQ+VL+VBMI,AES,BMI1,BMI2,FMA,LZCNT,PCLMUL,POPCNT,AvxVnni VectorSize=256
// Job: DefaultJob

OverheadJitting  1: 1 op, 213239.00 ns, 213.2390 us/op
WorkloadJitting  1: 1 op, 1357373273.00 ns, 1.3574 s/op

OverheadJitting  2: 1 op, 461.00 ns, 461.0000 ns/op
WorkloadJitting  2: 1 op, 1069168336.00 ns, 1.0692 s/op

OverheadWarmup   1: 1 op, 571.00 ns, 571.0000 ns/op
OverheadWarmup   2: 1 op, 351.00 ns, 351.0000 ns/op
OverheadWarmup   3: 1 op, 271.00 ns, 271.0000 ns/op
OverheadWarmup   4: 1 op, 221.00 ns, 221.0000 ns/op
OverheadWarmup   5: 1 op, 230.00 ns, 230.0000 ns/op
OverheadWarmup   6: 1 op, 241.00 ns, 241.0000 ns/op
OverheadWarmup   7: 1 op, 281.00 ns, 281.0000 ns/op
OverheadWarmup   8: 1 op, 171.00 ns, 171.0000 ns/op
OverheadWarmup   9: 1 op, 321.00 ns, 321.0000 ns/op
OverheadWarmup  10: 1 op, 261.00 ns, 261.0000 ns/op

// BeforeActualRun
WorkloadActual   1: 1 op, 993002257.00 ns, 993.0023 ms/op
WorkloadActual   2: 1 op, 950962937.00 ns, 950.9629 ms/op
WorkloadActual   3: 1 op, 908682676.00 ns, 908.6827 ms/op
WorkloadActual   4: 1 op, 937697316.00 ns, 937.6973 ms/op
WorkloadActual   5: 1 op, 908199781.00 ns, 908.1998 ms/op
WorkloadActual   6: 1 op, 927374229.00 ns, 927.3742 ms/op
WorkloadActual   7: 1 op, 981188837.00 ns, 981.1888 ms/op
WorkloadActual   8: 1 op, 1007217960.00 ns, 1.0072 s/op
WorkloadActual   9: 1 op, 966034909.00 ns, 966.0349 ms/op
WorkloadActual  10: 1 op, 927895357.00 ns, 927.8954 ms/op
WorkloadActual  11: 1 op, 955478876.00 ns, 955.4789 ms/op
WorkloadActual  12: 1 op, 952500172.00 ns, 952.5002 ms/op
WorkloadActual  13: 1 op, 941599038.00 ns, 941.5990 ms/op
WorkloadActual  14: 1 op, 1006204309.00 ns, 1.0062 s/op
WorkloadActual  15: 1 op, 937165318.00 ns, 937.1653 ms/op
WorkloadActual  16: 1 op, 920768981.00 ns, 920.7690 ms/op
WorkloadActual  17: 1 op, 930027219.00 ns, 930.0272 ms/op
WorkloadActual  18: 1 op, 909761704.00 ns, 909.7617 ms/op
WorkloadActual  19: 1 op, 929390060.00 ns, 929.3901 ms/op
WorkloadActual  20: 1 op, 954355917.00 ns, 954.3559 ms/op
WorkloadActual  21: 1 op, 940023812.00 ns, 940.0238 ms/op
WorkloadActual  22: 1 op, 918725388.00 ns, 918.7254 ms/op
WorkloadActual  23: 1 op, 909146236.00 ns, 909.1462 ms/op
WorkloadActual  24: 1 op, 905892916.00 ns, 905.8929 ms/op
WorkloadActual  25: 1 op, 902112006.00 ns, 902.1120 ms/op
WorkloadActual  26: 1 op, 923533596.00 ns, 923.5336 ms/op
WorkloadActual  27: 1 op, 994111124.00 ns, 994.1111 ms/op
WorkloadActual  28: 1 op, 973601761.00 ns, 973.6018 ms/op
WorkloadActual  29: 1 op, 953455663.00 ns, 953.4557 ms/op
WorkloadActual  30: 1 op, 923823100.00 ns, 923.8231 ms/op
WorkloadActual  31: 1 op, 908150179.00 ns, 908.1502 ms/op
WorkloadActual  32: 1 op, 933641622.00 ns, 933.6416 ms/op
WorkloadActual  33: 1 op, 1023661830.00 ns, 1.0237 s/op
WorkloadActual  34: 1 op, 939395510.00 ns, 939.3955 ms/op

// AfterActualRun
WorkloadResult   1: 1 op, 993002257.00 ns, 993.0023 ms/op
WorkloadResult   2: 1 op, 950962937.00 ns, 950.9629 ms/op
WorkloadResult   3: 1 op, 908682676.00 ns, 908.6827 ms/op
WorkloadResult   4: 1 op, 937697316.00 ns, 937.6973 ms/op
WorkloadResult   5: 1 op, 908199781.00 ns, 908.1998 ms/op
WorkloadResult   6: 1 op, 927374229.00 ns, 927.3742 ms/op
WorkloadResult   7: 1 op, 981188837.00 ns, 981.1888 ms/op
WorkloadResult   8: 1 op, 966034909.00 ns, 966.0349 ms/op
WorkloadResult   9: 1 op, 927895357.00 ns, 927.8954 ms/op
WorkloadResult  10: 1 op, 955478876.00 ns, 955.4789 ms/op
WorkloadResult  11: 1 op, 952500172.00 ns, 952.5002 ms/op
WorkloadResult  12: 1 op, 941599038.00 ns, 941.5990 ms/op
WorkloadResult  13: 1 op, 937165318.00 ns, 937.1653 ms/op
WorkloadResult  14: 1 op, 920768981.00 ns, 920.7690 ms/op
WorkloadResult  15: 1 op, 930027219.00 ns, 930.0272 ms/op
WorkloadResult  16: 1 op, 909761704.00 ns, 909.7617 ms/op
WorkloadResult  17: 1 op, 929390060.00 ns, 929.3901 ms/op
WorkloadResult  18: 1 op, 954355917.00 ns, 954.3559 ms/op
WorkloadResult  19: 1 op, 940023812.00 ns, 940.0238 ms/op
WorkloadResult  20: 1 op, 918725388.00 ns, 918.7254 ms/op
WorkloadResult  21: 1 op, 909146236.00 ns, 909.1462 ms/op
WorkloadResult  22: 1 op, 905892916.00 ns, 905.8929 ms/op
WorkloadResult  23: 1 op, 902112006.00 ns, 902.1120 ms/op
WorkloadResult  24: 1 op, 923533596.00 ns, 923.5336 ms/op
WorkloadResult  25: 1 op, 994111124.00 ns, 994.1111 ms/op
WorkloadResult  26: 1 op, 973601761.00 ns, 973.6018 ms/op
WorkloadResult  27: 1 op, 953455663.00 ns, 953.4557 ms/op
WorkloadResult  28: 1 op, 923823100.00 ns, 923.8231 ms/op
WorkloadResult  29: 1 op, 908150179.00 ns, 908.1502 ms/op
WorkloadResult  30: 1 op, 933641622.00 ns, 933.6416 ms/op
WorkloadResult  31: 1 op, 939395510.00 ns, 939.3955 ms/op
// GC:  0 0 0 37009760 1
// Threading:  31373 28 1

// AfterAll
// Benchmark Process 1099154 has exited with code 0.

Mean = 937.345 ms, StdErr = 4.559 ms (0.49%), N = 31, StdDev = 25.382 ms
Min = 902.112 ms, Q1 = 919.747 ms, Median = 933.642 ms, Q3 = 952.978 ms, Max = 994.111 ms
IQR = 33.231 ms, LowerFence = 869.901 ms, UpperFence = 1,002.824 ms
ConfidenceInterval = [920.724 ms; 953.966 ms] (CI 99.9%), Margin = 16.621 ms (1.77% of Mean)
Skewness = 0.63, Kurtosis = 2.53, MValue = 2

// ** Remained 5 (10.0%) benchmark(s) to run. Estimated finish 2026-01-01 2:13 (0h 3m from now) **
// **************************
// Benchmark: Sorting.Sort_Kahn: DefaultJob [NumItems=10000, GraphType=Chain]
// *** Execute ***
// Launch: 1 / 1
// Execute: dotnet NexusMods.Benchmarks-DefaultJob-1.dll --anonymousPipes 126 127 --benchmarkName "NexusMods.Benchmarks.Benchmarks.Sorting.Sort_Kahn(NumItems: 10000, GraphType: Chain)" --job Default --benchmarkId 45 in /home/ryang/nexus-app/benchmarks/NexusMods.Benchmarks/bin/Release/net9.0/NexusMods.Benchmarks-DefaultJob-1/bin/Release/net9.0
// Failed to set up high priority (Permission denied). In order to run benchmarks with high priority, make sure you have the right permissions.
// BeforeAnythingElse

// Benchmark Process Environment Information:
// BenchmarkDotNet v0.15.2
// Runtime=.NET 9.0.11 (9.0.1125.51716), X64 RyuJIT AVX-512F+CD+BW+DQ+VL+VBMI
// GC=Concurrent Workstation
// HardwareIntrinsics=AVX-512F+CD+BW+DQ+VL+VBMI,AES,BMI1,BMI2,FMA,LZCNT,PCLMUL,POPCNT,AvxVnni VectorSize=256
// Job: DefaultJob

OverheadJitting  1: 1 op, 181257.00 ns, 181.2570 us/op
WorkloadJitting  1: 1 op, 8353146.00 ns, 8.3531 ms/op

OverheadJitting  2: 16 op, 586924.00 ns, 36.6828 us/op
WorkloadJitting  2: 16 op, 32448485.00 ns, 2.0280 ms/op

WorkloadPilot    1: 16 op, 31413223.00 ns, 1.9633 ms/op
WorkloadPilot    2: 32 op, 59623452.00 ns, 1.8632 ms/op
WorkloadPilot    3: 64 op, 98595588.00 ns, 1.5406 ms/op
WorkloadPilot    4: 128 op, 183307061.00 ns, 1.4321 ms/op
WorkloadPilot    5: 256 op, 357878044.00 ns, 1.3980 ms/op
WorkloadPilot    6: 512 op, 745318807.00 ns, 1.4557 ms/op

OverheadWarmup   1: 512 op, 3306.00 ns, 6.4570 ns/op
OverheadWarmup   2: 512 op, 1383.00 ns, 2.7012 ns/op
OverheadWarmup   3: 512 op, 2364.00 ns, 4.6172 ns/op
OverheadWarmup   4: 512 op, 2545.00 ns, 4.9707 ns/op
OverheadWarmup   5: 512 op, 2405.00 ns, 4.6973 ns/op
OverheadWarmup   6: 512 op, 1473.00 ns, 2.8770 ns/op
OverheadWarmup   7: 512 op, 1463.00 ns, 2.8574 ns/op
OverheadWarmup   8: 512 op, 1443.00 ns, 2.8184 ns/op
OverheadWarmup   9: 512 op, 1402.00 ns, 2.7383 ns/op
OverheadWarmup  10: 512 op, 1302.00 ns, 2.5430 ns/op

OverheadActual   1: 512 op, 2245.00 ns, 4.3848 ns/op
OverheadActual   2: 512 op, 2866.00 ns, 5.5977 ns/op
OverheadActual   3: 512 op, 2145.00 ns, 4.1895 ns/op
OverheadActual   4: 512 op, 1523.00 ns, 2.9746 ns/op
OverheadActual   5: 512 op, 2294.00 ns, 4.4805 ns/op
OverheadActual   6: 512 op, 1522.00 ns, 2.9727 ns/op
OverheadActual   7: 512 op, 1412.00 ns, 2.7578 ns/op
OverheadActual   8: 512 op, 1964.00 ns, 3.8359 ns/op
OverheadActual   9: 512 op, 1523.00 ns, 2.9746 ns/op
OverheadActual  10: 512 op, 1593.00 ns, 3.1113 ns/op
OverheadActual  11: 512 op, 2215.00 ns, 4.3262 ns/op
OverheadActual  12: 512 op, 2154.00 ns, 4.2070 ns/op
OverheadActual  13: 512 op, 1252.00 ns, 2.4453 ns/op
OverheadActual  14: 512 op, 2194.00 ns, 4.2852 ns/op
OverheadActual  15: 512 op, 2064.00 ns, 4.0313 ns/op
OverheadActual  16: 512 op, 2325.00 ns, 4.5410 ns/op
OverheadActual  17: 512 op, 2144.00 ns, 4.1875 ns/op
OverheadActual  18: 512 op, 1473.00 ns, 2.8770 ns/op
OverheadActual  19: 512 op, 2124.00 ns, 4.1484 ns/op
OverheadActual  20: 512 op, 2174.00 ns, 4.2461 ns/op

OverheadWarmup   1: 512 op, 1493.00 ns, 2.9160 ns/op
OverheadWarmup   2: 512 op, 2024.00 ns, 3.9531 ns/op
OverheadWarmup   3: 512 op, 2435.00 ns, 4.7559 ns/op
OverheadWarmup   4: 512 op, 1333.00 ns, 2.6035 ns/op
OverheadWarmup   5: 512 op, 2014.00 ns, 3.9336 ns/op
OverheadWarmup   6: 512 op, 2164.00 ns, 4.2266 ns/op
OverheadWarmup   7: 512 op, 1463.00 ns, 2.8574 ns/op

// BeforeActualRun
WorkloadActual   1: 512 op, 805479377.00 ns, 1.5732 ms/op
WorkloadActual   2: 512 op, 800890931.00 ns, 1.5642 ms/op
WorkloadActual   3: 512 op, 823648289.00 ns, 1.6087 ms/op
WorkloadActual   4: 512 op, 773455635.00 ns, 1.5107 ms/op
WorkloadActual   5: 512 op, 745040284.00 ns, 1.4552 ms/op
WorkloadActual   6: 512 op, 728623217.00 ns, 1.4231 ms/op
WorkloadActual   7: 512 op, 736527813.00 ns, 1.4385 ms/op
WorkloadActual   8: 512 op, 754745569.00 ns, 1.4741 ms/op
WorkloadActual   9: 512 op, 774398702.00 ns, 1.5125 ms/op
WorkloadActual  10: 512 op, 783235363.00 ns, 1.5298 ms/op
WorkloadActual  11: 512 op, 806025945.00 ns, 1.5743 ms/op
WorkloadActual  12: 512 op, 741797043.00 ns, 1.4488 ms/op
WorkloadActual  13: 512 op, 731608384.00 ns, 1.4289 ms/op
WorkloadActual  14: 512 op, 748784003.00 ns, 1.4625 ms/op
WorkloadActual  15: 512 op, 751211962.00 ns, 1.4672 ms/op
WorkloadActual  16: 512 op, 718167456.00 ns, 1.4027 ms/op
WorkloadActual  17: 512 op, 703350173.00 ns, 1.3737 ms/op
WorkloadActual  18: 512 op, 825166737.00 ns, 1.6117 ms/op
WorkloadActual  19: 512 op, 786100279.00 ns, 1.5354 ms/op
WorkloadActual  20: 512 op, 753926931.00 ns, 1.4725 ms/op
WorkloadActual  21: 512 op, 820056893.00 ns, 1.6017 ms/op
WorkloadActual  22: 512 op, 761189268.00 ns, 1.4867 ms/op
WorkloadActual  23: 512 op, 798420942.00 ns, 1.5594 ms/op
WorkloadActual  24: 512 op, 807691384.00 ns, 1.5775 ms/op
WorkloadActual  25: 512 op, 793970721.00 ns, 1.5507 ms/op
WorkloadActual  26: 512 op, 831902135.00 ns, 1.6248 ms/op
WorkloadActual  27: 512 op, 773013089.00 ns, 1.5098 ms/op
WorkloadActual  28: 512 op, 776495558.00 ns, 1.5166 ms/op
WorkloadActual  29: 512 op, 752433412.00 ns, 1.4696 ms/op
WorkloadActual  30: 512 op, 710135647.00 ns, 1.3870 ms/op
WorkloadActual  31: 512 op, 693735603.00 ns, 1.3550 ms/op
WorkloadActual  32: 512 op, 745461993.00 ns, 1.4560 ms/op
WorkloadActual  33: 512 op, 777992394.00 ns, 1.5195 ms/op
WorkloadActual  34: 512 op, 812195008.00 ns, 1.5863 ms/op
WorkloadActual  35: 512 op, 773853199.00 ns, 1.5114 ms/op
WorkloadActual  36: 512 op, 741025487.00 ns, 1.4473 ms/op
WorkloadActual  37: 512 op, 748769777.00 ns, 1.4624 ms/op
WorkloadActual  38: 512 op, 782353385.00 ns, 1.5280 ms/op
WorkloadActual  39: 512 op, 764376051.00 ns, 1.4929 ms/op
WorkloadActual  40: 512 op, 779504150.00 ns, 1.5225 ms/op
WorkloadActual  41: 512 op, 757396607.00 ns, 1.4793 ms/op
WorkloadActual  42: 512 op, 770451315.00 ns, 1.5048 ms/op
WorkloadActual  43: 512 op, 801956463.00 ns, 1.5663 ms/op
WorkloadActual  44: 512 op, 741884994.00 ns, 1.4490 ms/op
WorkloadActual  45: 512 op, 738002239.00 ns, 1.4414 ms/op
WorkloadActual  46: 512 op, 729310054.00 ns, 1.4244 ms/op
WorkloadActual  47: 512 op, 743021601.00 ns, 1.4512 ms/op
WorkloadActual  48: 512 op, 741859656.00 ns, 1.4489 ms/op
WorkloadActual  49: 512 op, 758528554.00 ns, 1.4815 ms/op
WorkloadActual  50: 512 op, 814713312.00 ns, 1.5912 ms/op
WorkloadActual  51: 512 op, 785221008.00 ns, 1.5336 ms/op
WorkloadActual  52: 512 op, 703239052.00 ns, 1.3735 ms/op
WorkloadActual  53: 512 op, 787756433.00 ns, 1.5386 ms/op
WorkloadActual  54: 512 op, 748715183.00 ns, 1.4623 ms/op
WorkloadActual  55: 512 op, 764628114.00 ns, 1.4934 ms/op
WorkloadActual  56: 512 op, 780524063.00 ns, 1.5245 ms/op
WorkloadActual  57: 512 op, 747419702.00 ns, 1.4598 ms/op

// AfterActualRun
WorkloadResult   1: 512 op, 805477243.00 ns, 1.5732 ms/op
WorkloadResult   2: 512 op, 800888797.00 ns, 1.5642 ms/op
WorkloadResult   3: 512 op, 823646155.00 ns, 1.6087 ms/op
WorkloadResult   4: 512 op, 773453501.00 ns, 1.5107 ms/op
WorkloadResult   5: 512 op, 745038150.00 ns, 1.4552 ms/op
WorkloadResult   6: 512 op, 728621083.00 ns, 1.4231 ms/op
WorkloadResult   7: 512 op, 736525679.00 ns, 1.4385 ms/op
WorkloadResult   8: 512 op, 754743435.00 ns, 1.4741 ms/op
WorkloadResult   9: 512 op, 774396568.00 ns, 1.5125 ms/op
WorkloadResult  10: 512 op, 783233229.00 ns, 1.5298 ms/op
WorkloadResult  11: 512 op, 806023811.00 ns, 1.5743 ms/op
WorkloadResult  12: 512 op, 741794909.00 ns, 1.4488 ms/op
WorkloadResult  13: 512 op, 731606250.00 ns, 1.4289 ms/op
WorkloadResult  14: 512 op, 748781869.00 ns, 1.4625 ms/op
WorkloadResult  15: 512 op, 751209828.00 ns, 1.4672 ms/op
WorkloadResult  16: 512 op, 718165322.00 ns, 1.4027 ms/op
WorkloadResult  17: 512 op, 703348039.00 ns, 1.3737 ms/op
WorkloadResult  18: 512 op, 825164603.00 ns, 1.6116 ms/op
WorkloadResult  19: 512 op, 786098145.00 ns, 1.5353 ms/op
WorkloadResult  20: 512 op, 753924797.00 ns, 1.4725 ms/op
WorkloadResult  21: 512 op, 820054759.00 ns, 1.6017 ms/op
WorkloadResult  22: 512 op, 761187134.00 ns, 1.4867 ms/op
WorkloadResult  23: 512 op, 798418808.00 ns, 1.5594 ms/op
WorkloadResult  24: 512 op, 807689250.00 ns, 1.5775 ms/op
WorkloadResult  25: 512 op, 793968587.00 ns, 1.5507 ms/op
WorkloadResult  26: 512 op, 831900001.00 ns, 1.6248 ms/op
WorkloadResult  27: 512 op, 773010955.00 ns, 1.5098 ms/op
WorkloadResult  28: 512 op, 776493424.00 ns, 1.5166 ms/op
WorkloadResult  29: 512 op, 752431278.00 ns, 1.4696 ms/op
WorkloadResult  30: 512 op, 710133513.00 ns, 1.3870 ms/op
WorkloadResult  31: 512 op, 693733469.00 ns, 1.3549 ms/op
WorkloadResult  32: 512 op, 745459859.00 ns, 1.4560 ms/op
WorkloadResult  33: 512 op, 777990260.00 ns, 1.5195 ms/op
WorkloadResult  34: 512 op, 812192874.00 ns, 1.5863 ms/op
WorkloadResult  35: 512 op, 773851065.00 ns, 1.5114 ms/op
WorkloadResult  36: 512 op, 741023353.00 ns, 1.4473 ms/op
WorkloadResult  37: 512 op, 748767643.00 ns, 1.4624 ms/op
WorkloadResult  38: 512 op, 782351251.00 ns, 1.5280 ms/op
WorkloadResult  39: 512 op, 764373917.00 ns, 1.4929 ms/op
WorkloadResult  40: 512 op, 779502016.00 ns, 1.5225 ms/op
WorkloadResult  41: 512 op, 757394473.00 ns, 1.4793 ms/op
WorkloadResult  42: 512 op, 770449181.00 ns, 1.5048 ms/op
WorkloadResult  43: 512 op, 801954329.00 ns, 1.5663 ms/op
WorkloadResult  44: 512 op, 741882860.00 ns, 1.4490 ms/op
WorkloadResult  45: 512 op, 738000105.00 ns, 1.4414 ms/op
WorkloadResult  46: 512 op, 729307920.00 ns, 1.4244 ms/op
WorkloadResult  47: 512 op, 743019467.00 ns, 1.4512 ms/op
WorkloadResult  48: 512 op, 741857522.00 ns, 1.4489 ms/op
WorkloadResult  49: 512 op, 758526420.00 ns, 1.4815 ms/op
WorkloadResult  50: 512 op, 814711178.00 ns, 1.5912 ms/op
WorkloadResult  51: 512 op, 785218874.00 ns, 1.5336 ms/op
WorkloadResult  52: 512 op, 703236918.00 ns, 1.3735 ms/op
WorkloadResult  53: 512 op, 787754299.00 ns, 1.5386 ms/op
WorkloadResult  54: 512 op, 748713049.00 ns, 1.4623 ms/op
WorkloadResult  55: 512 op, 764625980.00 ns, 1.4934 ms/op
WorkloadResult  56: 512 op, 780521929.00 ns, 1.5245 ms/op
WorkloadResult  57: 512 op, 747417568.00 ns, 1.4598 ms/op
// GC:  39 39 39 708298336 512
// Threading:  0 0 512

// AfterAll
// Benchmark Process 1099377 has exited with code 0.

Mean = 1.496 ms, StdErr = 0.009 ms (0.57%), N = 57, StdDev = 0.064 ms
Min = 1.355 ms, Q1 = 1.451 ms, Median = 1.493 ms, Q3 = 1.535 ms, Max = 1.625 ms
IQR = 0.084 ms, LowerFence = 1.325 ms, UpperFence = 1.662 ms
ConfidenceInterval = [1.466 ms; 1.525 ms] (CI 99.9%), Margin = 0.030 ms (1.97% of Mean)
Skewness = 0.01, Kurtosis = 2.36, MValue = 2

// ** Remained 4 (8.0%) benchmark(s) to run. Estimated finish 2026-01-01 2:13 (0h 2m from now) **
// **************************
// Benchmark: Sorting.Sort_Original: DefaultJob [NumItems=10000, GraphType=Star]
// *** Execute ***
// Launch: 1 / 1
// Execute: dotnet NexusMods.Benchmarks-DefaultJob-1.dll --anonymousPipes 126 127 --benchmarkName "NexusMods.Benchmarks.Benchmarks.Sorting.Sort_Original(NumItems: 10000, GraphType: Star)" --job Default --benchmarkId 46 in /home/ryang/nexus-app/benchmarks/NexusMods.Benchmarks/bin/Release/net9.0/NexusMods.Benchmarks-DefaultJob-1/bin/Release/net9.0
// Failed to set up high priority (Permission denied). In order to run benchmarks with high priority, make sure you have the right permissions.
// BeforeAnythingElse

// Benchmark Process Environment Information:
// BenchmarkDotNet v0.15.2
// Runtime=.NET 9.0.11 (9.0.1125.51716), X64 RyuJIT AVX-512F+CD+BW+DQ+VL+VBMI
// GC=Concurrent Workstation
// HardwareIntrinsics=AVX-512F+CD+BW+DQ+VL+VBMI,AES,BMI1,BMI2,FMA,LZCNT,PCLMUL,POPCNT,AvxVnni VectorSize=256
// Job: DefaultJob

OverheadJitting  1: 1 op, 197829.00 ns, 197.8290 us/op
WorkloadJitting  1: 1 op, 432847253.00 ns, 432.8473 ms/op

OverheadJitting  2: 1 op, 421.00 ns, 421.0000 ns/op
WorkloadJitting  2: 1 op, 326350855.00 ns, 326.3509 ms/op

WorkloadPilot    1: 2 op, 647241272.00 ns, 323.6206 ms/op

OverheadWarmup   1: 2 op, 541.00 ns, 270.5000 ns/op
OverheadWarmup   2: 2 op, 471.00 ns, 235.5000 ns/op
OverheadWarmup   3: 2 op, 350.00 ns, 175.0000 ns/op
OverheadWarmup   4: 2 op, 471.00 ns, 235.5000 ns/op
OverheadWarmup   5: 2 op, 270.00 ns, 135.0000 ns/op
OverheadWarmup   6: 2 op, 251.00 ns, 125.5000 ns/op
OverheadWarmup   7: 2 op, 261.00 ns, 130.5000 ns/op
OverheadWarmup   8: 2 op, 501.00 ns, 250.5000 ns/op
OverheadWarmup   9: 2 op, 651.00 ns, 325.5000 ns/op
OverheadWarmup  10: 2 op, 270.00 ns, 135.0000 ns/op

// BeforeActualRun
WorkloadActual   1: 2 op, 635807128.00 ns, 317.9036 ms/op
WorkloadActual   2: 2 op, 605844433.00 ns, 302.9222 ms/op
WorkloadActual   3: 2 op, 588848948.00 ns, 294.4245 ms/op
WorkloadActual   4: 2 op, 638688867.00 ns, 319.3444 ms/op
WorkloadActual   5: 2 op, 633450085.00 ns, 316.7250 ms/op
WorkloadActual   6: 2 op, 660807161.00 ns, 330.4036 ms/op
WorkloadActual   7: 2 op, 665253505.00 ns, 332.6268 ms/op
WorkloadActual   8: 2 op, 605641584.00 ns, 302.8208 ms/op
WorkloadActual   9: 2 op, 612466043.00 ns, 306.2330 ms/op
WorkloadActual  10: 2 op, 634718103.00 ns, 317.3591 ms/op
WorkloadActual  11: 2 op, 642679488.00 ns, 321.3397 ms/op
WorkloadActual  12: 2 op, 609886052.00 ns, 304.9430 ms/op
WorkloadActual  13: 2 op, 603462361.00 ns, 301.7312 ms/op
WorkloadActual  14: 2 op, 616295846.00 ns, 308.1479 ms/op
WorkloadActual  15: 2 op, 619910518.00 ns, 309.9553 ms/op
WorkloadActual  16: 2 op, 659848094.00 ns, 329.9240 ms/op
WorkloadActual  17: 2 op, 650556772.00 ns, 325.2784 ms/op
WorkloadActual  18: 2 op, 617128191.00 ns, 308.5641 ms/op
WorkloadActual  19: 2 op, 617663345.00 ns, 308.8317 ms/op
WorkloadActual  20: 2 op, 617338382.00 ns, 308.6692 ms/op
WorkloadActual  21: 2 op, 625206630.00 ns, 312.6033 ms/op
WorkloadActual  22: 2 op, 624266269.00 ns, 312.1331 ms/op
WorkloadActual  23: 2 op, 618199712.00 ns, 309.0999 ms/op
WorkloadActual  24: 2 op, 612873684.00 ns, 306.4368 ms/op
WorkloadActual  25: 2 op, 622963395.00 ns, 311.4817 ms/op
WorkloadActual  26: 2 op, 644981206.00 ns, 322.4906 ms/op
WorkloadActual  27: 2 op, 622308911.00 ns, 311.1545 ms/op
WorkloadActual  28: 2 op, 637713048.00 ns, 318.8565 ms/op
WorkloadActual  29: 2 op, 620485780.00 ns, 310.2429 ms/op
WorkloadActual  30: 2 op, 627398036.00 ns, 313.6990 ms/op

// AfterActualRun
WorkloadResult   1: 2 op, 635807128.00 ns, 317.9036 ms/op
WorkloadResult   2: 2 op, 605844433.00 ns, 302.9222 ms/op
WorkloadResult   3: 2 op, 588848948.00 ns, 294.4245 ms/op
WorkloadResult   4: 2 op, 638688867.00 ns, 319.3444 ms/op
WorkloadResult   5: 2 op, 633450085.00 ns, 316.7250 ms/op
WorkloadResult   6: 2 op, 660807161.00 ns, 330.4036 ms/op
WorkloadResult   7: 2 op, 665253505.00 ns, 332.6268 ms/op
WorkloadResult   8: 2 op, 605641584.00 ns, 302.8208 ms/op
WorkloadResult   9: 2 op, 612466043.00 ns, 306.2330 ms/op
WorkloadResult  10: 2 op, 634718103.00 ns, 317.3591 ms/op
WorkloadResult  11: 2 op, 642679488.00 ns, 321.3397 ms/op
WorkloadResult  12: 2 op, 609886052.00 ns, 304.9430 ms/op
WorkloadResult  13: 2 op, 603462361.00 ns, 301.7312 ms/op
WorkloadResult  14: 2 op, 616295846.00 ns, 308.1479 ms/op
WorkloadResult  15: 2 op, 619910518.00 ns, 309.9553 ms/op
WorkloadResult  16: 2 op, 659848094.00 ns, 329.9240 ms/op
WorkloadResult  17: 2 op, 650556772.00 ns, 325.2784 ms/op
WorkloadResult  18: 2 op, 617128191.00 ns, 308.5641 ms/op
WorkloadResult  19: 2 op, 617663345.00 ns, 308.8317 ms/op
WorkloadResult  20: 2 op, 617338382.00 ns, 308.6692 ms/op
WorkloadResult  21: 2 op, 625206630.00 ns, 312.6033 ms/op
WorkloadResult  22: 2 op, 624266269.00 ns, 312.1331 ms/op
WorkloadResult  23: 2 op, 618199712.00 ns, 309.0999 ms/op
WorkloadResult  24: 2 op, 612873684.00 ns, 306.4368 ms/op
WorkloadResult  25: 2 op, 622963395.00 ns, 311.4817 ms/op
WorkloadResult  26: 2 op, 644981206.00 ns, 322.4906 ms/op
WorkloadResult  27: 2 op, 622308911.00 ns, 311.1545 ms/op
WorkloadResult  28: 2 op, 637713048.00 ns, 318.8565 ms/op
WorkloadResult  29: 2 op, 620485780.00 ns, 310.2429 ms/op
WorkloadResult  30: 2 op, 627398036.00 ns, 313.6990 ms/op
// GC:  0 0 0 5971696 2
// Threading:  64 13 2

// AfterAll
// Benchmark Process 1099600 has exited with code 0.

Mean = 313.212 ms, StdErr = 1.649 ms (0.53%), N = 30, StdDev = 9.030 ms
Min = 294.424 ms, Q1 = 308.252 ms, Median = 311.318 ms, Q3 = 318.618 ms, Max = 332.627 ms
IQR = 10.366 ms, LowerFence = 292.702 ms, UpperFence = 334.168 ms
ConfidenceInterval = [307.179 ms; 319.244 ms] (CI 99.9%), Margin = 6.033 ms (1.93% of Mean)
Skewness = 0.39, Kurtosis = 2.61, MValue = 2

// ** Remained 3 (6.0%) benchmark(s) to run. Estimated finish 2026-01-01 2:12 (0h 1m from now) **
// **************************
// Benchmark: Sorting.Sort_Kahn: DefaultJob [NumItems=10000, GraphType=Star]
// *** Execute ***
// Launch: 1 / 1
// Execute: dotnet NexusMods.Benchmarks-DefaultJob-1.dll --anonymousPipes 126 127 --benchmarkName "NexusMods.Benchmarks.Benchmarks.Sorting.Sort_Kahn(NumItems: 10000, GraphType: Star)" --job Default --benchmarkId 47 in /home/ryang/nexus-app/benchmarks/NexusMods.Benchmarks/bin/Release/net9.0/NexusMods.Benchmarks-DefaultJob-1/bin/Release/net9.0
// Failed to set up high priority (Permission denied). In order to run benchmarks with high priority, make sure you have the right permissions.
// BeforeAnythingElse

// Benchmark Process Environment Information:
// BenchmarkDotNet v0.15.2
// Runtime=.NET 9.0.11 (9.0.1125.51716), X64 RyuJIT AVX-512F+CD+BW+DQ+VL+VBMI
// GC=Concurrent Workstation
// HardwareIntrinsics=AVX-512F+CD+BW+DQ+VL+VBMI,AES,BMI1,BMI2,FMA,LZCNT,PCLMUL,POPCNT,AvxVnni VectorSize=256
// Job: DefaultJob

OverheadJitting  1: 1 op, 191597.00 ns, 191.5970 us/op
WorkloadJitting  1: 1 op, 7276223.00 ns, 7.2762 ms/op

OverheadJitting  2: 16 op, 478737.00 ns, 29.9211 us/op
WorkloadJitting  2: 16 op, 20051496.00 ns, 1.2532 ms/op

WorkloadPilot    1: 16 op, 17179337.00 ns, 1.0737 ms/op
WorkloadPilot    2: 32 op, 32724153.00 ns, 1.0226 ms/op
WorkloadPilot    3: 64 op, 62350113.00 ns, 974.2205 us/op
WorkloadPilot    4: 128 op, 134140514.00 ns, 1.0480 ms/op
WorkloadPilot    5: 256 op, 235969044.00 ns, 921.7541 us/op
WorkloadPilot    6: 512 op, 434720019.00 ns, 849.0625 us/op
WorkloadPilot    7: 1024 op, 881475606.00 ns, 860.8160 us/op

OverheadWarmup   1: 1024 op, 5982.00 ns, 5.8418 ns/op
OverheadWarmup   2: 1024 op, 4148.00 ns, 4.0508 ns/op
OverheadWarmup   3: 1024 op, 4128.00 ns, 4.0313 ns/op
OverheadWarmup   4: 1024 op, 4048.00 ns, 3.9531 ns/op
OverheadWarmup   5: 1024 op, 4068.00 ns, 3.9727 ns/op
OverheadWarmup   6: 1024 op, 3947.00 ns, 3.8545 ns/op
OverheadWarmup   7: 1024 op, 3977.00 ns, 3.8838 ns/op
OverheadWarmup   8: 1024 op, 3697.00 ns, 3.6104 ns/op

OverheadActual   1: 1024 op, 3697.00 ns, 3.6104 ns/op
OverheadActual   2: 1024 op, 3758.00 ns, 3.6699 ns/op
OverheadActual   3: 1024 op, 3787.00 ns, 3.6982 ns/op
OverheadActual   4: 1024 op, 3947.00 ns, 3.8545 ns/op
OverheadActual   5: 1024 op, 4008.00 ns, 3.9141 ns/op
OverheadActual   6: 1024 op, 3697.00 ns, 3.6104 ns/op
OverheadActual   7: 1024 op, 3877.00 ns, 3.7861 ns/op
OverheadActual   8: 1024 op, 3877.00 ns, 3.7861 ns/op
OverheadActual   9: 1024 op, 3887.00 ns, 3.7959 ns/op
OverheadActual  10: 1024 op, 4027.00 ns, 3.9326 ns/op
OverheadActual  11: 1024 op, 3817.00 ns, 3.7275 ns/op
OverheadActual  12: 1024 op, 3888.00 ns, 3.7969 ns/op
OverheadActual  13: 1024 op, 3878.00 ns, 3.7871 ns/op
OverheadActual  14: 1024 op, 3817.00 ns, 3.7275 ns/op
OverheadActual  15: 1024 op, 3797.00 ns, 3.7080 ns/op

OverheadWarmup   1: 1024 op, 3757.00 ns, 3.6689 ns/op
OverheadWarmup   2: 1024 op, 3657.00 ns, 3.5713 ns/op
OverheadWarmup   3: 1024 op, 3968.00 ns, 3.8750 ns/op
OverheadWarmup   4: 1024 op, 2515.00 ns, 2.4561 ns/op
OverheadWarmup   5: 1024 op, 3837.00 ns, 3.7471 ns/op
OverheadWarmup   6: 1024 op, 3727.00 ns, 3.6396 ns/op

// BeforeActualRun
WorkloadActual   1: 1024 op, 904730777.00 ns, 883.5261 us/op
WorkloadActual   2: 1024 op, 916465949.00 ns, 894.9863 us/op
WorkloadActual   3: 1024 op, 965466961.00 ns, 942.8388 us/op
WorkloadActual   4: 1024 op, 918345959.00 ns, 896.8222 us/op
WorkloadActual   5: 1024 op, 934955113.00 ns, 913.0421 us/op
WorkloadActual   6: 1024 op, 892214480.00 ns, 871.3032 us/op
WorkloadActual   7: 1024 op, 954480914.00 ns, 932.1103 us/op
WorkloadActual   8: 1024 op, 897489011.00 ns, 876.4541 us/op
WorkloadActual   9: 1024 op, 915736052.00 ns, 894.2735 us/op
WorkloadActual  10: 1024 op, 951742510.00 ns, 929.4360 us/op
WorkloadActual  11: 1024 op, 952539035.00 ns, 930.2139 us/op
WorkloadActual  12: 1024 op, 911932739.00 ns, 890.5593 us/op
WorkloadActual  13: 1024 op, 949964726.00 ns, 927.6999 us/op
WorkloadActual  14: 1024 op, 980079603.00 ns, 957.1090 us/op
WorkloadActual  15: 1024 op, 940447201.00 ns, 918.4055 us/op
WorkloadActual  16: 1024 op, 945886697.00 ns, 923.7175 us/op
WorkloadActual  17: 1024 op, 902339309.00 ns, 881.1907 us/op
WorkloadActual  18: 1024 op, 946657834.00 ns, 924.4705 us/op
WorkloadActual  19: 1024 op, 912986598.00 ns, 891.5885 us/op
WorkloadActual  20: 1024 op, 969040354.00 ns, 946.3285 us/op
WorkloadActual  21: 1024 op, 921121815.00 ns, 899.5330 us/op
WorkloadActual  22: 1024 op, 925131984.00 ns, 903.4492 us/op
WorkloadActual  23: 1024 op, 942315850.00 ns, 920.2303 us/op
WorkloadActual  24: 1024 op, 947544172.00 ns, 925.3361 us/op

// AfterActualRun
WorkloadResult   1: 1024 op, 904726900.00 ns, 883.5224 us/op
WorkloadResult   2: 1024 op, 916462072.00 ns, 894.9825 us/op
WorkloadResult   3: 1024 op, 965463084.00 ns, 942.8350 us/op
WorkloadResult   4: 1024 op, 918342082.00 ns, 896.8184 us/op
WorkloadResult   5: 1024 op, 934951236.00 ns, 913.0383 us/op
WorkloadResult   6: 1024 op, 892210603.00 ns, 871.2994 us/op
WorkloadResult   7: 1024 op, 954477037.00 ns, 932.1065 us/op
WorkloadResult   8: 1024 op, 897485134.00 ns, 876.4503 us/op
WorkloadResult   9: 1024 op, 915732175.00 ns, 894.2697 us/op
WorkloadResult  10: 1024 op, 951738633.00 ns, 929.4323 us/op
WorkloadResult  11: 1024 op, 952535158.00 ns, 930.2101 us/op
WorkloadResult  12: 1024 op, 911928862.00 ns, 890.5555 us/op
WorkloadResult  13: 1024 op, 949960849.00 ns, 927.6961 us/op
WorkloadResult  14: 1024 op, 980075726.00 ns, 957.1052 us/op
WorkloadResult  15: 1024 op, 940443324.00 ns, 918.4017 us/op
WorkloadResult  16: 1024 op, 945882820.00 ns, 923.7137 us/op
WorkloadResult  17: 1024 op, 902335432.00 ns, 881.1869 us/op
WorkloadResult  18: 1024 op, 946653957.00 ns, 924.4668 us/op
WorkloadResult  19: 1024 op, 912982721.00 ns, 891.5847 us/op
WorkloadResult  20: 1024 op, 969036477.00 ns, 946.3247 us/op
WorkloadResult  21: 1024 op, 921117938.00 ns, 899.5292 us/op
WorkloadResult  22: 1024 op, 925128107.00 ns, 903.4454 us/op
WorkloadResult  23: 1024 op, 942311973.00 ns, 920.2265 us/op
WorkloadResult  24: 1024 op, 947540295.00 ns, 925.3323 us/op
// GC:  78 78 78 1276038336 1024
// Threading:  0 0 1024

// AfterAll
// Benchmark Process 1099729 has exited with code 0.

Mean = 911.439 μs, StdErr = 4.786 μs (0.53%), N = 24, StdDev = 23.445 μs
Min = 871.299 μs, Q1 = 893.598 μs, Median = 915.720 μs, Q3 = 928.130 μs, Max = 957.105 μs
IQR = 34.532 μs, LowerFence = 841.801 μs, UpperFence = 979.928 μs
ConfidenceInterval = [893.408 μs; 929.470 μs] (CI 99.9%), Margin = 18.031 μs (1.98% of Mean)
Skewness = 0.04, Kurtosis = 1.86, MValue = 2

// ** Remained 2 (4.0%) benchmark(s) to run. Estimated finish 2026-01-01 2:12 (0h 1m from now) **
// **************************
// Benchmark: Sorting.Sort_Original: DefaultJob [NumItems=10000, GraphType=Independent]
// *** Execute ***
// Launch: 1 / 1
// Execute: dotnet NexusMods.Benchmarks-DefaultJob-1.dll --anonymousPipes 126 127 --benchmarkName "NexusMods.Benchmarks.Benchmarks.Sorting.Sort_Original(NumItems: 10000, GraphType: Independent)" --job Default --benchmarkId 48 in /home/ryang/nexus-app/benchmarks/NexusMods.Benchmarks/bin/Release/net9.0/NexusMods.Benchmarks-DefaultJob-1/bin/Release/net9.0
// Failed to set up high priority (Permission denied). In order to run benchmarks with high priority, make sure you have the right permissions.
// BeforeAnythingElse

// Benchmark Process Environment Information:
// BenchmarkDotNet v0.15.2
// Runtime=.NET 9.0.11 (9.0.1125.51716), X64 RyuJIT AVX-512F+CD+BW+DQ+VL+VBMI
// GC=Concurrent Workstation
// HardwareIntrinsics=AVX-512F+CD+BW+DQ+VL+VBMI,AES,BMI1,BMI2,FMA,LZCNT,PCLMUL,POPCNT,AvxVnni VectorSize=256
// Job: DefaultJob

OverheadJitting  1: 1 op, 230081.00 ns, 230.0810 us/op
WorkloadJitting  1: 1 op, 201721354.00 ns, 201.7214 ms/op

WorkloadPilot    1: 2 op, 379485934.00 ns, 189.7430 ms/op
WorkloadPilot    2: 3 op, 548857110.00 ns, 182.9524 ms/op

OverheadWarmup   1: 3 op, 771.00 ns, 257.0000 ns/op
OverheadWarmup   2: 3 op, 541.00 ns, 180.3333 ns/op
OverheadWarmup   3: 3 op, 360.00 ns, 120.0000 ns/op
OverheadWarmup   4: 3 op, 331.00 ns, 110.3333 ns/op
OverheadWarmup   5: 3 op, 331.00 ns, 110.3333 ns/op
OverheadWarmup   6: 3 op, 471.00 ns, 157.0000 ns/op
OverheadWarmup   7: 3 op, 260.00 ns, 86.6667 ns/op
OverheadWarmup   8: 3 op, 291.00 ns, 97.0000 ns/op

// BeforeActualRun
WorkloadActual   1: 3 op, 494137258.00 ns, 164.7124 ms/op
WorkloadActual   2: 3 op, 478752408.00 ns, 159.5841 ms/op
WorkloadActual   3: 3 op, 461869930.00 ns, 153.9566 ms/op
WorkloadActual   4: 3 op, 478185041.00 ns, 159.3950 ms/op
WorkloadActual   5: 3 op, 477172352.00 ns, 159.0575 ms/op
WorkloadActual   6: 3 op, 476148111.00 ns, 158.7160 ms/op
WorkloadActual   7: 3 op, 476171085.00 ns, 158.7237 ms/op
WorkloadActual   8: 3 op, 476477061.00 ns, 158.8257 ms/op
WorkloadActual   9: 3 op, 518544616.00 ns, 172.8482 ms/op
WorkloadActual  10: 3 op, 460966860.00 ns, 153.6556 ms/op
WorkloadActual  11: 3 op, 462529082.00 ns, 154.1764 ms/op
WorkloadActual  12: 3 op, 508330637.00 ns, 169.4435 ms/op
WorkloadActual  13: 3 op, 516173646.00 ns, 172.0579 ms/op
WorkloadActual  14: 3 op, 490910570.00 ns, 163.6369 ms/op
WorkloadActual  15: 3 op, 465234292.00 ns, 155.0781 ms/op
WorkloadActual  16: 3 op, 488749582.00 ns, 162.9165 ms/op
WorkloadActual  17: 3 op, 482923244.00 ns, 160.9744 ms/op
WorkloadActual  18: 3 op, 487086376.00 ns, 162.3621 ms/op
WorkloadActual  19: 3 op, 476256368.00 ns, 158.7521 ms/op
WorkloadActual  20: 3 op, 468207356.00 ns, 156.0691 ms/op
WorkloadActual  21: 3 op, 454876037.00 ns, 151.6253 ms/op
WorkloadActual  22: 3 op, 497491081.00 ns, 165.8304 ms/op
WorkloadActual  23: 3 op, 492999750.00 ns, 164.3333 ms/op
WorkloadActual  24: 3 op, 507164875.00 ns, 169.0550 ms/op
WorkloadActual  25: 3 op, 505714678.00 ns, 168.5716 ms/op
WorkloadActual  26: 3 op, 467935244.00 ns, 155.9784 ms/op
WorkloadActual  27: 3 op, 472456292.00 ns, 157.4854 ms/op
WorkloadActual  28: 3 op, 458434822.00 ns, 152.8116 ms/op
WorkloadActual  29: 3 op, 478467242.00 ns, 159.4891 ms/op
WorkloadActual  30: 3 op, 475883915.00 ns, 158.6280 ms/op
WorkloadActual  31: 3 op, 477387094.00 ns, 159.1290 ms/op
WorkloadActual  32: 3 op, 486128563.00 ns, 162.0429 ms/op
WorkloadActual  33: 3 op, 487090766.00 ns, 162.3636 ms/op
WorkloadActual  34: 3 op, 451853650.00 ns, 150.6179 ms/op
WorkloadActual  35: 3 op, 485420326.00 ns, 161.8068 ms/op
WorkloadActual  36: 3 op, 470481721.00 ns, 156.8272 ms/op
WorkloadActual  37: 3 op, 523647518.00 ns, 174.5492 ms/op
WorkloadActual  38: 3 op, 493372955.00 ns, 164.4577 ms/op
WorkloadActual  39: 3 op, 489590522.00 ns, 163.1968 ms/op
WorkloadActual  40: 3 op, 443808255.00 ns, 147.9361 ms/op
WorkloadActual  41: 3 op, 463278087.00 ns, 154.4260 ms/op
WorkloadActual  42: 3 op, 457516625.00 ns, 152.5055 ms/op
WorkloadActual  43: 3 op, 461103953.00 ns, 153.7013 ms/op
WorkloadActual  44: 3 op, 466217265.00 ns, 155.4058 ms/op
WorkloadActual  45: 3 op, 475031674.00 ns, 158.3439 ms/op

// AfterActualRun
WorkloadResult   1: 3 op, 494137258.00 ns, 164.7124 ms/op
WorkloadResult   2: 3 op, 478752408.00 ns, 159.5841 ms/op
WorkloadResult   3: 3 op, 461869930.00 ns, 153.9566 ms/op
WorkloadResult   4: 3 op, 478185041.00 ns, 159.3950 ms/op
WorkloadResult   5: 3 op, 477172352.00 ns, 159.0575 ms/op
WorkloadResult   6: 3 op, 476148111.00 ns, 158.7160 ms/op
WorkloadResult   7: 3 op, 476171085.00 ns, 158.7237 ms/op
WorkloadResult   8: 3 op, 476477061.00 ns, 158.8257 ms/op
WorkloadResult   9: 3 op, 518544616.00 ns, 172.8482 ms/op
WorkloadResult  10: 3 op, 460966860.00 ns, 153.6556 ms/op
WorkloadResult  11: 3 op, 462529082.00 ns, 154.1764 ms/op
WorkloadResult  12: 3 op, 508330637.00 ns, 169.4435 ms/op
WorkloadResult  13: 3 op, 516173646.00 ns, 172.0579 ms/op
WorkloadResult  14: 3 op, 490910570.00 ns, 163.6369 ms/op
WorkloadResult  15: 3 op, 465234292.00 ns, 155.0781 ms/op
WorkloadResult  16: 3 op, 488749582.00 ns, 162.9165 ms/op
WorkloadResult  17: 3 op, 482923244.00 ns, 160.9744 ms/op
WorkloadResult  18: 3 op, 487086376.00 ns, 162.3621 ms/op
WorkloadResult  19: 3 op, 476256368.00 ns, 158.7521 ms/op
WorkloadResult  20: 3 op, 468207356.00 ns, 156.0691 ms/op
WorkloadResult  21: 3 op, 454876037.00 ns, 151.6253 ms/op
WorkloadResult  22: 3 op, 497491081.00 ns, 165.8304 ms/op
WorkloadResult  23: 3 op, 492999750.00 ns, 164.3333 ms/op
WorkloadResult  24: 3 op, 507164875.00 ns, 169.0550 ms/op
WorkloadResult  25: 3 op, 505714678.00 ns, 168.5716 ms/op
WorkloadResult  26: 3 op, 467935244.00 ns, 155.9784 ms/op
WorkloadResult  27: 3 op, 472456292.00 ns, 157.4854 ms/op
WorkloadResult  28: 3 op, 458434822.00 ns, 152.8116 ms/op
WorkloadResult  29: 3 op, 478467242.00 ns, 159.4891 ms/op
WorkloadResult  30: 3 op, 475883915.00 ns, 158.6280 ms/op
WorkloadResult  31: 3 op, 477387094.00 ns, 159.1290 ms/op
WorkloadResult  32: 3 op, 486128563.00 ns, 162.0429 ms/op
WorkloadResult  33: 3 op, 487090766.00 ns, 162.3636 ms/op
WorkloadResult  34: 3 op, 451853650.00 ns, 150.6179 ms/op
WorkloadResult  35: 3 op, 485420326.00 ns, 161.8068 ms/op
WorkloadResult  36: 3 op, 470481721.00 ns, 156.8272 ms/op
WorkloadResult  37: 3 op, 523647518.00 ns, 174.5492 ms/op
WorkloadResult  38: 3 op, 493372955.00 ns, 164.4577 ms/op
WorkloadResult  39: 3 op, 489590522.00 ns, 163.1968 ms/op
WorkloadResult  40: 3 op, 443808255.00 ns, 147.9361 ms/op
WorkloadResult  41: 3 op, 463278087.00 ns, 154.4260 ms/op
WorkloadResult  42: 3 op, 457516625.00 ns, 152.5055 ms/op
WorkloadResult  43: 3 op, 461103953.00 ns, 153.7013 ms/op
WorkloadResult  44: 3 op, 466217265.00 ns, 155.4058 ms/op
WorkloadResult  45: 3 op, 475031674.00 ns, 158.3439 ms/op
// GC:  0 0 0 7991872 3
// Threading:  102 10 3

// AfterAll
// Benchmark Process 1099842 has exited with code 0.

Mean = 159.912 ms, StdErr = 0.902 ms (0.56%), N = 45, StdDev = 6.054 ms
Min = 147.936 ms, Q1 = 155.406 ms, Median = 159.057 ms, Q3 = 163.197 ms, Max = 174.549 ms
IQR = 7.791 ms, LowerFence = 143.719 ms, UpperFence = 174.883 ms
ConfidenceInterval = [156.731 ms; 163.094 ms] (CI 99.9%), Margin = 3.182 ms (1.99% of Mean)
Skewness = 0.48, Kurtosis = 2.74, MValue = 2

// ** Remained 1 (2.0%) benchmark(s) to run. Estimated finish 2026-01-01 2:12 (0h 0m from now) **
// **************************
// Benchmark: Sorting.Sort_Kahn: DefaultJob [NumItems=10000, GraphType=Independent]
// *** Execute ***
// Launch: 1 / 1
// Execute: dotnet NexusMods.Benchmarks-DefaultJob-1.dll --anonymousPipes 126 127 --benchmarkName "NexusMods.Benchmarks.Benchmarks.Sorting.Sort_Kahn(NumItems: 10000, GraphType: Independent)" --job Default --benchmarkId 49 in /home/ryang/nexus-app/benchmarks/NexusMods.Benchmarks/bin/Release/net9.0/NexusMods.Benchmarks-DefaultJob-1/bin/Release/net9.0
// Failed to set up high priority (Permission denied). In order to run benchmarks with high priority, make sure you have the right permissions.
// BeforeAnythingElse

// Benchmark Process Environment Information:
// BenchmarkDotNet v0.15.2
// Runtime=.NET 9.0.11 (9.0.1125.51716), X64 RyuJIT AVX-512F+CD+BW+DQ+VL+VBMI
// GC=Concurrent Workstation
// HardwareIntrinsics=AVX-512F+CD+BW+DQ+VL+VBMI,AES,BMI1,BMI2,FMA,LZCNT,PCLMUL,POPCNT,AvxVnni VectorSize=256
// Job: DefaultJob

OverheadJitting  1: 1 op, 196687.00 ns, 196.6870 us/op
WorkloadJitting  1: 1 op, 6678389.00 ns, 6.6784 ms/op

OverheadJitting  2: 16 op, 370319.00 ns, 23.1449 us/op
WorkloadJitting  2: 16 op, 11702318.00 ns, 731.3949 us/op

WorkloadPilot    1: 16 op, 10843083.00 ns, 677.6927 us/op
WorkloadPilot    2: 32 op, 20349026.00 ns, 635.9071 us/op
WorkloadPilot    3: 64 op, 35638775.00 ns, 556.8559 us/op
WorkloadPilot    4: 128 op, 70988966.00 ns, 554.6013 us/op
WorkloadPilot    5: 256 op, 133642010.00 ns, 522.0391 us/op
WorkloadPilot    6: 512 op, 255751896.00 ns, 499.5154 us/op
WorkloadPilot    7: 1024 op, 503332026.00 ns, 491.5352 us/op

OverheadWarmup   1: 1024 op, 5600.00 ns, 5.4688 ns/op
OverheadWarmup   2: 1024 op, 4148.00 ns, 4.0508 ns/op
OverheadWarmup   3: 1024 op, 4058.00 ns, 3.9629 ns/op
OverheadWarmup   4: 1024 op, 3987.00 ns, 3.8936 ns/op
OverheadWarmup   5: 1024 op, 2455.00 ns, 2.3975 ns/op
OverheadWarmup   6: 1024 op, 2325.00 ns, 2.2705 ns/op
OverheadWarmup   7: 1024 op, 3707.00 ns, 3.6201 ns/op
OverheadWarmup   8: 1024 op, 4037.00 ns, 3.9424 ns/op
OverheadWarmup   9: 1024 op, 4008.00 ns, 3.9141 ns/op
OverheadWarmup  10: 1024 op, 2725.00 ns, 2.6611 ns/op

OverheadActual   1: 1024 op, 4018.00 ns, 3.9238 ns/op
OverheadActual   2: 1024 op, 2575.00 ns, 2.5146 ns/op
OverheadActual   3: 1024 op, 3947.00 ns, 3.8545 ns/op
OverheadActual   4: 1024 op, 3807.00 ns, 3.7178 ns/op
OverheadActual   5: 1024 op, 4108.00 ns, 4.0117 ns/op
OverheadActual   6: 1024 op, 3908.00 ns, 3.8164 ns/op
OverheadActual   7: 1024 op, 2384.00 ns, 2.3281 ns/op
OverheadActual   8: 1024 op, 2615.00 ns, 2.5537 ns/op
OverheadActual   9: 1024 op, 2214.00 ns, 2.1621 ns/op
OverheadActual  10: 1024 op, 3988.00 ns, 3.8945 ns/op
OverheadActual  11: 1024 op, 2255.00 ns, 2.2021 ns/op
OverheadActual  12: 1024 op, 4048.00 ns, 3.9531 ns/op
OverheadActual  13: 1024 op, 2465.00 ns, 2.4072 ns/op
OverheadActual  14: 1024 op, 2474.00 ns, 2.4160 ns/op
OverheadActual  15: 1024 op, 3367.00 ns, 3.2881 ns/op
OverheadActual  16: 1024 op, 3848.00 ns, 3.7578 ns/op
OverheadActual  17: 1024 op, 7775.00 ns, 7.5928 ns/op
OverheadActual  18: 1024 op, 3647.00 ns, 3.5615 ns/op
OverheadActual  19: 1024 op, 3346.00 ns, 3.2676 ns/op
OverheadActual  20: 1024 op, 3306.00 ns, 3.2285 ns/op

OverheadWarmup   1: 1024 op, 3557.00 ns, 3.4736 ns/op
OverheadWarmup   2: 1024 op, 3386.00 ns, 3.3066 ns/op
OverheadWarmup   3: 1024 op, 3287.00 ns, 3.2100 ns/op
OverheadWarmup   4: 1024 op, 3297.00 ns, 3.2197 ns/op
OverheadWarmup   5: 1024 op, 3377.00 ns, 3.2979 ns/op
OverheadWarmup   6: 1024 op, 3266.00 ns, 3.1895 ns/op
OverheadWarmup   7: 1024 op, 3317.00 ns, 3.2393 ns/op
OverheadWarmup   8: 1024 op, 3276.00 ns, 3.1992 ns/op

// BeforeActualRun
WorkloadActual   1: 1024 op, 556159004.00 ns, 543.1240 us/op
WorkloadActual   2: 1024 op, 527838814.00 ns, 515.4676 us/op
WorkloadActual   3: 1024 op, 518816497.00 ns, 506.6567 us/op
WorkloadActual   4: 1024 op, 510942008.00 ns, 498.9668 us/op
WorkloadActual   5: 1024 op, 528139830.00 ns, 515.7616 us/op
WorkloadActual   6: 1024 op, 507789582.00 ns, 495.8883 us/op
WorkloadActual   7: 1024 op, 518873266.00 ns, 506.7122 us/op
WorkloadActual   8: 1024 op, 530161201.00 ns, 517.7355 us/op
WorkloadActual   9: 1024 op, 525784180.00 ns, 513.4611 us/op
WorkloadActual  10: 1024 op, 514007448.00 ns, 501.9604 us/op
WorkloadActual  11: 1024 op, 526955392.00 ns, 514.6049 us/op
WorkloadActual  12: 1024 op, 555817731.00 ns, 542.7908 us/op
WorkloadActual  13: 1024 op, 590058297.00 ns, 576.2288 us/op
WorkloadActual  14: 1024 op, 509164825.00 ns, 497.2313 us/op
WorkloadActual  15: 1024 op, 519654842.00 ns, 507.4754 us/op

// AfterActualRun
WorkloadResult   1: 1024 op, 527835307.00 ns, 515.4642 us/op
WorkloadResult   2: 1024 op, 518812990.00 ns, 506.6533 us/op
WorkloadResult   3: 1024 op, 510938501.00 ns, 498.9634 us/op
WorkloadResult   4: 1024 op, 528136323.00 ns, 515.7581 us/op
WorkloadResult   5: 1024 op, 507786075.00 ns, 495.8848 us/op
WorkloadResult   6: 1024 op, 518869759.00 ns, 506.7087 us/op
WorkloadResult   7: 1024 op, 530157694.00 ns, 517.7321 us/op
WorkloadResult   8: 1024 op, 525780673.00 ns, 513.4577 us/op
WorkloadResult   9: 1024 op, 514003941.00 ns, 501.9570 us/op
WorkloadResult  10: 1024 op, 526951885.00 ns, 514.6015 us/op
WorkloadResult  11: 1024 op, 509161318.00 ns, 497.2278 us/op
WorkloadResult  12: 1024 op, 519651335.00 ns, 507.4720 us/op
// GC:  78 78 78 1141517504 1024
// Threading:  0 0 1024

// AfterAll
// Benchmark Process 1099992 has exited with code 0.

Mean = 507.657 μs, StdErr = 2.248 μs (0.44%), N = 12, StdDev = 7.789 μs
Min = 495.885 μs, Q1 = 501.209 μs, Median = 507.090 μs, Q3 = 514.817 μs, Max = 517.732 μs
IQR = 13.609 μs, LowerFence = 480.796 μs, UpperFence = 535.230 μs
ConfidenceInterval = [497.680 μs; 517.633 μs] (CI 99.9%), Margin = 9.976 μs (1.97% of Mean)
Skewness = -0.19, Kurtosis = 1.35, MValue = 2

// ** Remained 0 (0.0%) benchmark(s) to run. Estimated finish 2026-01-01 2:11 (0h 0m from now) **
// ***** BenchmarkRunner: Finish  *****

// * Export *
  BenchmarkDotNet.Artifacts/results/NexusMods.Benchmarks.Benchmarks.Sorting-report.csv
  BenchmarkDotNet.Artifacts/results/NexusMods.Benchmarks.Benchmarks.Sorting-report-github.md
  BenchmarkDotNet.Artifacts/results/NexusMods.Benchmarks.Benchmarks.Sorting-report.html

// * Detailed results *
Sorting.Sort_Original: DefaultJob [NumItems=100, GraphType=Complex]
Runtime = .NET 9.0.11 (9.0.1125.51716), X64 RyuJIT AVX-512F+CD+BW+DQ+VL+VBMI; GC = Concurrent Workstation
Mean = 281.422 μs, StdErr = 6.269 μs (2.23%), N = 100, StdDev = 62.690 μs
Min = 167.220 μs, Q1 = 215.938 μs, Median = 306.467 μs, Q3 = 335.609 μs, Max = 388.611 μs
IQR = 119.671 μs, LowerFence = 36.432 μs, UpperFence = 515.115 μs
ConfidenceInterval = [260.160 μs; 302.684 μs] (CI 99.9%), Margin = 21.262 μs (7.56% of Mean)
Skewness = -0.25, Kurtosis = 1.58, MValue = 3.33
-------------------- Histogram --------------------
[149.493 μs ; 180.700 μs) | @
[180.700 μs ; 216.154 μs) | @@@@@@@@@@@@@@@@@@@@@@@@@
[216.154 μs ; 253.196 μs) | @@@@@@@@@@@@@
[253.196 μs ; 296.062 μs) | @@@@@@@@@@
[296.062 μs ; 342.570 μs) | @@@@@@@@@@@@@@@@@@@@@@@@@@@@@@@@
[342.570 μs ; 376.474 μs) | @@@@@@@@@@@@@@@@@@
[376.474 μs ; 406.338 μs) | @
---------------------------------------------------

Sorting.Sort_Kahn: DefaultJob [NumItems=100, GraphType=Complex]
Runtime = .NET 9.0.11 (9.0.1125.51716), X64 RyuJIT AVX-512F+CD+BW+DQ+VL+VBMI; GC = Concurrent Workstation
Mean = 8.652 μs, StdErr = 0.051 μs (0.58%), N = 93, StdDev = 0.488 μs
Min = 7.588 μs, Q1 = 8.290 μs, Median = 8.598 μs, Q3 = 9.044 μs, Max = 10.034 μs
IQR = 0.754 μs, LowerFence = 7.158 μs, UpperFence = 10.176 μs
ConfidenceInterval = [8.480 μs; 8.824 μs] (CI 99.9%), Margin = 0.172 μs (1.99% of Mean)
Skewness = 0.36, Kurtosis = 2.67, MValue = 2.08
-------------------- Histogram --------------------
[7.447 μs ;  7.699 μs) | @
[7.699 μs ;  7.953 μs) | @@@@
[7.953 μs ;  8.253 μs) | @@@@@@@@@@@@@@@
[8.253 μs ;  8.588 μs) | @@@@@@@@@@@@@@@@@@@@@@@@@@
[8.588 μs ;  8.895 μs) | @@@@@@@@@@@@@@@@@@
[8.895 μs ;  9.294 μs) | @@@@@@@@@@@@@@@@@@@
[9.294 μs ;  9.577 μs) | @@@@@@@
[9.577 μs ;  9.878 μs) | @@
[9.878 μs ; 10.175 μs) | @
---------------------------------------------------

Sorting.Sort_Original: DefaultJob [NumItems=100, GraphType=Random]
Runtime = .NET 9.0.11 (9.0.1125.51716), X64 RyuJIT AVX-512F+CD+BW+DQ+VL+VBMI; GC = Concurrent Workstation
Mean = 113.862 μs, StdErr = 0.815 μs (0.72%), N = 98, StdDev = 8.073 μs
Min = 96.793 μs, Q1 = 109.917 μs, Median = 113.573 μs, Q3 = 118.892 μs, Max = 131.260 μs
IQR = 8.975 μs, LowerFence = 96.455 μs, UpperFence = 132.354 μs
ConfidenceInterval = [111.095 μs; 116.630 μs] (CI 99.9%), Margin = 2.768 μs (2.43% of Mean)
Skewness = -0.13, Kurtosis = 2.76, MValue = 2.71
-------------------- Histogram --------------------
[ 96.696 μs ; 101.293 μs) | @@@@@@@@@@@
[101.293 μs ; 103.403 μs) | 
[103.403 μs ; 108.605 μs) | @@@@@@@@
[108.605 μs ; 113.202 μs) | @@@@@@@@@@@@@@@@@@@@@@@@@@@@@
[113.202 μs ; 119.628 μs) | @@@@@@@@@@@@@@@@@@@@@@@@@@@@@@@
[119.628 μs ; 125.531 μs) | @@@@@@@@@@@@
[125.531 μs ; 131.625 μs) | @@@@@@@
---------------------------------------------------

Sorting.Sort_Kahn: DefaultJob [NumItems=100, GraphType=Random]
Runtime = .NET 9.0.11 (9.0.1125.51716), X64 RyuJIT AVX-512F+CD+BW+DQ+VL+VBMI; GC = Concurrent Workstation
Mean = 6.318 μs, StdErr = 0.033 μs (0.52%), N = 46, StdDev = 0.222 μs
Min = 5.904 μs, Q1 = 6.178 μs, Median = 6.298 μs, Q3 = 6.469 μs, Max = 6.900 μs
IQR = 0.291 μs, LowerFence = 5.741 μs, UpperFence = 6.906 μs
ConfidenceInterval = [6.203 μs; 6.433 μs] (CI 99.9%), Margin = 0.115 μs (1.82% of Mean)
Skewness = 0.28, Kurtosis = 2.75, MValue = 2.35
-------------------- Histogram --------------------
[5.880 μs ; 6.050 μs) | @@@@@
[6.050 μs ; 6.213 μs) | @@@@@@@@@@
[6.213 μs ; 6.416 μs) | @@@@@@@@@@@@@@@@@
[6.416 μs ; 6.585 μs) | @@@@@@@@@@@
[6.585 μs ; 6.742 μs) | 
[6.742 μs ; 6.904 μs) | @@@
---------------------------------------------------

Sorting.Sort_Original: DefaultJob [NumItems=100, GraphType=Chain]
Runtime = .NET 9.0.11 (9.0.1125.51716), X64 RyuJIT AVX-512F+CD+BW+DQ+VL+VBMI; GC = Concurrent Workstation
Mean = 158.508 μs, StdErr = 0.999 μs (0.63%), N = 99, StdDev = 9.943 μs
Min = 141.429 μs, Q1 = 151.305 μs, Median = 156.255 μs, Q3 = 164.182 μs, Max = 185.059 μs
IQR = 12.877 μs, LowerFence = 131.988 μs, UpperFence = 183.498 μs
ConfidenceInterval = [155.118 μs; 161.898 μs] (CI 99.9%), Margin = 3.390 μs (2.14% of Mean)
Skewness = 0.72, Kurtosis = 2.99, MValue = 2.52
-------------------- Histogram --------------------
[138.608 μs ; 144.490 μs) | @@@
[144.490 μs ; 150.197 μs) | @@@@@@@@@@@@@@@
[150.197 μs ; 155.839 μs) | @@@@@@@@@@@@@@@@@@@@@@@@@@@@@@
[155.839 μs ; 161.752 μs) | @@@@@@@@@@@@@@@@@@@@@@
[161.752 μs ; 165.858 μs) | @@@@@
[165.858 μs ; 171.500 μs) | @@@@@@@@@@@@@
[171.500 μs ; 178.002 μs) | @@@@@@@
[178.002 μs ; 185.896 μs) | @@@@
---------------------------------------------------

Sorting.Sort_Kahn: DefaultJob [NumItems=100, GraphType=Chain]
Runtime = .NET 9.0.11 (9.0.1125.51716), X64 RyuJIT AVX-512F+CD+BW+DQ+VL+VBMI; GC = Concurrent Workstation
Mean = 6.429 μs, StdErr = 0.031 μs (0.47%), N = 28, StdDev = 0.162 μs
Min = 6.142 μs, Q1 = 6.308 μs, Median = 6.437 μs, Q3 = 6.500 μs, Max = 6.732 μs
IQR = 0.191 μs, LowerFence = 6.021 μs, UpperFence = 6.787 μs
ConfidenceInterval = [6.317 μs; 6.542 μs] (CI 99.9%), Margin = 0.113 μs (1.75% of Mean)
Skewness = 0.16, Kurtosis = 2.05, MValue = 2
-------------------- Histogram --------------------
[6.072 μs ; 6.329 μs) | @@@@@@@@@
[6.329 μs ; 6.519 μs) | @@@@@@@@@@@@@
[6.519 μs ; 6.755 μs) | @@@@@@
---------------------------------------------------

Sorting.Sort_Original: DefaultJob [NumItems=100, GraphType=Star]
Runtime = .NET 9.0.11 (9.0.1125.51716), X64 RyuJIT AVX-512F+CD+BW+DQ+VL+VBMI; GC = Concurrent Workstation
Mean = 76.173 μs, StdErr = 0.510 μs (0.67%), N = 99, StdDev = 5.079 μs
Min = 66.078 μs, Q1 = 72.281 μs, Median = 75.360 μs, Q3 = 79.654 μs, Max = 90.504 μs
IQR = 7.373 μs, LowerFence = 61.221 μs, UpperFence = 90.713 μs
ConfidenceInterval = [74.441 μs; 77.905 μs] (CI 99.9%), Margin = 1.732 μs (2.27% of Mean)
Skewness = 0.34, Kurtosis = 2.48, MValue = 2.08
-------------------- Histogram --------------------
[64.637 μs ; 66.890 μs) | @
[66.890 μs ; 69.584 μs) | @@@@@@@
[69.584 μs ; 72.738 μs) | @@@@@@@@@@@@@@@@@@@
[72.738 μs ; 75.620 μs) | @@@@@@@@@@@@@@@@@@@@@@@@@@
[75.620 μs ; 79.820 μs) | @@@@@@@@@@@@@@@@@@@@@@@@@
[79.820 μs ; 83.469 μs) | @@@@@@@@@@@@
[83.469 μs ; 86.837 μs) | @@@@@@@@
[86.837 μs ; 89.063 μs) | 
[89.063 μs ; 91.945 μs) | @
---------------------------------------------------

Sorting.Sort_Kahn: DefaultJob [NumItems=100, GraphType=Star]
Runtime = .NET 9.0.11 (9.0.1125.51716), X64 RyuJIT AVX-512F+CD+BW+DQ+VL+VBMI; GC = Concurrent Workstation
Mean = 6.115 μs, StdErr = 0.035 μs (0.57%), N = 60, StdDev = 0.272 μs
Min = 5.648 μs, Q1 = 5.945 μs, Median = 6.110 μs, Q3 = 6.301 μs, Max = 6.766 μs
IQR = 0.356 μs, LowerFence = 5.411 μs, UpperFence = 6.834 μs
ConfidenceInterval = [5.994 μs; 6.237 μs] (CI 99.9%), Margin = 0.122 μs (1.99% of Mean)
Skewness = 0.23, Kurtosis = 2.45, MValue = 2.89
-------------------- Histogram --------------------
[5.637 μs ; 5.820 μs) | @@@@@@@@@@@
[5.820 μs ; 5.957 μs) | @@@@@
[5.957 μs ; 6.140 μs) | @@@@@@@@@@@@@@@@@@
[6.140 μs ; 6.341 μs) | @@@@@@@@@@@@@
[6.341 μs ; 6.539 μs) | @@@@@@@@@@@
[6.539 μs ; 6.672 μs) | 
[6.672 μs ; 6.857 μs) | @@
---------------------------------------------------

Sorting.Sort_Original: DefaultJob [NumItems=100, GraphType=Independent]
Runtime = .NET 9.0.11 (9.0.1125.51716), X64 RyuJIT AVX-512F+CD+BW+DQ+VL+VBMI; GC = Concurrent Workstation
Mean = 49.181 μs, StdErr = 0.283 μs (0.58%), N = 69, StdDev = 2.350 μs
Min = 44.254 μs, Q1 = 47.722 μs, Median = 48.999 μs, Q3 = 50.492 μs, Max = 54.358 μs
IQR = 2.770 μs, LowerFence = 43.568 μs, UpperFence = 54.647 μs
ConfidenceInterval = [48.208 μs; 50.154 μs] (CI 99.9%), Margin = 0.973 μs (1.98% of Mean)
Skewness = 0.14, Kurtosis = 2.4, MValue = 2
-------------------- Histogram --------------------
[44.003 μs ; 45.917 μs) | @@@@@
[45.917 μs ; 47.574 μs) | @@@@@@@@@@@
[47.574 μs ; 49.077 μs) | @@@@@@@@@@@@@@@@@@@@
[49.077 μs ; 50.885 μs) | @@@@@@@@@@@@@@@@@@@
[50.885 μs ; 53.045 μs) | @@@@@@@@@@
[53.045 μs ; 54.597 μs) | @@@@
---------------------------------------------------

Sorting.Sort_Kahn: DefaultJob [NumItems=100, GraphType=Independent]
Runtime = .NET 9.0.11 (9.0.1125.51716), X64 RyuJIT AVX-512F+CD+BW+DQ+VL+VBMI; GC = Concurrent Workstation
Mean = 3.069 μs, StdErr = 0.017 μs (0.55%), N = 66, StdDev = 0.138 μs
Min = 2.795 μs, Q1 = 2.974 μs, Median = 3.065 μs, Q3 = 3.164 μs, Max = 3.386 μs
IQR = 0.190 μs, LowerFence = 2.690 μs, UpperFence = 3.449 μs
ConfidenceInterval = [3.010 μs; 3.127 μs] (CI 99.9%), Margin = 0.058 μs (1.90% of Mean)
Skewness = 0.13, Kurtosis = 2.49, MValue = 2
-------------------- Histogram --------------------
[2.793 μs ; 2.900 μs) | @@@@@@@
[2.900 μs ; 3.003 μs) | @@@@@@@@@@@@@
[3.003 μs ; 3.093 μs) | @@@@@@@@@@@@@@@@@@@@@@
[3.093 μs ; 3.209 μs) | @@@@@@@@@@@@@
[3.209 μs ; 3.328 μs) | @@@@@@@@@@
[3.328 μs ; 3.431 μs) | @
---------------------------------------------------

Sorting.Sort_Original: DefaultJob [NumItems=1000, GraphType=Complex]
Runtime = .NET 9.0.11 (9.0.1125.51716), X64 RyuJIT AVX-512F+CD+BW+DQ+VL+VBMI; GC = Concurrent Workstation
Mean = 11.412 ms, StdErr = 0.062 ms (0.54%), N = 47, StdDev = 0.426 ms
Min = 10.162 ms, Q1 = 11.167 ms, Median = 11.401 ms, Q3 = 11.647 ms, Max = 12.402 ms
IQR = 0.480 ms, LowerFence = 10.446 ms, UpperFence = 12.368 ms
ConfidenceInterval = [11.194 ms; 11.631 ms] (CI 99.9%), Margin = 0.219 ms (1.91% of Mean)
Skewness = -0.3, Kurtosis = 3.53, MValue = 2
-------------------- Histogram --------------------
[10.007 ms ; 10.317 ms) | @
[10.317 ms ; 10.645 ms) | @
[10.645 ms ; 10.976 ms) | @@@
[10.976 ms ; 11.325 ms) | @@@@@@@@@@@@@
[11.325 ms ; 11.635 ms) | @@@@@@@@@@@@@@@@@
[11.635 ms ; 11.953 ms) | @@@@@@@@@
[11.953 ms ; 12.430 ms) | @@@
---------------------------------------------------

Sorting.Sort_Kahn: DefaultJob [NumItems=1000, GraphType=Complex]
Runtime = .NET 9.0.11 (9.0.1125.51716), X64 RyuJIT AVX-512F+CD+BW+DQ+VL+VBMI; GC = Concurrent Workstation
Mean = 80.109 μs, StdErr = 0.418 μs (0.52%), N = 36, StdDev = 2.509 μs
Min = 75.793 μs, Q1 = 78.291 μs, Median = 79.892 μs, Q3 = 81.290 μs, Max = 85.670 μs
IQR = 2.999 μs, LowerFence = 73.792 μs, UpperFence = 85.788 μs
ConfidenceInterval = [78.608 μs; 81.611 μs] (CI 99.9%), Margin = 1.502 μs (1.87% of Mean)
Skewness = 0.66, Kurtosis = 2.6, MValue = 2.53
-------------------- Histogram --------------------
[75.268 μs ; 77.272 μs) | @@
[77.272 μs ; 79.267 μs) | @@@@@@@@@@@@@@@
[79.267 μs ; 81.897 μs) | @@@@@@@@@@@@@
[81.897 μs ; 83.968 μs) | @
[83.968 μs ; 85.963 μs) | @@@@@
---------------------------------------------------

Sorting.Sort_Original: DefaultJob [NumItems=1000, GraphType=Random]
Runtime = .NET 9.0.11 (9.0.1125.51716), X64 RyuJIT AVX-512F+CD+BW+DQ+VL+VBMI; GC = Concurrent Workstation
Mean = 4.242 ms, StdErr = 0.023 ms (0.55%), N = 38, StdDev = 0.145 ms
Min = 3.973 ms, Q1 = 4.140 ms, Median = 4.218 ms, Q3 = 4.353 ms, Max = 4.636 ms
IQR = 0.213 ms, LowerFence = 3.820 ms, UpperFence = 4.672 ms
ConfidenceInterval = [4.158 ms; 4.326 ms] (CI 99.9%), Margin = 0.084 ms (1.98% of Mean)
Skewness = 0.53, Kurtosis = 2.82, MValue = 2
-------------------- Histogram --------------------
[3.916 ms ; 4.036 ms) | @
[4.036 ms ; 4.163 ms) | @@@@@@@@@@
[4.163 ms ; 4.276 ms) | @@@@@@@@@@@@@@@
[4.276 ms ; 4.452 ms) | @@@@@@@@@
[4.452 ms ; 4.580 ms) | @@
[4.580 ms ; 4.693 ms) | @
---------------------------------------------------

Sorting.Sort_Kahn: DefaultJob [NumItems=1000, GraphType=Random]
Runtime = .NET 9.0.11 (9.0.1125.51716), X64 RyuJIT AVX-512F+CD+BW+DQ+VL+VBMI; GC = Concurrent Workstation
Mean = 63.810 μs, StdErr = 0.517 μs (0.81%), N = 100, StdDev = 5.169 μs
Min = 58.589 μs, Q1 = 60.106 μs, Median = 61.118 μs, Q3 = 68.109 μs, Max = 79.491 μs
IQR = 8.003 μs, LowerFence = 48.101 μs, UpperFence = 80.114 μs
ConfidenceInterval = [62.057 μs; 65.563 μs] (CI 99.9%), Margin = 1.753 μs (2.75% of Mean)
Skewness = 1.16, Kurtosis = 3.16, MValue = 2.65
-------------------- Histogram --------------------
[57.128 μs ; 59.445 μs) | @@@@@@
[59.445 μs ; 62.368 μs) | @@@@@@@@@@@@@@@@@@@@@@@@@@@@@@@@@@@@@@@@@@@@@@@@@@@@@@@@@@@
[62.368 μs ; 64.992 μs) | @@@@@@
[64.992 μs ; 66.832 μs) | 
[66.832 μs ; 69.712 μs) | @@@@@@@@@
[69.712 μs ; 72.636 μs) | @@@@@@@@@@@@@@
[72.636 μs ; 75.912 μs) | @@@@
[75.912 μs ; 77.701 μs) | 
[77.701 μs ; 80.953 μs) | @@
---------------------------------------------------

Sorting.Sort_Original: DefaultJob [NumItems=1000, GraphType=Chain]
Runtime = .NET 9.0.11 (9.0.1125.51716), X64 RyuJIT AVX-512F+CD+BW+DQ+VL+VBMI; GC = Concurrent Workstation
Mean = 7.360 ms, StdErr = 0.025 ms (0.34%), N = 13, StdDev = 0.091 ms
Min = 7.296 ms, Q1 = 7.300 ms, Median = 7.312 ms, Q3 = 7.412 ms, Max = 7.597 ms
IQR = 0.111 ms, LowerFence = 7.133 ms, UpperFence = 7.579 ms
ConfidenceInterval = [7.251 ms; 7.469 ms] (CI 99.9%), Margin = 0.109 ms (1.48% of Mean)
Skewness = 1.37, Kurtosis = 3.79, MValue = 2
-------------------- Histogram --------------------
[7.245 ms ; 7.393 ms) | @@@@@@@@@
[7.393 ms ; 7.647 ms) | @@@@
---------------------------------------------------

Sorting.Sort_Kahn: DefaultJob [NumItems=1000, GraphType=Chain]
Runtime = .NET 9.0.11 (9.0.1125.51716), X64 RyuJIT AVX-512F+CD+BW+DQ+VL+VBMI; GC = Concurrent Workstation
Mean = 62.705 μs, StdErr = 0.222 μs (0.35%), N = 13, StdDev = 0.800 μs
Min = 61.722 μs, Q1 = 62.007 μs, Median = 62.434 μs, Q3 = 63.157 μs, Max = 64.253 μs
IQR = 1.150 μs, LowerFence = 60.283 μs, UpperFence = 64.881 μs
ConfidenceInterval = [61.747 μs; 63.664 μs] (CI 99.9%), Margin = 0.959 μs (1.53% of Mean)
Skewness = 0.44, Kurtosis = 1.83, MValue = 2
-------------------- Histogram --------------------
[61.457 μs ; 62.830 μs) | @@@@@@@
[62.830 μs ; 64.700 μs) | @@@@@@
---------------------------------------------------

Sorting.Sort_Original: DefaultJob [NumItems=1000, GraphType=Star]
Runtime = .NET 9.0.11 (9.0.1125.51716), X64 RyuJIT AVX-512F+CD+BW+DQ+VL+VBMI; GC = Concurrent Workstation
Mean = 2.287 ms, StdErr = 0.011 ms (0.48%), N = 15, StdDev = 0.042 ms
Min = 2.242 ms, Q1 = 2.256 ms, Median = 2.269 ms, Q3 = 2.308 ms, Max = 2.389 ms
IQR = 0.052 ms, LowerFence = 2.178 ms, UpperFence = 2.386 ms
ConfidenceInterval = [2.242 ms; 2.332 ms] (CI 99.9%), Margin = 0.045 ms (1.98% of Mean)
Skewness = 0.98, Kurtosis = 2.89, MValue = 2
-------------------- Histogram --------------------
[2.235 ms ; 2.286 ms) | @@@@@@@@@
[2.286 ms ; 2.394 ms) | @@@@@@
---------------------------------------------------

Sorting.Sort_Kahn: DefaultJob [NumItems=1000, GraphType=Star]
Runtime = .NET 9.0.11 (9.0.1125.51716), X64 RyuJIT AVX-512F+CD+BW+DQ+VL+VBMI; GC = Concurrent Workstation
Mean = 45.562 μs, StdErr = 0.179 μs (0.39%), N = 15, StdDev = 0.693 μs
Min = 44.679 μs, Q1 = 44.931 μs, Median = 45.576 μs, Q3 = 45.879 μs, Max = 46.847 μs
IQR = 0.947 μs, LowerFence = 43.510 μs, UpperFence = 47.300 μs
ConfidenceInterval = [44.822 μs; 46.303 μs] (CI 99.9%), Margin = 0.740 μs (1.62% of Mean)
Skewness = 0.47, Kurtosis = 1.93, MValue = 2
-------------------- Histogram --------------------
[44.310 μs ; 45.725 μs) | @@@@@@@@@@
[45.725 μs ; 47.070 μs) | @@@@@
---------------------------------------------------

Sorting.Sort_Original: DefaultJob [NumItems=1000, GraphType=Independent]
Runtime = .NET 9.0.11 (9.0.1125.51716), X64 RyuJIT AVX-512F+CD+BW+DQ+VL+VBMI; GC = Concurrent Workstation
Mean = 1.437 ms, StdErr = 0.007 ms (0.50%), N = 25, StdDev = 0.036 ms
Min = 1.394 ms, Q1 = 1.413 ms, Median = 1.429 ms, Q3 = 1.441 ms, Max = 1.528 ms
IQR = 0.028 ms, LowerFence = 1.371 ms, UpperFence = 1.483 ms
ConfidenceInterval = [1.410 ms; 1.464 ms] (CI 99.9%), Margin = 0.027 ms (1.88% of Mean)
Skewness = 1.22, Kurtosis = 3.5, MValue = 2
-------------------- Histogram --------------------
[1.377 ms ; 1.435 ms) | @@@@@@@@@@@@@@@@@
[1.435 ms ; 1.467 ms) | @@@@
[1.467 ms ; 1.498 ms) | @
[1.498 ms ; 1.530 ms) | @@@
---------------------------------------------------

Sorting.Sort_Kahn: DefaultJob [NumItems=1000, GraphType=Independent]
Runtime = .NET 9.0.11 (9.0.1125.51716), X64 RyuJIT AVX-512F+CD+BW+DQ+VL+VBMI; GC = Concurrent Workstation
Mean = 24.045 μs, StdErr = 0.087 μs (0.36%), N = 14, StdDev = 0.326 μs
Min = 23.402 μs, Q1 = 23.872 μs, Median = 23.993 μs, Q3 = 24.275 μs, Max = 24.596 μs
IQR = 0.403 μs, LowerFence = 23.267 μs, UpperFence = 24.880 μs
ConfidenceInterval = [23.677 μs; 24.412 μs] (CI 99.9%), Margin = 0.367 μs (1.53% of Mean)
Skewness = -0.26, Kurtosis = 2.21, MValue = 2
-------------------- Histogram --------------------
[23.225 μs ; 23.890 μs) | @@@@
[23.890 μs ; 24.773 μs) | @@@@@@@@@@
---------------------------------------------------

Sorting.Sort_Original: DefaultJob [NumItems=2000, GraphType=Complex]
Runtime = .NET 9.0.11 (9.0.1125.51716), X64 RyuJIT AVX-512F+CD+BW+DQ+VL+VBMI; GC = Concurrent Workstation
Mean = 37.308 ms, StdErr = 0.306 ms (0.82%), N = 93, StdDev = 2.951 ms
Min = 30.778 ms, Q1 = 37.904 ms, Median = 38.413 ms, Q3 = 38.896 ms, Max = 40.581 ms
IQR = 0.992 ms, LowerFence = 36.417 ms, UpperFence = 40.384 ms
ConfidenceInterval = [36.268 ms; 38.349 ms] (CI 99.9%), Margin = 1.040 ms (2.79% of Mean)
Skewness = -1.33, Kurtosis = 3.16, MValue = 2
-------------------- Histogram --------------------
[30.730 ms ; 32.440 ms) | @@@@@@@@@@@@@@@
[32.440 ms ; 34.192 ms) | @@@@
[34.192 ms ; 35.902 ms) | 
[35.902 ms ; 37.615 ms) | 
[37.615 ms ; 39.325 ms) | @@@@@@@@@@@@@@@@@@@@@@@@@@@@@@@@@@@@@@@@@@@@@@@@@@@@@@@@@@@@
[39.325 ms ; 40.897 ms) | @@@@@@@@@@@@@@
---------------------------------------------------

Sorting.Sort_Kahn: DefaultJob [NumItems=2000, GraphType=Complex]
Runtime = .NET 9.0.11 (9.0.1125.51716), X64 RyuJIT AVX-512F+CD+BW+DQ+VL+VBMI; GC = Concurrent Workstation
Mean = 179.352 μs, StdErr = 1.009 μs (0.56%), N = 44, StdDev = 6.691 μs
Min = 170.312 μs, Q1 = 174.771 μs, Median = 177.267 μs, Q3 = 182.880 μs, Max = 194.791 μs
IQR = 8.109 μs, LowerFence = 162.608 μs, UpperFence = 195.043 μs
ConfidenceInterval = [175.789 μs; 182.914 μs] (CI 99.9%), Margin = 3.562 μs (1.99% of Mean)
Skewness = 0.91, Kurtosis = 2.83, MValue = 2.5
-------------------- Histogram --------------------
[167.824 μs ; 172.752 μs) | @@@@
[172.752 μs ; 177.727 μs) | @@@@@@@@@@@@@@@@@@@@
[177.727 μs ; 184.600 μs) | @@@@@@@@@@@@@
[184.600 μs ; 189.916 μs) | @
[189.916 μs ; 194.891 μs) | @@@@@@
---------------------------------------------------

Sorting.Sort_Original: DefaultJob [NumItems=2000, GraphType=Random]
Runtime = .NET 9.0.11 (9.0.1125.51716), X64 RyuJIT AVX-512F+CD+BW+DQ+VL+VBMI; GC = Concurrent Workstation
Mean = 13.156 ms, StdErr = 0.064 ms (0.49%), N = 18, StdDev = 0.273 ms
Min = 12.781 ms, Q1 = 12.957 ms, Median = 13.209 ms, Q3 = 13.295 ms, Max = 13.817 ms
IQR = 0.338 ms, LowerFence = 12.451 ms, UpperFence = 13.802 ms
ConfidenceInterval = [12.901 ms; 13.412 ms] (CI 99.9%), Margin = 0.255 ms (1.94% of Mean)
Skewness = 0.44, Kurtosis = 2.71, MValue = 2
-------------------- Histogram --------------------
[12.717 ms ; 13.043 ms) | @@@@@
[13.043 ms ; 13.316 ms) | @@@@@@@@@
[13.316 ms ; 13.954 ms) | @@@@
---------------------------------------------------

Sorting.Sort_Kahn: DefaultJob [NumItems=2000, GraphType=Random]
Runtime = .NET 9.0.11 (9.0.1125.51716), X64 RyuJIT AVX-512F+CD+BW+DQ+VL+VBMI; GC = Concurrent Workstation
Mean = 158.340 μs, StdErr = 0.897 μs (0.57%), N = 55, StdDev = 6.649 μs
Min = 148.884 μs, Q1 = 153.189 μs, Median = 157.119 μs, Q3 = 163.554 μs, Max = 172.459 μs
IQR = 10.365 μs, LowerFence = 137.641 μs, UpperFence = 179.101 μs
ConfidenceInterval = [155.220 μs; 161.460 μs] (CI 99.9%), Margin = 3.120 μs (1.97% of Mean)
Skewness = 0.48, Kurtosis = 1.99, MValue = 2
-------------------- Histogram --------------------
[148.417 μs ; 152.902 μs) | @@@@@@@@@@@@@
[152.902 μs ; 157.492 μs) | @@@@@@@@@@@@@@@@@@
[157.492 μs ; 164.400 μs) | @@@@@@@@@@@@
[164.400 μs ; 170.823 μs) | @@@@@@@@@@@
[170.823 μs ; 174.753 μs) | @
---------------------------------------------------

Sorting.Sort_Original: DefaultJob [NumItems=2000, GraphType=Chain]
Runtime = .NET 9.0.11 (9.0.1125.51716), X64 RyuJIT AVX-512F+CD+BW+DQ+VL+VBMI; GC = Concurrent Workstation
Mean = 36.843 ms, StdErr = 0.373 ms (1.01%), N = 100, StdDev = 3.733 ms
Min = 29.654 ms, Q1 = 35.242 ms, Median = 38.016 ms, Q3 = 39.089 ms, Max = 44.101 ms
IQR = 3.847 ms, LowerFence = 29.470 ms, UpperFence = 44.860 ms
ConfidenceInterval = [35.577 ms; 38.109 ms] (CI 99.9%), Margin = 1.266 ms (3.44% of Mean)
Skewness = -0.67, Kurtosis = 2.43, MValue = 2.71
-------------------- Histogram --------------------
[29.542 ms ; 31.654 ms) | @@@@@@@@@@@@@@@@@@
[31.654 ms ; 33.807 ms) | @@@@@@
[33.807 ms ; 35.471 ms) | @
[35.471 ms ; 37.518 ms) | @@@@@@@@@@@@@
[37.518 ms ; 39.630 ms) | @@@@@@@@@@@@@@@@@@@@@@@@@@@@@@@@@@@@@@@@@@@@@@@@
[39.630 ms ; 42.282 ms) | @@@@@@@@@@@
[42.282 ms ; 44.597 ms) | @@@
---------------------------------------------------

Sorting.Sort_Kahn: DefaultJob [NumItems=2000, GraphType=Chain]
Runtime = .NET 9.0.11 (9.0.1125.51716), X64 RyuJIT AVX-512F+CD+BW+DQ+VL+VBMI; GC = Concurrent Workstation
Mean = 165.423 μs, StdErr = 0.935 μs (0.57%), N = 51, StdDev = 6.678 μs
Min = 153.481 μs, Q1 = 161.002 μs, Median = 164.221 μs, Q3 = 169.046 μs, Max = 181.233 μs
IQR = 8.045 μs, LowerFence = 148.935 μs, UpperFence = 181.113 μs
ConfidenceInterval = [162.154 μs; 168.692 μs] (CI 99.9%), Margin = 3.269 μs (1.98% of Mean)
Skewness = 0.53, Kurtosis = 2.74, MValue = 2
-------------------- Histogram --------------------
[151.117 μs ; 158.987 μs) | @@@@@@@
[158.987 μs ; 163.715 μs) | @@@@@@@@@@@@@@@@@@
[163.715 μs ; 170.100 μs) | @@@@@@@@@@@@@@@@
[170.100 μs ; 176.838 μs) | @@@@@@@
[176.838 μs ; 182.499 μs) | @@@
---------------------------------------------------

Sorting.Sort_Original: DefaultJob [NumItems=2000, GraphType=Star]
Runtime = .NET 9.0.11 (9.0.1125.51716), X64 RyuJIT AVX-512F+CD+BW+DQ+VL+VBMI; GC = Concurrent Workstation
Mean = 13.114 ms, StdErr = 0.074 ms (0.56%), N = 40, StdDev = 0.465 ms
Min = 12.283 ms, Q1 = 12.799 ms, Median = 13.124 ms, Q3 = 13.355 ms, Max = 14.272 ms
IQR = 0.557 ms, LowerFence = 11.963 ms, UpperFence = 14.191 ms
ConfidenceInterval = [12.852 ms; 13.376 ms] (CI 99.9%), Margin = 0.262 ms (2.00% of Mean)
Skewness = 0.39, Kurtosis = 2.9, MValue = 2
-------------------- Histogram --------------------
[12.248 ms ; 12.581 ms) | @@@@@
[12.581 ms ; 12.939 ms) | @@@@@@@@@@@
[12.939 ms ; 13.452 ms) | @@@@@@@@@@@@@@@@@
[13.452 ms ; 13.970 ms) | @@@@
[13.970 ms ; 14.327 ms) | @@@
---------------------------------------------------

Sorting.Sort_Kahn: DefaultJob [NumItems=2000, GraphType=Star]
Runtime = .NET 9.0.11 (9.0.1125.51716), X64 RyuJIT AVX-512F+CD+BW+DQ+VL+VBMI; GC = Concurrent Workstation
Mean = 116.089 μs, StdErr = 0.671 μs (0.58%), N = 77, StdDev = 5.891 μs
Min = 101.236 μs, Q1 = 113.337 μs, Median = 116.453 μs, Q3 = 119.843 μs, Max = 127.501 μs
IQR = 6.506 μs, LowerFence = 103.578 μs, UpperFence = 129.603 μs
ConfidenceInterval = [113.791 μs; 118.387 μs] (CI 99.9%), Margin = 2.298 μs (1.98% of Mean)
Skewness = -0.62, Kurtosis = 2.95, MValue = 2.43
-------------------- Histogram --------------------
[ 99.958 μs ; 104.061 μs) | @@@
[104.061 μs ; 107.696 μs) | @@@@@@@@
[107.696 μs ; 111.962 μs) | @@
[111.962 μs ; 115.632 μs) | @@@@@@@@@@@@@@@@@
[115.632 μs ; 119.267 μs) | @@@@@@@@@@@@@@@@@@@@@@@@@
[119.267 μs ; 123.822 μs) | @@@@@@@@@@@@@@@@@
[123.822 μs ; 127.722 μs) | @@@@@
---------------------------------------------------

Sorting.Sort_Original: DefaultJob [NumItems=2000, GraphType=Independent]
Runtime = .NET 9.0.11 (9.0.1125.51716), X64 RyuJIT AVX-512F+CD+BW+DQ+VL+VBMI; GC = Concurrent Workstation
Mean = 8.326 ms, StdErr = 0.044 ms (0.52%), N = 27, StdDev = 0.226 ms
Min = 8.008 ms, Q1 = 8.164 ms, Median = 8.310 ms, Q3 = 8.449 ms, Max = 9.010 ms
IQR = 0.284 ms, LowerFence = 7.738 ms, UpperFence = 8.875 ms
ConfidenceInterval = [8.165 ms; 8.487 ms] (CI 99.9%), Margin = 0.161 ms (1.94% of Mean)
Skewness = 1.02, Kurtosis = 3.94, MValue = 2
-------------------- Histogram --------------------
[7.909 ms ; 8.136 ms) | @@@@
[8.136 ms ; 8.334 ms) | @@@@@@@@@@@@
[8.334 ms ; 8.544 ms) | @@@@@@@@
[8.544 ms ; 8.763 ms) | @@
[8.763 ms ; 9.108 ms) | @
---------------------------------------------------

Sorting.Sort_Kahn: DefaultJob [NumItems=2000, GraphType=Independent]
Runtime = .NET 9.0.11 (9.0.1125.51716), X64 RyuJIT AVX-512F+CD+BW+DQ+VL+VBMI; GC = Concurrent Workstation
Mean = 61.306 μs, StdErr = 0.239 μs (0.39%), N = 14, StdDev = 0.896 μs
Min = 59.438 μs, Q1 = 60.770 μs, Median = 61.113 μs, Q3 = 61.927 μs, Max = 62.867 μs
IQR = 1.156 μs, LowerFence = 59.036 μs, UpperFence = 63.661 μs
ConfidenceInterval = [60.295 μs; 62.316 μs] (CI 99.9%), Margin = 1.011 μs (1.65% of Mean)
Skewness = -0.16, Kurtosis = 2.34, MValue = 2
-------------------- Histogram --------------------
[58.950 μs ; 60.226 μs) | @
[60.226 μs ; 63.355 μs) | @@@@@@@@@@@@@
---------------------------------------------------

Sorting.Sort_Original: DefaultJob [NumItems=5000, GraphType=Complex]
Runtime = .NET 9.0.11 (9.0.1125.51716), X64 RyuJIT AVX-512F+CD+BW+DQ+VL+VBMI; GC = Concurrent Workstation
Mean = 183.094 ms, StdErr = 1.135 ms (0.62%), N = 98, StdDev = 11.232 ms
Min = 136.088 ms, Q1 = 178.510 ms, Median = 183.908 ms, Q3 = 189.261 ms, Max = 205.403 ms
IQR = 10.751 ms, LowerFence = 162.383 ms, UpperFence = 205.387 ms
ConfidenceInterval = [179.243 ms; 186.944 ms] (CI 99.9%), Margin = 3.851 ms (2.10% of Mean)
Skewness = -1.83, Kurtosis = 8.63, MValue = 2
-------------------- Histogram --------------------
[135.261 ms ; 141.656 ms) | @@@
[141.656 ms ; 148.051 ms) | 
[148.051 ms ; 154.447 ms) | 
[154.447 ms ; 159.469 ms) | 
[159.469 ms ; 166.912 ms) | @@
[166.912 ms ; 173.621 ms) | @@@@@
[173.621 ms ; 179.789 ms) | @@@@@@@@@@@@@@@@@
[179.789 ms ; 186.184 ms) | @@@@@@@@@@@@@@@@@@@@@@@@@@@@@@@@@
[186.184 ms ; 193.432 ms) | @@@@@@@@@@@@@@@@@@@@@@@@@
[193.432 ms ; 200.414 ms) | @@@@@@@@@@@
[200.414 ms ; 206.809 ms) | @@
---------------------------------------------------

Sorting.Sort_Kahn: DefaultJob [NumItems=5000, GraphType=Complex]
Runtime = .NET 9.0.11 (9.0.1125.51716), X64 RyuJIT AVX-512F+CD+BW+DQ+VL+VBMI; GC = Concurrent Workstation
Mean = 645.038 μs, StdErr = 4.167 μs (0.65%), N = 99, StdDev = 41.459 μs
Min = 545.003 μs, Q1 = 618.482 μs, Median = 643.380 μs, Q3 = 670.873 μs, Max = 732.506 μs
IQR = 52.391 μs, LowerFence = 539.896 μs, UpperFence = 749.459 μs
ConfidenceInterval = [630.902 μs; 659.174 μs] (CI 99.9%), Margin = 14.136 μs (2.19% of Mean)
Skewness = 0.01, Kurtosis = 2.56, MValue = 2.14
-------------------- Histogram --------------------
[533.241 μs ; 551.919 μs) | @
[551.919 μs ; 578.727 μs) | @@@@
[578.727 μs ; 605.344 μs) | @@@@@@@@@@
[605.344 μs ; 627.885 μs) | @@@@@@@@@@@@@@@@@
[627.885 μs ; 651.410 μs) | @@@@@@@@@@@@@@@@@@@@@@@@@@@@
[651.410 μs ; 675.126 μs) | @@@@@@@@@@@@@@@
[675.126 μs ; 708.112 μs) | @@@@@@@@@@@@@@@@@
[708.112 μs ; 733.317 μs) | @@@@@@@
---------------------------------------------------

Sorting.Sort_Original: DefaultJob [NumItems=5000, GraphType=Random]
Runtime = .NET 9.0.11 (9.0.1125.51716), X64 RyuJIT AVX-512F+CD+BW+DQ+VL+VBMI; GC = Concurrent Workstation
Mean = 78.192 ms, StdErr = 0.443 ms (0.57%), N = 50, StdDev = 3.135 ms
Min = 72.607 ms, Q1 = 75.979 ms, Median = 78.049 ms, Q3 = 80.380 ms, Max = 85.717 ms
IQR = 4.400 ms, LowerFence = 69.379 ms, UpperFence = 86.980 ms
ConfidenceInterval = [76.640 ms; 79.744 ms] (CI 99.9%), Margin = 1.552 ms (1.98% of Mean)
Skewness = 0.5, Kurtosis = 2.52, MValue = 2
-------------------- Histogram --------------------
[71.809 ms ; 74.042 ms) | @@@
[74.042 ms ; 76.847 ms) | @@@@@@@@@@@@@@@@@@@@
[76.847 ms ; 80.147 ms) | @@@@@@@@@@@@@@
[80.147 ms ; 82.646 ms) | @@@@@@@
[82.646 ms ; 84.880 ms) | @@@@@
[84.880 ms ; 86.834 ms) | @
---------------------------------------------------

Sorting.Sort_Kahn: DefaultJob [NumItems=5000, GraphType=Random]
Runtime = .NET 9.0.11 (9.0.1125.51716), X64 RyuJIT AVX-512F+CD+BW+DQ+VL+VBMI; GC = Concurrent Workstation
Mean = 584.651 μs, StdErr = 3.226 μs (0.55%), N = 35, StdDev = 19.088 μs
Min = 550.014 μs, Q1 = 572.377 μs, Median = 582.708 μs, Q3 = 595.831 μs, Max = 621.872 μs
IQR = 23.454 μs, LowerFence = 537.197 μs, UpperFence = 631.011 μs
ConfidenceInterval = [573.034 μs; 596.269 μs] (CI 99.9%), Margin = 11.617 μs (1.99% of Mean)
Skewness = 0.34, Kurtosis = 2.41, MValue = 2
-------------------- Histogram --------------------
[549.611 μs ; 564.929 μs) | @@@@@
[564.929 μs ; 583.995 μs) | @@@@@@@@@@@@@
[583.995 μs ; 606.680 μs) | @@@@@@@@@@@
[606.680 μs ; 621.997 μs) | @@@@@@
---------------------------------------------------

Sorting.Sort_Original: DefaultJob [NumItems=5000, GraphType=Chain]
Runtime = .NET 9.0.11 (9.0.1125.51716), X64 RyuJIT AVX-512F+CD+BW+DQ+VL+VBMI; GC = Concurrent Workstation
Mean = 191.901 ms, StdErr = 1.098 ms (0.57%), N = 53, StdDev = 7.996 ms
Min = 177.907 ms, Q1 = 185.742 ms, Median = 191.809 ms, Q3 = 197.041 ms, Max = 211.448 ms
IQR = 11.299 ms, LowerFence = 168.795 ms, UpperFence = 213.989 ms
ConfidenceInterval = [188.070 ms; 195.732 ms] (CI 99.9%), Margin = 3.831 ms (2.00% of Mean)
Skewness = 0.44, Kurtosis = 2.45, MValue = 3.53
-------------------- Histogram --------------------
[176.656 ms ; 182.208 ms) | @@@@
[182.208 ms ; 187.796 ms) | @@@@@@@@@@@@@@@@@
[187.796 ms ; 192.516 ms) | @@@@@@@
[192.516 ms ; 198.104 ms) | @@@@@@@@@@@@@@@@
[198.104 ms ; 203.203 ms) | @@
[203.203 ms ; 208.791 ms) | @@@@@@
[208.791 ms ; 214.242 ms) | @
---------------------------------------------------

Sorting.Sort_Kahn: DefaultJob [NumItems=5000, GraphType=Chain]
Runtime = .NET 9.0.11 (9.0.1125.51716), X64 RyuJIT AVX-512F+CD+BW+DQ+VL+VBMI; GC = Concurrent Workstation
Mean = 620.765 μs, StdErr = 2.963 μs (0.48%), N = 17, StdDev = 12.216 μs
Min = 597.437 μs, Q1 = 608.968 μs, Median = 622.903 μs, Q3 = 629.049 μs, Max = 644.498 μs
IQR = 20.081 μs, LowerFence = 578.847 μs, UpperFence = 659.170 μs
ConfidenceInterval = [608.870 μs; 632.661 μs] (CI 99.9%), Margin = 11.896 μs (1.92% of Mean)
Skewness = -0.13, Kurtosis = 2.1, MValue = 2
-------------------- Histogram --------------------
[595.020 μs ; 620.563 μs) | @@@@@@@
[620.563 μs ; 650.734 μs) | @@@@@@@@@@
---------------------------------------------------

Sorting.Sort_Original: DefaultJob [NumItems=5000, GraphType=Star]
Runtime = .NET 9.0.11 (9.0.1125.51716), X64 RyuJIT AVX-512F+CD+BW+DQ+VL+VBMI; GC = Concurrent Workstation
Mean = 76.771 ms, StdErr = 0.437 ms (0.57%), N = 55, StdDev = 3.242 ms
Min = 69.953 ms, Q1 = 74.196 ms, Median = 75.808 ms, Q3 = 78.866 ms, Max = 84.152 ms
IQR = 4.670 ms, LowerFence = 67.191 ms, UpperFence = 85.871 ms
ConfidenceInterval = [75.250 ms; 78.292 ms] (CI 99.9%), Margin = 1.521 ms (1.98% of Mean)
Skewness = 0.43, Kurtosis = 2.5, MValue = 3.05
-------------------- Histogram --------------------
[68.834 ms ; 71.073 ms) | @
[71.073 ms ; 73.659 ms) | @@@@@@@
[73.659 ms ; 75.897 ms) | @@@@@@@@@@@@@@@@@@@@@
[75.897 ms ; 77.523 ms) | @@@
[77.523 ms ; 79.761 ms) | @@@@@@@@@@@@@@
[79.761 ms ; 82.365 ms) | @@@@@@
[82.365 ms ; 85.271 ms) | @@@
---------------------------------------------------

Sorting.Sort_Kahn: DefaultJob [NumItems=5000, GraphType=Star]
Runtime = .NET 9.0.11 (9.0.1125.51716), X64 RyuJIT AVX-512F+CD+BW+DQ+VL+VBMI; GC = Concurrent Workstation
Mean = 397.419 μs, StdErr = 2.190 μs (0.55%), N = 39, StdDev = 13.677 μs
Min = 376.269 μs, Q1 = 387.657 μs, Median = 395.324 μs, Q3 = 408.490 μs, Max = 428.538 μs
IQR = 20.832 μs, LowerFence = 356.409 μs, UpperFence = 439.738 μs
ConfidenceInterval = [389.610 μs; 405.229 μs] (CI 99.9%), Margin = 7.809 μs (1.97% of Mean)
Skewness = 0.51, Kurtosis = 2.32, MValue = 2
-------------------- Histogram --------------------
[370.975 μs ; 380.509 μs) | @@@
[380.509 μs ; 391.096 μs) | @@@@@@@@@@@@@@
[391.096 μs ; 402.246 μs) | @@@@@@@@@
[402.246 μs ; 414.445 μs) | @@@@@@@@@
[414.445 μs ; 431.514 μs) | @@@@
---------------------------------------------------

Sorting.Sort_Original: DefaultJob [NumItems=5000, GraphType=Independent]
Runtime = .NET 9.0.11 (9.0.1125.51716), X64 RyuJIT AVX-512F+CD+BW+DQ+VL+VBMI; GC = Concurrent Workstation
Mean = 42.106 ms, StdErr = 0.215 ms (0.51%), N = 22, StdDev = 1.008 ms
Min = 40.248 ms, Q1 = 41.469 ms, Median = 42.108 ms, Q3 = 42.620 ms, Max = 44.845 ms
IQR = 1.151 ms, LowerFence = 39.742 ms, UpperFence = 44.347 ms
ConfidenceInterval = [41.286 ms; 42.927 ms] (CI 99.9%), Margin = 0.820 ms (1.95% of Mean)
Skewness = 0.61, Kurtosis = 3.52, MValue = 2
-------------------- Histogram --------------------
[39.776 ms ; 41.426 ms) | @@@@@
[41.426 ms ; 42.370 ms) | @@@@@@@@@@
[42.370 ms ; 43.278 ms) | @@@@@
[43.278 ms ; 44.373 ms) | @
[44.373 ms ; 45.317 ms) | @
---------------------------------------------------

Sorting.Sort_Kahn: DefaultJob [NumItems=5000, GraphType=Independent]
Runtime = .NET 9.0.11 (9.0.1125.51716), X64 RyuJIT AVX-512F+CD+BW+DQ+VL+VBMI; GC = Concurrent Workstation
Mean = 199.148 μs, StdErr = 1.131 μs (0.57%), N = 49, StdDev = 7.919 μs
Min = 185.325 μs, Q1 = 194.962 μs, Median = 199.088 μs, Q3 = 204.186 μs, Max = 215.951 μs
IQR = 9.224 μs, LowerFence = 181.125 μs, UpperFence = 218.023 μs
ConfidenceInterval = [195.183 μs; 203.114 μs] (CI 99.9%), Margin = 3.965 μs (1.99% of Mean)
Skewness = 0.19, Kurtosis = 2.5, MValue = 2.38
-------------------- Histogram --------------------
[184.726 μs ; 190.407 μs) | @@@@@@@@
[190.407 μs ; 199.537 μs) | @@@@@@@@@@@@@@@@@@@@@
[199.537 μs ; 206.197 μs) | @@@@@@@@@@@@@@
[206.197 μs ; 210.403 μs) | @
[210.403 μs ; 216.084 μs) | @@@@@
---------------------------------------------------

Sorting.Sort_Original: DefaultJob [NumItems=10000, GraphType=Complex]
Runtime = .NET 9.0.11 (9.0.1125.51716), X64 RyuJIT AVX-512F+CD+BW+DQ+VL+VBMI; GC = Concurrent Workstation
Mean = 934.390 ms, StdErr = 4.733 ms (0.51%), N = 23, StdDev = 22.697 ms
Min = 894.550 ms, Q1 = 919.815 ms, Median = 930.340 ms, Q3 = 947.127 ms, Max = 990.070 ms
IQR = 27.313 ms, LowerFence = 878.846 ms, UpperFence = 988.096 ms
ConfidenceInterval = [916.443 ms; 952.337 ms] (CI 99.9%), Margin = 17.947 ms (1.92% of Mean)
Skewness = 0.45, Kurtosis = 2.76, MValue = 2
-------------------- Histogram --------------------
[884.075 ms ;   924.265 ms) | @@@@@@@
[924.265 ms ;   945.215 ms) | @@@@@@@@@@
[945.215 ms ;   968.385 ms) | @@@@@
[968.385 ms ; 1,000.545 ms) | @
---------------------------------------------------

Sorting.Sort_Kahn: DefaultJob [NumItems=10000, GraphType=Complex]
Runtime = .NET 9.0.11 (9.0.1125.51716), X64 RyuJIT AVX-512F+CD+BW+DQ+VL+VBMI; GC = Concurrent Workstation
Mean = 1.557 ms, StdErr = 0.009 ms (0.56%), N = 41, StdDev = 0.055 ms
Min = 1.432 ms, Q1 = 1.519 ms, Median = 1.549 ms, Q3 = 1.595 ms, Max = 1.704 ms
IQR = 0.076 ms, LowerFence = 1.405 ms, UpperFence = 1.709 ms
ConfidenceInterval = [1.526 ms; 1.588 ms] (CI 99.9%), Margin = 0.031 ms (1.97% of Mean)
Skewness = 0.24, Kurtosis = 2.85, MValue = 2
-------------------- Histogram --------------------
[1.411 ms ; 1.470 ms) | @
[1.470 ms ; 1.518 ms) | @@@@@@@@
[1.518 ms ; 1.589 ms) | @@@@@@@@@@@@@@@@@@
[1.589 ms ; 1.631 ms) | @@@@@@@@@@@@
[1.631 ms ; 1.677 ms) | @
[1.677 ms ; 1.725 ms) | @
---------------------------------------------------

Sorting.Sort_Original: DefaultJob [NumItems=10000, GraphType=Random]
Runtime = .NET 9.0.11 (9.0.1125.51716), X64 RyuJIT AVX-512F+CD+BW+DQ+VL+VBMI; GC = Concurrent Workstation
Mean = 324.016 ms, StdErr = 1.869 ms (0.58%), N = 60, StdDev = 14.481 ms
Min = 295.393 ms, Q1 = 316.218 ms, Median = 321.335 ms, Q3 = 333.271 ms, Max = 355.266 ms
IQR = 17.053 ms, LowerFence = 290.639 ms, UpperFence = 358.851 ms
ConfidenceInterval = [317.541 ms; 330.490 ms] (CI 99.9%), Margin = 6.474 ms (2.00% of Mean)
Skewness = 0.4, Kurtosis = 2.57, MValue = 2.56
-------------------- Histogram --------------------
[292.712 ms ; 303.733 ms) | @@@
[303.733 ms ; 313.442 ms) | @@@@@@@@@@@
[313.442 ms ; 326.054 ms) | @@@@@@@@@@@@@@@@@@@@@@@@@
[326.054 ms ; 336.214 ms) | @@@@@@@@@@
[336.214 ms ; 343.639 ms) | @@
[343.639 ms ; 360.121 ms) | @@@@@@@@@
---------------------------------------------------

Sorting.Sort_Kahn: DefaultJob [NumItems=10000, GraphType=Random]
Runtime = .NET 9.0.11 (9.0.1125.51716), X64 RyuJIT AVX-512F+CD+BW+DQ+VL+VBMI; GC = Concurrent Workstation
Mean = 1.382 ms, StdErr = 0.008 ms (0.55%), N = 34, StdDev = 0.045 ms
Min = 1.307 ms, Q1 = 1.355 ms, Median = 1.375 ms, Q3 = 1.413 ms, Max = 1.492 ms
IQR = 0.058 ms, LowerFence = 1.268 ms, UpperFence = 1.499 ms
ConfidenceInterval = [1.355 ms; 1.410 ms] (CI 99.9%), Margin = 0.028 ms (2.00% of Mean)
Skewness = 0.51, Kurtosis = 2.72, MValue = 2
-------------------- Histogram --------------------
[1.302 ms ; 1.342 ms) | @@@@@
[1.342 ms ; 1.384 ms) | @@@@@@@@@@@@@
[1.384 ms ; 1.420 ms) | @@@@@@@@@@@
[1.420 ms ; 1.467 ms) | @@@
[1.467 ms ; 1.510 ms) | @@
---------------------------------------------------

Sorting.Sort_Original: DefaultJob [NumItems=10000, GraphType=Chain]
Runtime = .NET 9.0.11 (9.0.1125.51716), X64 RyuJIT AVX-512F+CD+BW+DQ+VL+VBMI; GC = Concurrent Workstation
Mean = 937.345 ms, StdErr = 4.559 ms (0.49%), N = 31, StdDev = 25.382 ms
Min = 902.112 ms, Q1 = 919.747 ms, Median = 933.642 ms, Q3 = 952.978 ms, Max = 994.111 ms
IQR = 33.231 ms, LowerFence = 869.901 ms, UpperFence = 1,002.824 ms
ConfidenceInterval = [920.724 ms; 953.966 ms] (CI 99.9%), Margin = 16.621 ms (1.77% of Mean)
Skewness = 0.63, Kurtosis = 2.53, MValue = 2
-------------------- Histogram --------------------
[899.814 ms ; 920.579 ms) | @@@@@@@@
[920.579 ms ; 941.789 ms) | @@@@@@@@@@@@@
[941.789 ms ; 969.104 ms) | @@@@@@
[969.104 ms ; 994.461 ms) | @@@@
---------------------------------------------------

Sorting.Sort_Kahn: DefaultJob [NumItems=10000, GraphType=Chain]
Runtime = .NET 9.0.11 (9.0.1125.51716), X64 RyuJIT AVX-512F+CD+BW+DQ+VL+VBMI; GC = Concurrent Workstation
Mean = 1.496 ms, StdErr = 0.009 ms (0.57%), N = 57, StdDev = 0.064 ms
Min = 1.355 ms, Q1 = 1.451 ms, Median = 1.493 ms, Q3 = 1.535 ms, Max = 1.625 ms
IQR = 0.084 ms, LowerFence = 1.325 ms, UpperFence = 1.662 ms
ConfidenceInterval = [1.466 ms; 1.525 ms] (CI 99.9%), Margin = 0.030 ms (1.97% of Mean)
Skewness = 0.01, Kurtosis = 2.36, MValue = 2
-------------------- Histogram --------------------
[1.342 ms ; 1.386 ms) | @@@
[1.386 ms ; 1.438 ms) | @@@@@
[1.438 ms ; 1.482 ms) | @@@@@@@@@@@@@@@@@@@
[1.482 ms ; 1.536 ms) | @@@@@@@@@@@@@@@@
[1.536 ms ; 1.593 ms) | @@@@@@@@@@
[1.593 ms ; 1.635 ms) | @@@@
---------------------------------------------------

Sorting.Sort_Original: DefaultJob [NumItems=10000, GraphType=Star]
Runtime = .NET 9.0.11 (9.0.1125.51716), X64 RyuJIT AVX-512F+CD+BW+DQ+VL+VBMI; GC = Concurrent Workstation
Mean = 313.212 ms, StdErr = 1.649 ms (0.53%), N = 30, StdDev = 9.030 ms
Min = 294.424 ms, Q1 = 308.252 ms, Median = 311.318 ms, Q3 = 318.618 ms, Max = 332.627 ms
IQR = 10.366 ms, LowerFence = 292.702 ms, UpperFence = 334.168 ms
ConfidenceInterval = [307.179 ms; 319.244 ms] (CI 99.9%), Margin = 6.033 ms (1.93% of Mean)
Skewness = 0.39, Kurtosis = 2.61, MValue = 2
-------------------- Histogram --------------------
[290.610 ms ; 299.523 ms) | @
[299.523 ms ; 306.152 ms) | @@@@
[306.152 ms ; 313.780 ms) | @@@@@@@@@@@@@@
[313.780 ms ; 323.422 ms) | @@@@@@@
[323.422 ms ; 332.767 ms) | @@@@
---------------------------------------------------

Sorting.Sort_Kahn: DefaultJob [NumItems=10000, GraphType=Star]
Runtime = .NET 9.0.11 (9.0.1125.51716), X64 RyuJIT AVX-512F+CD+BW+DQ+VL+VBMI; GC = Concurrent Workstation
Mean = 911.439 μs, StdErr = 4.786 μs (0.53%), N = 24, StdDev = 23.445 μs
Min = 871.299 μs, Q1 = 893.598 μs, Median = 915.720 μs, Q3 = 928.130 μs, Max = 957.105 μs
IQR = 34.532 μs, LowerFence = 841.801 μs, UpperFence = 979.928 μs
ConfidenceInterval = [893.408 μs; 929.470 μs] (CI 99.9%), Margin = 18.031 μs (1.98% of Mean)
Skewness = 0.04, Kurtosis = 1.86, MValue = 2
-------------------- Histogram --------------------
[860.631 μs ; 879.690 μs) | @@
[879.690 μs ; 901.026 μs) | @@@@@@@@
[901.026 μs ; 933.240 μs) | @@@@@@@@@@@
[933.240 μs ; 960.638 μs) | @@@
---------------------------------------------------

Sorting.Sort_Original: DefaultJob [NumItems=10000, GraphType=Independent]
Runtime = .NET 9.0.11 (9.0.1125.51716), X64 RyuJIT AVX-512F+CD+BW+DQ+VL+VBMI; GC = Concurrent Workstation
Mean = 159.912 ms, StdErr = 0.902 ms (0.56%), N = 45, StdDev = 6.054 ms
Min = 147.936 ms, Q1 = 155.406 ms, Median = 159.057 ms, Q3 = 163.197 ms, Max = 174.549 ms
IQR = 7.791 ms, LowerFence = 143.719 ms, UpperFence = 174.883 ms
ConfidenceInterval = [156.731 ms; 163.094 ms] (CI 99.9%), Margin = 3.182 ms (1.99% of Mean)
Skewness = 0.48, Kurtosis = 2.74, MValue = 2
-------------------- Histogram --------------------
[147.547 ms ; 152.433 ms) | @@@
[152.433 ms ; 156.900 ms) | @@@@@@@@@@@@
[156.900 ms ; 162.588 ms) | @@@@@@@@@@@@@@@@@
[162.588 ms ; 168.476 ms) | @@@@@@@
[168.476 ms ; 172.944 ms) | @@@@@
[172.944 ms ; 176.783 ms) | @
---------------------------------------------------

Sorting.Sort_Kahn: DefaultJob [NumItems=10000, GraphType=Independent]
Runtime = .NET 9.0.11 (9.0.1125.51716), X64 RyuJIT AVX-512F+CD+BW+DQ+VL+VBMI; GC = Concurrent Workstation
Mean = 507.657 μs, StdErr = 2.248 μs (0.44%), N = 12, StdDev = 7.789 μs
Min = 495.885 μs, Q1 = 501.209 μs, Median = 507.090 μs, Q3 = 514.817 μs, Max = 517.732 μs
IQR = 13.609 μs, LowerFence = 480.796 μs, UpperFence = 535.230 μs
ConfidenceInterval = [497.680 μs; 517.633 μs] (CI 99.9%), Margin = 9.976 μs (1.97% of Mean)
Skewness = -0.19, Kurtosis = 1.35, MValue = 2
-------------------- Histogram --------------------
[493.932 μs ; 505.948 μs) | @@@@
[505.948 μs ; 522.197 μs) | @@@@@@@@
---------------------------------------------------

// * Summary *

BenchmarkDotNet v0.15.2, Linux CachyOS
AMD Ryzen 7 9800X3D 5.27GHz, 1 CPU, 16 logical and 8 physical cores
.NET SDK 10.0.100
  [Host]     : .NET 9.0.11 (9.0.1125.51716), X64 RyuJIT AVX-512F+CD+BW+DQ+VL+VBMI
  DefaultJob : .NET 9.0.11 (9.0.1125.51716), X64 RyuJIT AVX-512F+CD+BW+DQ+VL+VBMI


| Method        | NumItems | GraphType   | Mean           | Error          | StdDev         | Median         | Ratio | RatioSD | Gen0     | Gen1     | Gen2     | Allocated   | Alloc Ratio |
|-------------- |--------- |------------ |---------------:|---------------:|---------------:|---------------:|------:|--------:|---------:|---------:|---------:|------------:|------------:|
| Sort_Original | 100      | Complex     |     281.422 μs |     21.2616 μs |     62.6902 μs |     306.467 μs |  1.06 |    0.35 |   2.9297 |   0.2441 |        - |   150.41 KB |        1.00 |
| Sort_Kahn     | 100      | Complex     |       8.652 μs |      0.1720 μs |      0.4880 μs |       8.598 μs |  0.03 |    0.01 |   0.3815 |   0.0153 |        - |     18.7 KB |        0.12 |
|               |          |             |                |                |                |                |       |         |          |          |          |             |             |
| Sort_Original | 100      | Random      |     113.862 μs |      2.7675 μs |      8.0730 μs |     113.573 μs |  1.01 |    0.10 |   0.7324 |        - |        - |    36.16 KB |        1.00 |
| Sort_Kahn     | 100      | Random      |       6.318 μs |      0.1150 μs |      0.2216 μs |       6.298 μs |  0.06 |    0.00 |   0.2823 |        - |        - |    13.99 KB |        0.39 |
|               |          |             |                |                |                |                |       |         |          |          |          |             |             |
| Sort_Original | 100      | Chain       |     158.508 μs |      3.3902 μs |      9.9430 μs |     156.255 μs |  1.00 |    0.09 |   0.7324 |        - |        - |    36.56 KB |        1.00 |
| Sort_Kahn     | 100      | Chain       |       6.429 μs |      0.1127 μs |      0.1616 μs |       6.437 μs |  0.04 |    0.00 |   0.2823 |        - |        - |    14.13 KB |        0.39 |
|               |          |             |                |                |                |                |       |         |          |          |          |             |             |
| Sort_Original | 100      | Star        |      76.173 μs |      1.7318 μs |      5.0790 μs |      75.360 μs |  1.00 |    0.09 |   0.7324 |        - |        - |    37.41 KB |        1.00 |
| Sort_Kahn     | 100      | Star        |       6.115 μs |      0.1217 μs |      0.2723 μs |       6.110 μs |  0.08 |    0.01 |   0.2518 |   0.0076 |        - |    12.47 KB |        0.33 |
|               |          |             |                |                |                |                |       |         |          |          |          |             |             |
| Sort_Original | 100      | Independent |      49.181 μs |      0.9729 μs |      2.3498 μs |      48.999 μs |  1.00 |    0.07 |   0.6714 |        - |        - |    33.65 KB |        1.00 |
| Sort_Kahn     | 100      | Independent |       3.069 μs |      0.0584 μs |      0.1377 μs |       3.065 μs |  0.06 |    0.00 |   0.2289 |   0.0038 |        - |    11.34 KB |        0.34 |
|               |          |             |                |                |                |                |       |         |          |          |          |             |             |
| Sort_Original | 1000     | Complex     |  11,412.300 μs |    218.5298 μs |    426.2256 μs |  11,401.018 μs | 1.001 |    0.05 |        - |        - |        - |   717.05 KB |        1.00 |
| Sort_Kahn     | 1000     | Complex     |      80.109 μs |      1.5017 μs |      2.5091 μs |      79.892 μs | 0.007 |    0.00 |   2.9297 |   0.7324 |        - |   149.03 KB |        0.21 |
|               |          |             |                |                |                |                |       |         |          |          |          |             |             |
| Sort_Original | 1000     | Random      |   4,241.756 μs |     83.9593 μs |    144.8257 μs |   4,217.917 μs |  1.00 |    0.05 |   7.8125 |        - |        - |   387.39 KB |        1.00 |
| Sort_Kahn     | 1000     | Random      |      63.810 μs |      1.7531 μs |      5.1690 μs |      61.118 μs |  0.02 |    0.00 |   2.6855 |   0.6104 |        - |   134.59 KB |        0.35 |
|               |          |             |                |                |                |                |       |         |          |          |          |             |             |
| Sort_Original | 1000     | Chain       |   7,359.756 μs |    109.0009 μs |     91.0207 μs |   7,311.955 μs | 1.000 |    0.02 |   7.8125 |        - |        - |   390.75 KB |        1.00 |
| Sort_Kahn     | 1000     | Chain       |      62.705 μs |      0.9585 μs |      0.8004 μs |      62.434 μs | 0.009 |    0.00 |   2.8076 |   0.4883 |        - |   138.03 KB |        0.35 |
|               |          |             |                |                |                |                |       |         |          |          |          |             |             |
| Sort_Original | 1000     | Star        |   2,287.004 μs |     45.3083 μs |     42.3814 μs |   2,268.893 μs |  1.00 |    0.03 |   3.9063 |        - |        - |   222.49 KB |        1.00 |
| Sort_Kahn     | 1000     | Star        |      45.562 μs |      0.7404 μs |      0.6926 μs |      45.576 μs |  0.02 |    0.00 |   2.3193 |   0.4272 |        - |   115.36 KB |        0.52 |
|               |          |             |                |                |                |                |       |         |          |          |          |             |             |
| Sort_Original | 1000     | Independent |   1,437.005 μs |     26.9539 μs |     35.9827 μs |   1,429.167 μs |  1.00 |    0.03 |   3.9063 |        - |        - |   190.98 KB |        1.00 |
| Sort_Kahn     | 1000     | Independent |      24.045 μs |      0.3675 μs |      0.3258 μs |      23.993 μs |  0.02 |    0.00 |   2.1667 |   0.4272 |        - |   107.16 KB |        0.56 |
|               |          |             |                |                |                |                |       |         |          |          |          |             |             |
| Sort_Original | 2000     | Complex     |  37,308.430 μs |  1,040.3429 μs |  2,951.2799 μs |  38,413.021 μs | 1.007 |    0.12 |        - |        - |        - |  1348.78 KB |        1.00 |
| Sort_Kahn     | 2000     | Complex     |     179.352 μs |      3.5625 μs |      6.6911 μs |     177.267 μs | 0.005 |    0.00 |   5.8594 |   2.6855 |        - |   298.11 KB |        0.22 |
|               |          |             |                |                |                |                |       |         |          |          |          |             |             |
| Sort_Original | 2000     | Random      |  13,156.197 μs |    255.3664 μs |    273.2392 μs |  13,208.597 μs |  1.00 |    0.03 |  15.6250 |        - |        - |   813.08 KB |        1.00 |
| Sort_Kahn     | 2000     | Random      |     158.340 μs |      3.1200 μs |      6.6490 μs |     157.119 μs |  0.01 |    0.00 |   5.3711 |   1.7090 |        - |   273.23 KB |        0.34 |
|               |          |             |                |                |                |                |       |         |          |          |          |             |             |
| Sort_Original | 2000     | Chain       |  36,843.217 μs |  1,266.1426 μs |  3,733.2502 μs |  38,016.259 μs | 1.011 |    0.15 |        - |        - |        - |   819.07 KB |        1.00 |
| Sort_Kahn     | 2000     | Chain       |     165.423 μs |      3.2693 μs |      6.6783 μs |     164.221 μs | 0.005 |    0.00 |   5.6152 |   1.7090 |        - |   279.09 KB |        0.34 |
|               |          |             |                |                |                |                |       |         |          |          |          |             |             |
| Sort_Original | 2000     | Star        |  13,113.950 μs |    261.7456 μs |    465.2527 μs |  13,123.709 μs | 1.001 |    0.05 |        - |        - |        - |   440.17 KB |        1.00 |
| Sort_Kahn     | 2000     | Star        |     116.089 μs |      2.2981 μs |      5.8910 μs |     116.453 μs | 0.009 |    0.00 |   4.7607 |   0.8545 |        - |    233.4 KB |        0.53 |
|               |          |             |                |                |                |                |       |         |          |          |          |             |             |
| Sort_Original | 2000     | Independent |   8,325.821 μs |    161.2766 μs |    226.0873 μs |   8,309.980 μs | 1.001 |    0.04 |        - |        - |        - |   376.95 KB |        1.00 |
| Sort_Kahn     | 2000     | Independent |      61.306 μs |      1.0105 μs |      0.8958 μs |      61.113 μs | 0.007 |    0.00 |   4.3945 |   1.0986 |        - |   217.18 KB |        0.58 |
|               |          |             |                |                |                |                |       |         |          |          |          |             |             |
| Sort_Original | 5000     | Complex     | 183,093.820 μs |  3,850.5353 μs | 11,232.1931 μs | 183,907.964 μs | 1.004 |    0.09 |        - |        - |        - | 14840.27 KB |        1.00 |
| Sort_Kahn     | 5000     | Complex     |     645.038 μs |     14.1360 μs |     41.4585 μs |     643.380 μs | 0.004 |    0.00 |  42.9688 |  42.9688 |  42.9688 |   764.33 KB |        0.05 |
|               |          |             |                |                |                |                |       |         |          |          |          |             |             |
| Sort_Original | 5000     | Random      |  78,191.870 μs |  1,551.8513 μs |  3,134.8164 μs |  78,048.535 μs | 1.002 |    0.06 | 125.0000 | 125.0000 | 125.0000 |  2160.76 KB |        1.00 |
| Sort_Kahn     | 5000     | Random      |     584.651 μs |     11.6173 μs |     19.0876 μs |     582.708 μs | 0.007 |    0.00 |  42.9688 |  42.9688 |  42.9688 |   685.56 KB |        0.32 |
|               |          |             |                |                |                |                |       |         |          |          |          |             |             |
| Sort_Original | 5000     | Chain       | 191,900.851 μs |  3,830.7835 μs |  7,996.2724 μs | 191,809.320 μs | 1.002 |    0.06 |        - |        - |        - | 13590.72 KB |        1.00 |
| Sort_Kahn     | 5000     | Chain       |     620.765 μs |     11.8955 μs |     12.2158 μs |     622.903 μs | 0.003 |    0.00 |  42.9688 |  42.9688 |  42.9688 |   697.25 KB |        0.05 |
|               |          |             |                |                |                |                |       |         |          |          |          |             |             |
| Sort_Original | 5000     | Star        |  76,770.986 μs |  1,521.4785 μs |  3,242.3950 μs |  75,807.762 μs | 1.002 |    0.06 |        - |        - |        - |  1156.79 KB |        1.00 |
| Sort_Kahn     | 5000     | Star        |     397.419 μs |      7.8094 μs |     13.6775 μs |     395.324 μs | 0.005 |    0.00 |  43.4570 |  43.4570 |  43.4570 |   630.47 KB |        0.55 |
|               |          |             |                |                |                |                |       |         |          |          |          |             |             |
| Sort_Original | 5000     | Independent |  42,106.362 μs |    820.4976 μs |  1,007.6448 μs |  42,107.627 μs | 1.001 |    0.03 |  76.9231 |  76.9231 |  76.9231 |   995.29 KB |        1.00 |
| Sort_Kahn     | 5000     | Independent |     199.148 μs |      3.9652 μs |      7.9190 μs |     199.088 μs | 0.005 |    0.00 |  43.4570 |  43.4570 |  43.4570 |    566.2 KB |        0.57 |
|               |          |             |                |                |                |                |       |         |          |          |          |             |             |
| Sort_Original | 10000    | Complex     | 934,390.061 μs | 17,946.8597 μs | 22,697.0332 μs | 930,340.027 μs | 1.001 |    0.03 |        - |        - |        - | 36912.93 KB |        1.00 |
| Sort_Kahn     | 10000    | Complex     |   1,557.182 μs |     30.7345 μs |     55.4207 μs |   1,549.222 μs | 0.002 |    0.00 |  76.1719 |  76.1719 |  76.1719 |  1482.09 KB |        0.04 |
|               |          |             |                |                |                |                |       |         |          |          |          |             |             |
| Sort_Original | 10000    | Random      | 324,015.655 μs |  6,474.3618 μs | 14,480.8390 μs | 321,334.595 μs | 1.002 |    0.06 |        - |        - |        - |  4698.92 KB |        1.00 |
| Sort_Kahn     | 10000    | Random      |   1,382.450 μs |     27.6072 μs |     44.5805 μs |   1,375.095 μs | 0.004 |    0.00 |  76.1719 |  76.1719 |  76.1719 |  1320.89 KB |        0.28 |
|               |          |             |                |                |                |                |       |         |          |          |          |             |             |
| Sort_Original | 10000    | Chain       | 937,345.113 μs | 16,620.7430 μs | 25,381.6321 μs | 933,641.622 μs | 1.001 |    0.04 |        - |        - |        - | 36142.34 KB |        1.00 |
| Sort_Kahn     | 10000    | Chain       |   1,495.726 μs |     29.5203 μs |     64.1748 μs |   1,492.918 μs | 0.002 |    0.00 |  76.1719 |  76.1719 |  76.1719 |  1350.97 KB |        0.04 |
|               |          |             |                |                |                |                |       |         |          |          |          |             |             |
| Sort_Original | 10000    | Star        | 313,211.526 μs |  6,032.9096 μs |  9,029.7758 μs | 311,318.077 μs | 1.001 |    0.04 |        - |        - |        - |  2915.87 KB |        1.00 |
| Sort_Kahn     | 10000    | Star        |     911.439 μs |     18.0309 μs |     23.4453 μs |     915.720 μs | 0.003 |    0.00 |  76.1719 |  76.1719 |  76.1719 |  1216.92 KB |        0.42 |
|               |          |             |                |                |                |                |       |         |          |          |          |             |             |
| Sort_Original | 10000    | Independent | 159,912.435 μs |  3,181.7181 μs |  6,053.5499 μs | 159,057.451 μs | 1.001 |    0.05 |        - |        - |        - |  2601.52 KB |        1.00 |
| Sort_Kahn     | 10000    | Independent |     507.657 μs |      9.9763 μs |      7.7888 μs |     507.090 μs | 0.003 |    0.00 |  76.1719 |  76.1719 |  76.1719 |  1088.64 KB |        0.42 |

// * Warnings *
MultimodalDistribution
  Sorting.Sort_Original: Default -> It seems that the distribution is bimodal (mValue = 3.33)
  Sorting.Sort_Kahn: Default     -> It seems that the distribution can have several modes (mValue = 2.89)
  Sorting.Sort_Original: Default -> It seems that the distribution is bimodal (mValue = 3.53)
  Sorting.Sort_Original: Default -> It seems that the distribution can have several modes (mValue = 3.05)

// * Hints *
Outliers
  Sorting.Sort_Kahn: Default     -> 1 outlier  was  removed (10.24 μs)
  Sorting.Sort_Original: Default -> 2 outliers were removed (133.86 μs, 144.50 μs)
  Sorting.Sort_Kahn: Default     -> 4 outliers were removed (7.01 μs..7.18 μs)
  Sorting.Sort_Original: Default -> 1 outlier  was  removed (187.18 μs)
  Sorting.Sort_Kahn: Default     -> 2 outliers were removed (7.00 μs, 7.17 μs)
  Sorting.Sort_Original: Default -> 1 outlier  was  removed (96.00 μs)
  Sorting.Sort_Original: Default -> 2 outliers were removed (56.52 μs, 57.24 μs)
  Sorting.Sort_Kahn: Default     -> 1 outlier  was  removed (3.46 μs)
  Sorting.Sort_Original: Default -> 2 outliers were removed, 3 outliers were detected (10.16 ms, 12.61 ms, 12.64 ms)
  Sorting.Sort_Kahn: Default     -> 3 outliers were removed (86.43 μs..87.71 μs)
  Sorting.Sort_Original: Default -> 5 outliers were removed (4.79 ms..5.02 ms)
  Sorting.Sort_Original: Default -> 2 outliers were removed (7.73 ms, 7.87 ms)
  Sorting.Sort_Kahn: Default     -> 4 outliers were removed (67.59 μs..132.25 μs)
  Sorting.Sort_Original: Default -> 2 outliers were removed (2.62 ms, 2.65 ms)
  Sorting.Sort_Original: Default -> 4 outliers were removed (1.60 ms..1.62 ms)
  Sorting.Sort_Kahn: Default     -> 1 outlier  was  removed (25.79 μs)
  Sorting.Sort_Original: Default -> 7 outliers were removed, 26 outliers were detected (30.78 ms..34.05 ms, 40.66 ms..41.07 ms)
  Sorting.Sort_Original: Default -> 3 outliers were removed (14.34 ms..14.37 ms)
  Sorting.Sort_Kahn: Default     -> 2 outliers were removed (182.34 μs, 183.33 μs)
  Sorting.Sort_Original: Default -> 4 outliers were removed (14.49 ms..15.04 ms)
  Sorting.Sort_Kahn: Default     -> 1 outlier  was  removed, 4 outliers were detected (101.24 μs..102.32 μs, 132.05 μs)
  Sorting.Sort_Original: Default -> 4 outliers were removed (9.13 ms..9.68 ms)
  Sorting.Sort_Kahn: Default     -> 1 outlier  was  removed (69.22 μs)
  Sorting.Sort_Original: Default -> 2 outliers were removed, 6 outliers were detected (136.09 ms..159.50 ms, 207.39 ms, 208.85 ms)
  Sorting.Sort_Kahn: Default     -> 1 outlier  was  removed (775.77 μs)
  Sorting.Sort_Original: Default -> 2 outliers were removed (225.30 ms, 294.88 ms)
  Sorting.Sort_Kahn: Default     -> 4 outliers were removed (664.23 μs..718.63 μs)
  Sorting.Sort_Original: Default -> 1 outlier  was  removed (87.89 ms)
  Sorting.Sort_Original: Default -> 2 outliers were removed (46.30 ms, 47.43 ms)
  Sorting.Sort_Kahn: Default     -> 2 outliers were removed (218.91 μs, 228.65 μs)
  Sorting.Sort_Original: Default -> 1 outlier  was  removed (1.02 s)
  Sorting.Sort_Kahn: Default     -> 1 outlier  was  removed (1.74 ms)
  Sorting.Sort_Original: Default -> 3 outliers were removed (1.01 s..1.02 s)
  Sorting.Sort_Kahn: Default     -> 3 outliers were removed (542.79 μs..576.23 μs)

// * Legends *
  NumItems    : Value of the 'NumItems' parameter
  GraphType   : Value of the 'GraphType' parameter
  Mean        : Arithmetic mean of all measurements
  Error       : Half of 99.9% confidence interval
  StdDev      : Standard deviation of all measurements
  Median      : Value separating the higher half of all measurements (50th percentile)
  Ratio       : Mean of the ratio distribution ([Current]/[Baseline])
  RatioSD     : Standard deviation of the ratio distribution ([Current]/[Baseline])
  Gen0        : GC Generation 0 collects per 1000 operations
  Gen1        : GC Generation 1 collects per 1000 operations
  Gen2        : GC Generation 2 collects per 1000 operations
  Allocated   : Allocated memory per single operation (managed only, inclusive, 1KB = 1024B)
  Alloc Ratio : Allocated memory ratio distribution ([Current]/[Baseline])
  1 μs        : 1 Microsecond (0.000001 sec)

// * Diagnostic Output - MemoryDiagnoser *


// ***** BenchmarkRunner: End *****
Run time: 00:31:48 (1908.43 sec), executed benchmarks: 50

Global total time: 00:33:26 (2006.07 sec), executed benchmarks: 50
// * Artifacts cleanup *
Artifacts cleanup is finished
